/scratch/jp09/dd9648/.venv-llava-video/lib64/python3.12/site-packages/transformers/utils/hub.py:124: FutureWarning: Using `TRANSFORMERS_CACHE` is deprecated and will be removed in v5 of Transformers. Use `HF_HOME` instead.
  warnings.warn(
/scratch/jp09/dd9648/.venv-llava-video/lib64/python3.12/site-packages/timm/models/layers/__init__.py:49: FutureWarning: Importing from timm.models.layers is deprecated, please import via timm.layers
  warnings.warn(f"Importing from {__name__} is deprecated, please import via timm.layers", FutureWarning)
Special tokens have been added in the vocabulary, make sure the associated word embeddings are fine-tuned or trained.
You are using a model of type llava to instantiate a model of type llava_qwen. This is not supported for all configurations of models and can yield errors.
/scratch/jp09/dd9648/.venv-llava-video/lib64/python3.12/site-packages/transformers/modeling_utils.py:622: UserWarning: for vision_model.embeddings.patch_embedding.weight: copying from a non-meta parameter in the checkpoint to a meta parameter in the current model, which is a no-op. (Did you mean to pass `assign=True` to assign items in the state dictionary to their corresponding key in the module instead of copying them in place?)
  module._load_from_state_dict(*args)
/scratch/jp09/dd9648/.venv-llava-video/lib64/python3.12/site-packages/transformers/modeling_utils.py:622: UserWarning: for vision_model.embeddings.patch_embedding.bias: copying from a non-meta parameter in the checkpoint to a meta parameter in the current model, which is a no-op. (Did you mean to pass `assign=True` to assign items in the state dictionary to their corresponding key in the module instead of copying them in place?)
  module._load_from_state_dict(*args)
/scratch/jp09/dd9648/.venv-llava-video/lib64/python3.12/site-packages/transformers/modeling_utils.py:622: UserWarning: for vision_model.embeddings.position_embedding.weight: copying from a non-meta parameter in the checkpoint to a meta parameter in the current model, which is a no-op. (Did you mean to pass `assign=True` to assign items in the state dictionary to their corresponding key in the module instead of copying them in place?)
  module._load_from_state_dict(*args)
/scratch/jp09/dd9648/.venv-llava-video/lib64/python3.12/site-packages/transformers/modeling_utils.py:622: UserWarning: for vision_model.encoder.layers.0.self_attn.k_proj.weight: copying from a non-meta parameter in the checkpoint to a meta parameter in the current model, which is a no-op. (Did you mean to pass `assign=True` to assign items in the state dictionary to their corresponding key in the module instead of copying them in place?)
  module._load_from_state_dict(*args)
/scratch/jp09/dd9648/.venv-llava-video/lib64/python3.12/site-packages/transformers/modeling_utils.py:622: UserWarning: for vision_model.encoder.layers.0.self_attn.k_proj.bias: copying from a non-meta parameter in the checkpoint to a meta parameter in the current model, which is a no-op. (Did you mean to pass `assign=True` to assign items in the state dictionary to their corresponding key in the module instead of copying them in place?)
  module._load_from_state_dict(*args)
/scratch/jp09/dd9648/.venv-llava-video/lib64/python3.12/site-packages/transformers/modeling_utils.py:622: UserWarning: for vision_model.encoder.layers.0.self_attn.v_proj.weight: copying from a non-meta parameter in the checkpoint to a meta parameter in the current model, which is a no-op. (Did you mean to pass `assign=True` to assign items in the state dictionary to their corresponding key in the module instead of copying them in place?)
  module._load_from_state_dict(*args)
/scratch/jp09/dd9648/.venv-llava-video/lib64/python3.12/site-packages/transformers/modeling_utils.py:622: UserWarning: for vision_model.encoder.layers.0.self_attn.v_proj.bias: copying from a non-meta parameter in the checkpoint to a meta parameter in the current model, which is a no-op. (Did you mean to pass `assign=True` to assign items in the state dictionary to their corresponding key in the module instead of copying them in place?)
  module._load_from_state_dict(*args)
/scratch/jp09/dd9648/.venv-llava-video/lib64/python3.12/site-packages/transformers/modeling_utils.py:622: UserWarning: for vision_model.encoder.layers.0.self_attn.q_proj.weight: copying from a non-meta parameter in the checkpoint to a meta parameter in the current model, which is a no-op. (Did you mean to pass `assign=True` to assign items in the state dictionary to their corresponding key in the module instead of copying them in place?)
  module._load_from_state_dict(*args)
/scratch/jp09/dd9648/.venv-llava-video/lib64/python3.12/site-packages/transformers/modeling_utils.py:622: UserWarning: for vision_model.encoder.layers.0.self_attn.q_proj.bias: copying from a non-meta parameter in the checkpoint to a meta parameter in the current model, which is a no-op. (Did you mean to pass `assign=True` to assign items in the state dictionary to their corresponding key in the module instead of copying them in place?)
  module._load_from_state_dict(*args)
/scratch/jp09/dd9648/.venv-llava-video/lib64/python3.12/site-packages/transformers/modeling_utils.py:622: UserWarning: for vision_model.encoder.layers.0.self_attn.out_proj.weight: copying from a non-meta parameter in the checkpoint to a meta parameter in the current model, which is a no-op. (Did you mean to pass `assign=True` to assign items in the state dictionary to their corresponding key in the module instead of copying them in place?)
  module._load_from_state_dict(*args)
/scratch/jp09/dd9648/.venv-llava-video/lib64/python3.12/site-packages/transformers/modeling_utils.py:622: UserWarning: for vision_model.encoder.layers.0.self_attn.out_proj.bias: copying from a non-meta parameter in the checkpoint to a meta parameter in the current model, which is a no-op. (Did you mean to pass `assign=True` to assign items in the state dictionary to their corresponding key in the module instead of copying them in place?)
  module._load_from_state_dict(*args)
/scratch/jp09/dd9648/.venv-llava-video/lib64/python3.12/site-packages/transformers/modeling_utils.py:622: UserWarning: for vision_model.encoder.layers.0.layer_norm1.weight: copying from a non-meta parameter in the checkpoint to a meta parameter in the current model, which is a no-op. (Did you mean to pass `assign=True` to assign items in the state dictionary to their corresponding key in the module instead of copying them in place?)
  module._load_from_state_dict(*args)
/scratch/jp09/dd9648/.venv-llava-video/lib64/python3.12/site-packages/transformers/modeling_utils.py:622: UserWarning: for vision_model.encoder.layers.0.layer_norm1.bias: copying from a non-meta parameter in the checkpoint to a meta parameter in the current model, which is a no-op. (Did you mean to pass `assign=True` to assign items in the state dictionary to their corresponding key in the module instead of copying them in place?)
  module._load_from_state_dict(*args)
/scratch/jp09/dd9648/.venv-llava-video/lib64/python3.12/site-packages/transformers/modeling_utils.py:622: UserWarning: for vision_model.encoder.layers.0.mlp.fc1.weight: copying from a non-meta parameter in the checkpoint to a meta parameter in the current model, which is a no-op. (Did you mean to pass `assign=True` to assign items in the state dictionary to their corresponding key in the module instead of copying them in place?)
  module._load_from_state_dict(*args)
/scratch/jp09/dd9648/.venv-llava-video/lib64/python3.12/site-packages/transformers/modeling_utils.py:622: UserWarning: for vision_model.encoder.layers.0.mlp.fc1.bias: copying from a non-meta parameter in the checkpoint to a meta parameter in the current model, which is a no-op. (Did you mean to pass `assign=True` to assign items in the state dictionary to their corresponding key in the module instead of copying them in place?)
  module._load_from_state_dict(*args)
/scratch/jp09/dd9648/.venv-llava-video/lib64/python3.12/site-packages/transformers/modeling_utils.py:622: UserWarning: for vision_model.encoder.layers.0.mlp.fc2.weight: copying from a non-meta parameter in the checkpoint to a meta parameter in the current model, which is a no-op. (Did you mean to pass `assign=True` to assign items in the state dictionary to their corresponding key in the module instead of copying them in place?)
  module._load_from_state_dict(*args)
/scratch/jp09/dd9648/.venv-llava-video/lib64/python3.12/site-packages/transformers/modeling_utils.py:622: UserWarning: for vision_model.encoder.layers.0.mlp.fc2.bias: copying from a non-meta parameter in the checkpoint to a meta parameter in the current model, which is a no-op. (Did you mean to pass `assign=True` to assign items in the state dictionary to their corresponding key in the module instead of copying them in place?)
  module._load_from_state_dict(*args)
/scratch/jp09/dd9648/.venv-llava-video/lib64/python3.12/site-packages/transformers/modeling_utils.py:622: UserWarning: for vision_model.encoder.layers.0.layer_norm2.weight: copying from a non-meta parameter in the checkpoint to a meta parameter in the current model, which is a no-op. (Did you mean to pass `assign=True` to assign items in the state dictionary to their corresponding key in the module instead of copying them in place?)
  module._load_from_state_dict(*args)
/scratch/jp09/dd9648/.venv-llava-video/lib64/python3.12/site-packages/transformers/modeling_utils.py:622: UserWarning: for vision_model.encoder.layers.0.layer_norm2.bias: copying from a non-meta parameter in the checkpoint to a meta parameter in the current model, which is a no-op. (Did you mean to pass `assign=True` to assign items in the state dictionary to their corresponding key in the module instead of copying them in place?)
  module._load_from_state_dict(*args)
/scratch/jp09/dd9648/.venv-llava-video/lib64/python3.12/site-packages/transformers/modeling_utils.py:622: UserWarning: for vision_model.encoder.layers.1.self_attn.k_proj.weight: copying from a non-meta parameter in the checkpoint to a meta parameter in the current model, which is a no-op. (Did you mean to pass `assign=True` to assign items in the state dictionary to their corresponding key in the module instead of copying them in place?)
  module._load_from_state_dict(*args)
/scratch/jp09/dd9648/.venv-llava-video/lib64/python3.12/site-packages/transformers/modeling_utils.py:622: UserWarning: for vision_model.encoder.layers.1.self_attn.k_proj.bias: copying from a non-meta parameter in the checkpoint to a meta parameter in the current model, which is a no-op. (Did you mean to pass `assign=True` to assign items in the state dictionary to their corresponding key in the module instead of copying them in place?)
  module._load_from_state_dict(*args)
/scratch/jp09/dd9648/.venv-llava-video/lib64/python3.12/site-packages/transformers/modeling_utils.py:622: UserWarning: for vision_model.encoder.layers.1.self_attn.v_proj.weight: copying from a non-meta parameter in the checkpoint to a meta parameter in the current model, which is a no-op. (Did you mean to pass `assign=True` to assign items in the state dictionary to their corresponding key in the module instead of copying them in place?)
  module._load_from_state_dict(*args)
/scratch/jp09/dd9648/.venv-llava-video/lib64/python3.12/site-packages/transformers/modeling_utils.py:622: UserWarning: for vision_model.encoder.layers.1.self_attn.v_proj.bias: copying from a non-meta parameter in the checkpoint to a meta parameter in the current model, which is a no-op. (Did you mean to pass `assign=True` to assign items in the state dictionary to their corresponding key in the module instead of copying them in place?)
  module._load_from_state_dict(*args)
/scratch/jp09/dd9648/.venv-llava-video/lib64/python3.12/site-packages/transformers/modeling_utils.py:622: UserWarning: for vision_model.encoder.layers.1.self_attn.q_proj.weight: copying from a non-meta parameter in the checkpoint to a meta parameter in the current model, which is a no-op. (Did you mean to pass `assign=True` to assign items in the state dictionary to their corresponding key in the module instead of copying them in place?)
  module._load_from_state_dict(*args)
/scratch/jp09/dd9648/.venv-llava-video/lib64/python3.12/site-packages/transformers/modeling_utils.py:622: UserWarning: for vision_model.encoder.layers.1.self_attn.q_proj.bias: copying from a non-meta parameter in the checkpoint to a meta parameter in the current model, which is a no-op. (Did you mean to pass `assign=True` to assign items in the state dictionary to their corresponding key in the module instead of copying them in place?)
  module._load_from_state_dict(*args)
/scratch/jp09/dd9648/.venv-llava-video/lib64/python3.12/site-packages/transformers/modeling_utils.py:622: UserWarning: for vision_model.encoder.layers.1.self_attn.out_proj.weight: copying from a non-meta parameter in the checkpoint to a meta parameter in the current model, which is a no-op. (Did you mean to pass `assign=True` to assign items in the state dictionary to their corresponding key in the module instead of copying them in place?)
  module._load_from_state_dict(*args)
/scratch/jp09/dd9648/.venv-llava-video/lib64/python3.12/site-packages/transformers/modeling_utils.py:622: UserWarning: for vision_model.encoder.layers.1.self_attn.out_proj.bias: copying from a non-meta parameter in the checkpoint to a meta parameter in the current model, which is a no-op. (Did you mean to pass `assign=True` to assign items in the state dictionary to their corresponding key in the module instead of copying them in place?)
  module._load_from_state_dict(*args)
/scratch/jp09/dd9648/.venv-llava-video/lib64/python3.12/site-packages/transformers/modeling_utils.py:622: UserWarning: for vision_model.encoder.layers.1.layer_norm1.weight: copying from a non-meta parameter in the checkpoint to a meta parameter in the current model, which is a no-op. (Did you mean to pass `assign=True` to assign items in the state dictionary to their corresponding key in the module instead of copying them in place?)
  module._load_from_state_dict(*args)
/scratch/jp09/dd9648/.venv-llava-video/lib64/python3.12/site-packages/transformers/modeling_utils.py:622: UserWarning: for vision_model.encoder.layers.1.layer_norm1.bias: copying from a non-meta parameter in the checkpoint to a meta parameter in the current model, which is a no-op. (Did you mean to pass `assign=True` to assign items in the state dictionary to their corresponding key in the module instead of copying them in place?)
  module._load_from_state_dict(*args)
/scratch/jp09/dd9648/.venv-llava-video/lib64/python3.12/site-packages/transformers/modeling_utils.py:622: UserWarning: for vision_model.encoder.layers.1.mlp.fc1.weight: copying from a non-meta parameter in the checkpoint to a meta parameter in the current model, which is a no-op. (Did you mean to pass `assign=True` to assign items in the state dictionary to their corresponding key in the module instead of copying them in place?)
  module._load_from_state_dict(*args)
/scratch/jp09/dd9648/.venv-llava-video/lib64/python3.12/site-packages/transformers/modeling_utils.py:622: UserWarning: for vision_model.encoder.layers.1.mlp.fc1.bias: copying from a non-meta parameter in the checkpoint to a meta parameter in the current model, which is a no-op. (Did you mean to pass `assign=True` to assign items in the state dictionary to their corresponding key in the module instead of copying them in place?)
  module._load_from_state_dict(*args)
/scratch/jp09/dd9648/.venv-llava-video/lib64/python3.12/site-packages/transformers/modeling_utils.py:622: UserWarning: for vision_model.encoder.layers.1.mlp.fc2.weight: copying from a non-meta parameter in the checkpoint to a meta parameter in the current model, which is a no-op. (Did you mean to pass `assign=True` to assign items in the state dictionary to their corresponding key in the module instead of copying them in place?)
  module._load_from_state_dict(*args)
/scratch/jp09/dd9648/.venv-llava-video/lib64/python3.12/site-packages/transformers/modeling_utils.py:622: UserWarning: for vision_model.encoder.layers.1.mlp.fc2.bias: copying from a non-meta parameter in the checkpoint to a meta parameter in the current model, which is a no-op. (Did you mean to pass `assign=True` to assign items in the state dictionary to their corresponding key in the module instead of copying them in place?)
  module._load_from_state_dict(*args)
/scratch/jp09/dd9648/.venv-llava-video/lib64/python3.12/site-packages/transformers/modeling_utils.py:622: UserWarning: for vision_model.encoder.layers.1.layer_norm2.weight: copying from a non-meta parameter in the checkpoint to a meta parameter in the current model, which is a no-op. (Did you mean to pass `assign=True` to assign items in the state dictionary to their corresponding key in the module instead of copying them in place?)
  module._load_from_state_dict(*args)
/scratch/jp09/dd9648/.venv-llava-video/lib64/python3.12/site-packages/transformers/modeling_utils.py:622: UserWarning: for vision_model.encoder.layers.1.layer_norm2.bias: copying from a non-meta parameter in the checkpoint to a meta parameter in the current model, which is a no-op. (Did you mean to pass `assign=True` to assign items in the state dictionary to their corresponding key in the module instead of copying them in place?)
  module._load_from_state_dict(*args)
/scratch/jp09/dd9648/.venv-llava-video/lib64/python3.12/site-packages/transformers/modeling_utils.py:622: UserWarning: for vision_model.encoder.layers.2.self_attn.k_proj.weight: copying from a non-meta parameter in the checkpoint to a meta parameter in the current model, which is a no-op. (Did you mean to pass `assign=True` to assign items in the state dictionary to their corresponding key in the module instead of copying them in place?)
  module._load_from_state_dict(*args)
/scratch/jp09/dd9648/.venv-llava-video/lib64/python3.12/site-packages/transformers/modeling_utils.py:622: UserWarning: for vision_model.encoder.layers.2.self_attn.k_proj.bias: copying from a non-meta parameter in the checkpoint to a meta parameter in the current model, which is a no-op. (Did you mean to pass `assign=True` to assign items in the state dictionary to their corresponding key in the module instead of copying them in place?)
  module._load_from_state_dict(*args)
/scratch/jp09/dd9648/.venv-llava-video/lib64/python3.12/site-packages/transformers/modeling_utils.py:622: UserWarning: for vision_model.encoder.layers.2.self_attn.v_proj.weight: copying from a non-meta parameter in the checkpoint to a meta parameter in the current model, which is a no-op. (Did you mean to pass `assign=True` to assign items in the state dictionary to their corresponding key in the module instead of copying them in place?)
  module._load_from_state_dict(*args)
/scratch/jp09/dd9648/.venv-llava-video/lib64/python3.12/site-packages/transformers/modeling_utils.py:622: UserWarning: for vision_model.encoder.layers.2.self_attn.v_proj.bias: copying from a non-meta parameter in the checkpoint to a meta parameter in the current model, which is a no-op. (Did you mean to pass `assign=True` to assign items in the state dictionary to their corresponding key in the module instead of copying them in place?)
  module._load_from_state_dict(*args)
/scratch/jp09/dd9648/.venv-llava-video/lib64/python3.12/site-packages/transformers/modeling_utils.py:622: UserWarning: for vision_model.encoder.layers.2.self_attn.q_proj.weight: copying from a non-meta parameter in the checkpoint to a meta parameter in the current model, which is a no-op. (Did you mean to pass `assign=True` to assign items in the state dictionary to their corresponding key in the module instead of copying them in place?)
  module._load_from_state_dict(*args)
/scratch/jp09/dd9648/.venv-llava-video/lib64/python3.12/site-packages/transformers/modeling_utils.py:622: UserWarning: for vision_model.encoder.layers.2.self_attn.q_proj.bias: copying from a non-meta parameter in the checkpoint to a meta parameter in the current model, which is a no-op. (Did you mean to pass `assign=True` to assign items in the state dictionary to their corresponding key in the module instead of copying them in place?)
  module._load_from_state_dict(*args)
/scratch/jp09/dd9648/.venv-llava-video/lib64/python3.12/site-packages/transformers/modeling_utils.py:622: UserWarning: for vision_model.encoder.layers.2.self_attn.out_proj.weight: copying from a non-meta parameter in the checkpoint to a meta parameter in the current model, which is a no-op. (Did you mean to pass `assign=True` to assign items in the state dictionary to their corresponding key in the module instead of copying them in place?)
  module._load_from_state_dict(*args)
/scratch/jp09/dd9648/.venv-llava-video/lib64/python3.12/site-packages/transformers/modeling_utils.py:622: UserWarning: for vision_model.encoder.layers.2.self_attn.out_proj.bias: copying from a non-meta parameter in the checkpoint to a meta parameter in the current model, which is a no-op. (Did you mean to pass `assign=True` to assign items in the state dictionary to their corresponding key in the module instead of copying them in place?)
  module._load_from_state_dict(*args)
/scratch/jp09/dd9648/.venv-llava-video/lib64/python3.12/site-packages/transformers/modeling_utils.py:622: UserWarning: for vision_model.encoder.layers.2.layer_norm1.weight: copying from a non-meta parameter in the checkpoint to a meta parameter in the current model, which is a no-op. (Did you mean to pass `assign=True` to assign items in the state dictionary to their corresponding key in the module instead of copying them in place?)
  module._load_from_state_dict(*args)
/scratch/jp09/dd9648/.venv-llava-video/lib64/python3.12/site-packages/transformers/modeling_utils.py:622: UserWarning: for vision_model.encoder.layers.2.layer_norm1.bias: copying from a non-meta parameter in the checkpoint to a meta parameter in the current model, which is a no-op. (Did you mean to pass `assign=True` to assign items in the state dictionary to their corresponding key in the module instead of copying them in place?)
  module._load_from_state_dict(*args)
/scratch/jp09/dd9648/.venv-llava-video/lib64/python3.12/site-packages/transformers/modeling_utils.py:622: UserWarning: for vision_model.encoder.layers.2.mlp.fc1.weight: copying from a non-meta parameter in the checkpoint to a meta parameter in the current model, which is a no-op. (Did you mean to pass `assign=True` to assign items in the state dictionary to their corresponding key in the module instead of copying them in place?)
  module._load_from_state_dict(*args)
/scratch/jp09/dd9648/.venv-llava-video/lib64/python3.12/site-packages/transformers/modeling_utils.py:622: UserWarning: for vision_model.encoder.layers.2.mlp.fc1.bias: copying from a non-meta parameter in the checkpoint to a meta parameter in the current model, which is a no-op. (Did you mean to pass `assign=True` to assign items in the state dictionary to their corresponding key in the module instead of copying them in place?)
  module._load_from_state_dict(*args)
/scratch/jp09/dd9648/.venv-llava-video/lib64/python3.12/site-packages/transformers/modeling_utils.py:622: UserWarning: for vision_model.encoder.layers.2.mlp.fc2.weight: copying from a non-meta parameter in the checkpoint to a meta parameter in the current model, which is a no-op. (Did you mean to pass `assign=True` to assign items in the state dictionary to their corresponding key in the module instead of copying them in place?)
  module._load_from_state_dict(*args)
/scratch/jp09/dd9648/.venv-llava-video/lib64/python3.12/site-packages/transformers/modeling_utils.py:622: UserWarning: for vision_model.encoder.layers.2.mlp.fc2.bias: copying from a non-meta parameter in the checkpoint to a meta parameter in the current model, which is a no-op. (Did you mean to pass `assign=True` to assign items in the state dictionary to their corresponding key in the module instead of copying them in place?)
  module._load_from_state_dict(*args)
/scratch/jp09/dd9648/.venv-llava-video/lib64/python3.12/site-packages/transformers/modeling_utils.py:622: UserWarning: for vision_model.encoder.layers.2.layer_norm2.weight: copying from a non-meta parameter in the checkpoint to a meta parameter in the current model, which is a no-op. (Did you mean to pass `assign=True` to assign items in the state dictionary to their corresponding key in the module instead of copying them in place?)
  module._load_from_state_dict(*args)
/scratch/jp09/dd9648/.venv-llava-video/lib64/python3.12/site-packages/transformers/modeling_utils.py:622: UserWarning: for vision_model.encoder.layers.2.layer_norm2.bias: copying from a non-meta parameter in the checkpoint to a meta parameter in the current model, which is a no-op. (Did you mean to pass `assign=True` to assign items in the state dictionary to their corresponding key in the module instead of copying them in place?)
  module._load_from_state_dict(*args)
/scratch/jp09/dd9648/.venv-llava-video/lib64/python3.12/site-packages/transformers/modeling_utils.py:622: UserWarning: for vision_model.encoder.layers.3.self_attn.k_proj.weight: copying from a non-meta parameter in the checkpoint to a meta parameter in the current model, which is a no-op. (Did you mean to pass `assign=True` to assign items in the state dictionary to their corresponding key in the module instead of copying them in place?)
  module._load_from_state_dict(*args)
/scratch/jp09/dd9648/.venv-llava-video/lib64/python3.12/site-packages/transformers/modeling_utils.py:622: UserWarning: for vision_model.encoder.layers.3.self_attn.k_proj.bias: copying from a non-meta parameter in the checkpoint to a meta parameter in the current model, which is a no-op. (Did you mean to pass `assign=True` to assign items in the state dictionary to their corresponding key in the module instead of copying them in place?)
  module._load_from_state_dict(*args)
/scratch/jp09/dd9648/.venv-llava-video/lib64/python3.12/site-packages/transformers/modeling_utils.py:622: UserWarning: for vision_model.encoder.layers.3.self_attn.v_proj.weight: copying from a non-meta parameter in the checkpoint to a meta parameter in the current model, which is a no-op. (Did you mean to pass `assign=True` to assign items in the state dictionary to their corresponding key in the module instead of copying them in place?)
  module._load_from_state_dict(*args)
/scratch/jp09/dd9648/.venv-llava-video/lib64/python3.12/site-packages/transformers/modeling_utils.py:622: UserWarning: for vision_model.encoder.layers.3.self_attn.v_proj.bias: copying from a non-meta parameter in the checkpoint to a meta parameter in the current model, which is a no-op. (Did you mean to pass `assign=True` to assign items in the state dictionary to their corresponding key in the module instead of copying them in place?)
  module._load_from_state_dict(*args)
/scratch/jp09/dd9648/.venv-llava-video/lib64/python3.12/site-packages/transformers/modeling_utils.py:622: UserWarning: for vision_model.encoder.layers.3.self_attn.q_proj.weight: copying from a non-meta parameter in the checkpoint to a meta parameter in the current model, which is a no-op. (Did you mean to pass `assign=True` to assign items in the state dictionary to their corresponding key in the module instead of copying them in place?)
  module._load_from_state_dict(*args)
/scratch/jp09/dd9648/.venv-llava-video/lib64/python3.12/site-packages/transformers/modeling_utils.py:622: UserWarning: for vision_model.encoder.layers.3.self_attn.q_proj.bias: copying from a non-meta parameter in the checkpoint to a meta parameter in the current model, which is a no-op. (Did you mean to pass `assign=True` to assign items in the state dictionary to their corresponding key in the module instead of copying them in place?)
  module._load_from_state_dict(*args)
/scratch/jp09/dd9648/.venv-llava-video/lib64/python3.12/site-packages/transformers/modeling_utils.py:622: UserWarning: for vision_model.encoder.layers.3.self_attn.out_proj.weight: copying from a non-meta parameter in the checkpoint to a meta parameter in the current model, which is a no-op. (Did you mean to pass `assign=True` to assign items in the state dictionary to their corresponding key in the module instead of copying them in place?)
  module._load_from_state_dict(*args)
/scratch/jp09/dd9648/.venv-llava-video/lib64/python3.12/site-packages/transformers/modeling_utils.py:622: UserWarning: for vision_model.encoder.layers.3.self_attn.out_proj.bias: copying from a non-meta parameter in the checkpoint to a meta parameter in the current model, which is a no-op. (Did you mean to pass `assign=True` to assign items in the state dictionary to their corresponding key in the module instead of copying them in place?)
  module._load_from_state_dict(*args)
/scratch/jp09/dd9648/.venv-llava-video/lib64/python3.12/site-packages/transformers/modeling_utils.py:622: UserWarning: for vision_model.encoder.layers.3.layer_norm1.weight: copying from a non-meta parameter in the checkpoint to a meta parameter in the current model, which is a no-op. (Did you mean to pass `assign=True` to assign items in the state dictionary to their corresponding key in the module instead of copying them in place?)
  module._load_from_state_dict(*args)
/scratch/jp09/dd9648/.venv-llava-video/lib64/python3.12/site-packages/transformers/modeling_utils.py:622: UserWarning: for vision_model.encoder.layers.3.layer_norm1.bias: copying from a non-meta parameter in the checkpoint to a meta parameter in the current model, which is a no-op. (Did you mean to pass `assign=True` to assign items in the state dictionary to their corresponding key in the module instead of copying them in place?)
  module._load_from_state_dict(*args)
/scratch/jp09/dd9648/.venv-llava-video/lib64/python3.12/site-packages/transformers/modeling_utils.py:622: UserWarning: for vision_model.encoder.layers.3.mlp.fc1.weight: copying from a non-meta parameter in the checkpoint to a meta parameter in the current model, which is a no-op. (Did you mean to pass `assign=True` to assign items in the state dictionary to their corresponding key in the module instead of copying them in place?)
  module._load_from_state_dict(*args)
/scratch/jp09/dd9648/.venv-llava-video/lib64/python3.12/site-packages/transformers/modeling_utils.py:622: UserWarning: for vision_model.encoder.layers.3.mlp.fc1.bias: copying from a non-meta parameter in the checkpoint to a meta parameter in the current model, which is a no-op. (Did you mean to pass `assign=True` to assign items in the state dictionary to their corresponding key in the module instead of copying them in place?)
  module._load_from_state_dict(*args)
/scratch/jp09/dd9648/.venv-llava-video/lib64/python3.12/site-packages/transformers/modeling_utils.py:622: UserWarning: for vision_model.encoder.layers.3.mlp.fc2.weight: copying from a non-meta parameter in the checkpoint to a meta parameter in the current model, which is a no-op. (Did you mean to pass `assign=True` to assign items in the state dictionary to their corresponding key in the module instead of copying them in place?)
  module._load_from_state_dict(*args)
/scratch/jp09/dd9648/.venv-llava-video/lib64/python3.12/site-packages/transformers/modeling_utils.py:622: UserWarning: for vision_model.encoder.layers.3.mlp.fc2.bias: copying from a non-meta parameter in the checkpoint to a meta parameter in the current model, which is a no-op. (Did you mean to pass `assign=True` to assign items in the state dictionary to their corresponding key in the module instead of copying them in place?)
  module._load_from_state_dict(*args)
/scratch/jp09/dd9648/.venv-llava-video/lib64/python3.12/site-packages/transformers/modeling_utils.py:622: UserWarning: for vision_model.encoder.layers.3.layer_norm2.weight: copying from a non-meta parameter in the checkpoint to a meta parameter in the current model, which is a no-op. (Did you mean to pass `assign=True` to assign items in the state dictionary to their corresponding key in the module instead of copying them in place?)
  module._load_from_state_dict(*args)
/scratch/jp09/dd9648/.venv-llava-video/lib64/python3.12/site-packages/transformers/modeling_utils.py:622: UserWarning: for vision_model.encoder.layers.3.layer_norm2.bias: copying from a non-meta parameter in the checkpoint to a meta parameter in the current model, which is a no-op. (Did you mean to pass `assign=True` to assign items in the state dictionary to their corresponding key in the module instead of copying them in place?)
  module._load_from_state_dict(*args)
/scratch/jp09/dd9648/.venv-llava-video/lib64/python3.12/site-packages/transformers/modeling_utils.py:622: UserWarning: for vision_model.encoder.layers.4.self_attn.k_proj.weight: copying from a non-meta parameter in the checkpoint to a meta parameter in the current model, which is a no-op. (Did you mean to pass `assign=True` to assign items in the state dictionary to their corresponding key in the module instead of copying them in place?)
  module._load_from_state_dict(*args)
/scratch/jp09/dd9648/.venv-llava-video/lib64/python3.12/site-packages/transformers/modeling_utils.py:622: UserWarning: for vision_model.encoder.layers.4.self_attn.k_proj.bias: copying from a non-meta parameter in the checkpoint to a meta parameter in the current model, which is a no-op. (Did you mean to pass `assign=True` to assign items in the state dictionary to their corresponding key in the module instead of copying them in place?)
  module._load_from_state_dict(*args)
/scratch/jp09/dd9648/.venv-llava-video/lib64/python3.12/site-packages/transformers/modeling_utils.py:622: UserWarning: for vision_model.encoder.layers.4.self_attn.v_proj.weight: copying from a non-meta parameter in the checkpoint to a meta parameter in the current model, which is a no-op. (Did you mean to pass `assign=True` to assign items in the state dictionary to their corresponding key in the module instead of copying them in place?)
  module._load_from_state_dict(*args)
/scratch/jp09/dd9648/.venv-llava-video/lib64/python3.12/site-packages/transformers/modeling_utils.py:622: UserWarning: for vision_model.encoder.layers.4.self_attn.v_proj.bias: copying from a non-meta parameter in the checkpoint to a meta parameter in the current model, which is a no-op. (Did you mean to pass `assign=True` to assign items in the state dictionary to their corresponding key in the module instead of copying them in place?)
  module._load_from_state_dict(*args)
/scratch/jp09/dd9648/.venv-llava-video/lib64/python3.12/site-packages/transformers/modeling_utils.py:622: UserWarning: for vision_model.encoder.layers.4.self_attn.q_proj.weight: copying from a non-meta parameter in the checkpoint to a meta parameter in the current model, which is a no-op. (Did you mean to pass `assign=True` to assign items in the state dictionary to their corresponding key in the module instead of copying them in place?)
  module._load_from_state_dict(*args)
/scratch/jp09/dd9648/.venv-llava-video/lib64/python3.12/site-packages/transformers/modeling_utils.py:622: UserWarning: for vision_model.encoder.layers.4.self_attn.q_proj.bias: copying from a non-meta parameter in the checkpoint to a meta parameter in the current model, which is a no-op. (Did you mean to pass `assign=True` to assign items in the state dictionary to their corresponding key in the module instead of copying them in place?)
  module._load_from_state_dict(*args)
/scratch/jp09/dd9648/.venv-llava-video/lib64/python3.12/site-packages/transformers/modeling_utils.py:622: UserWarning: for vision_model.encoder.layers.4.self_attn.out_proj.weight: copying from a non-meta parameter in the checkpoint to a meta parameter in the current model, which is a no-op. (Did you mean to pass `assign=True` to assign items in the state dictionary to their corresponding key in the module instead of copying them in place?)
  module._load_from_state_dict(*args)
/scratch/jp09/dd9648/.venv-llava-video/lib64/python3.12/site-packages/transformers/modeling_utils.py:622: UserWarning: for vision_model.encoder.layers.4.self_attn.out_proj.bias: copying from a non-meta parameter in the checkpoint to a meta parameter in the current model, which is a no-op. (Did you mean to pass `assign=True` to assign items in the state dictionary to their corresponding key in the module instead of copying them in place?)
  module._load_from_state_dict(*args)
/scratch/jp09/dd9648/.venv-llava-video/lib64/python3.12/site-packages/transformers/modeling_utils.py:622: UserWarning: for vision_model.encoder.layers.4.layer_norm1.weight: copying from a non-meta parameter in the checkpoint to a meta parameter in the current model, which is a no-op. (Did you mean to pass `assign=True` to assign items in the state dictionary to their corresponding key in the module instead of copying them in place?)
  module._load_from_state_dict(*args)
/scratch/jp09/dd9648/.venv-llava-video/lib64/python3.12/site-packages/transformers/modeling_utils.py:622: UserWarning: for vision_model.encoder.layers.4.layer_norm1.bias: copying from a non-meta parameter in the checkpoint to a meta parameter in the current model, which is a no-op. (Did you mean to pass `assign=True` to assign items in the state dictionary to their corresponding key in the module instead of copying them in place?)
  module._load_from_state_dict(*args)
/scratch/jp09/dd9648/.venv-llava-video/lib64/python3.12/site-packages/transformers/modeling_utils.py:622: UserWarning: for vision_model.encoder.layers.4.mlp.fc1.weight: copying from a non-meta parameter in the checkpoint to a meta parameter in the current model, which is a no-op. (Did you mean to pass `assign=True` to assign items in the state dictionary to their corresponding key in the module instead of copying them in place?)
  module._load_from_state_dict(*args)
/scratch/jp09/dd9648/.venv-llava-video/lib64/python3.12/site-packages/transformers/modeling_utils.py:622: UserWarning: for vision_model.encoder.layers.4.mlp.fc1.bias: copying from a non-meta parameter in the checkpoint to a meta parameter in the current model, which is a no-op. (Did you mean to pass `assign=True` to assign items in the state dictionary to their corresponding key in the module instead of copying them in place?)
  module._load_from_state_dict(*args)
/scratch/jp09/dd9648/.venv-llava-video/lib64/python3.12/site-packages/transformers/modeling_utils.py:622: UserWarning: for vision_model.encoder.layers.4.mlp.fc2.weight: copying from a non-meta parameter in the checkpoint to a meta parameter in the current model, which is a no-op. (Did you mean to pass `assign=True` to assign items in the state dictionary to their corresponding key in the module instead of copying them in place?)
  module._load_from_state_dict(*args)
/scratch/jp09/dd9648/.venv-llava-video/lib64/python3.12/site-packages/transformers/modeling_utils.py:622: UserWarning: for vision_model.encoder.layers.4.mlp.fc2.bias: copying from a non-meta parameter in the checkpoint to a meta parameter in the current model, which is a no-op. (Did you mean to pass `assign=True` to assign items in the state dictionary to their corresponding key in the module instead of copying them in place?)
  module._load_from_state_dict(*args)
/scratch/jp09/dd9648/.venv-llava-video/lib64/python3.12/site-packages/transformers/modeling_utils.py:622: UserWarning: for vision_model.encoder.layers.4.layer_norm2.weight: copying from a non-meta parameter in the checkpoint to a meta parameter in the current model, which is a no-op. (Did you mean to pass `assign=True` to assign items in the state dictionary to their corresponding key in the module instead of copying them in place?)
  module._load_from_state_dict(*args)
/scratch/jp09/dd9648/.venv-llava-video/lib64/python3.12/site-packages/transformers/modeling_utils.py:622: UserWarning: for vision_model.encoder.layers.4.layer_norm2.bias: copying from a non-meta parameter in the checkpoint to a meta parameter in the current model, which is a no-op. (Did you mean to pass `assign=True` to assign items in the state dictionary to their corresponding key in the module instead of copying them in place?)
  module._load_from_state_dict(*args)
/scratch/jp09/dd9648/.venv-llava-video/lib64/python3.12/site-packages/transformers/modeling_utils.py:622: UserWarning: for vision_model.encoder.layers.5.self_attn.k_proj.weight: copying from a non-meta parameter in the checkpoint to a meta parameter in the current model, which is a no-op. (Did you mean to pass `assign=True` to assign items in the state dictionary to their corresponding key in the module instead of copying them in place?)
  module._load_from_state_dict(*args)
/scratch/jp09/dd9648/.venv-llava-video/lib64/python3.12/site-packages/transformers/modeling_utils.py:622: UserWarning: for vision_model.encoder.layers.5.self_attn.k_proj.bias: copying from a non-meta parameter in the checkpoint to a meta parameter in the current model, which is a no-op. (Did you mean to pass `assign=True` to assign items in the state dictionary to their corresponding key in the module instead of copying them in place?)
  module._load_from_state_dict(*args)
/scratch/jp09/dd9648/.venv-llava-video/lib64/python3.12/site-packages/transformers/modeling_utils.py:622: UserWarning: for vision_model.encoder.layers.5.self_attn.v_proj.weight: copying from a non-meta parameter in the checkpoint to a meta parameter in the current model, which is a no-op. (Did you mean to pass `assign=True` to assign items in the state dictionary to their corresponding key in the module instead of copying them in place?)
  module._load_from_state_dict(*args)
/scratch/jp09/dd9648/.venv-llava-video/lib64/python3.12/site-packages/transformers/modeling_utils.py:622: UserWarning: for vision_model.encoder.layers.5.self_attn.v_proj.bias: copying from a non-meta parameter in the checkpoint to a meta parameter in the current model, which is a no-op. (Did you mean to pass `assign=True` to assign items in the state dictionary to their corresponding key in the module instead of copying them in place?)
  module._load_from_state_dict(*args)
/scratch/jp09/dd9648/.venv-llava-video/lib64/python3.12/site-packages/transformers/modeling_utils.py:622: UserWarning: for vision_model.encoder.layers.5.self_attn.q_proj.weight: copying from a non-meta parameter in the checkpoint to a meta parameter in the current model, which is a no-op. (Did you mean to pass `assign=True` to assign items in the state dictionary to their corresponding key in the module instead of copying them in place?)
  module._load_from_state_dict(*args)
/scratch/jp09/dd9648/.venv-llava-video/lib64/python3.12/site-packages/transformers/modeling_utils.py:622: UserWarning: for vision_model.encoder.layers.5.self_attn.q_proj.bias: copying from a non-meta parameter in the checkpoint to a meta parameter in the current model, which is a no-op. (Did you mean to pass `assign=True` to assign items in the state dictionary to their corresponding key in the module instead of copying them in place?)
  module._load_from_state_dict(*args)
/scratch/jp09/dd9648/.venv-llava-video/lib64/python3.12/site-packages/transformers/modeling_utils.py:622: UserWarning: for vision_model.encoder.layers.5.self_attn.out_proj.weight: copying from a non-meta parameter in the checkpoint to a meta parameter in the current model, which is a no-op. (Did you mean to pass `assign=True` to assign items in the state dictionary to their corresponding key in the module instead of copying them in place?)
  module._load_from_state_dict(*args)
/scratch/jp09/dd9648/.venv-llava-video/lib64/python3.12/site-packages/transformers/modeling_utils.py:622: UserWarning: for vision_model.encoder.layers.5.self_attn.out_proj.bias: copying from a non-meta parameter in the checkpoint to a meta parameter in the current model, which is a no-op. (Did you mean to pass `assign=True` to assign items in the state dictionary to their corresponding key in the module instead of copying them in place?)
  module._load_from_state_dict(*args)
/scratch/jp09/dd9648/.venv-llava-video/lib64/python3.12/site-packages/transformers/modeling_utils.py:622: UserWarning: for vision_model.encoder.layers.5.layer_norm1.weight: copying from a non-meta parameter in the checkpoint to a meta parameter in the current model, which is a no-op. (Did you mean to pass `assign=True` to assign items in the state dictionary to their corresponding key in the module instead of copying them in place?)
  module._load_from_state_dict(*args)
/scratch/jp09/dd9648/.venv-llava-video/lib64/python3.12/site-packages/transformers/modeling_utils.py:622: UserWarning: for vision_model.encoder.layers.5.layer_norm1.bias: copying from a non-meta parameter in the checkpoint to a meta parameter in the current model, which is a no-op. (Did you mean to pass `assign=True` to assign items in the state dictionary to their corresponding key in the module instead of copying them in place?)
  module._load_from_state_dict(*args)
/scratch/jp09/dd9648/.venv-llava-video/lib64/python3.12/site-packages/transformers/modeling_utils.py:622: UserWarning: for vision_model.encoder.layers.5.mlp.fc1.weight: copying from a non-meta parameter in the checkpoint to a meta parameter in the current model, which is a no-op. (Did you mean to pass `assign=True` to assign items in the state dictionary to their corresponding key in the module instead of copying them in place?)
  module._load_from_state_dict(*args)
/scratch/jp09/dd9648/.venv-llava-video/lib64/python3.12/site-packages/transformers/modeling_utils.py:622: UserWarning: for vision_model.encoder.layers.5.mlp.fc1.bias: copying from a non-meta parameter in the checkpoint to a meta parameter in the current model, which is a no-op. (Did you mean to pass `assign=True` to assign items in the state dictionary to their corresponding key in the module instead of copying them in place?)
  module._load_from_state_dict(*args)
/scratch/jp09/dd9648/.venv-llava-video/lib64/python3.12/site-packages/transformers/modeling_utils.py:622: UserWarning: for vision_model.encoder.layers.5.mlp.fc2.weight: copying from a non-meta parameter in the checkpoint to a meta parameter in the current model, which is a no-op. (Did you mean to pass `assign=True` to assign items in the state dictionary to their corresponding key in the module instead of copying them in place?)
  module._load_from_state_dict(*args)
/scratch/jp09/dd9648/.venv-llava-video/lib64/python3.12/site-packages/transformers/modeling_utils.py:622: UserWarning: for vision_model.encoder.layers.5.mlp.fc2.bias: copying from a non-meta parameter in the checkpoint to a meta parameter in the current model, which is a no-op. (Did you mean to pass `assign=True` to assign items in the state dictionary to their corresponding key in the module instead of copying them in place?)
  module._load_from_state_dict(*args)
/scratch/jp09/dd9648/.venv-llava-video/lib64/python3.12/site-packages/transformers/modeling_utils.py:622: UserWarning: for vision_model.encoder.layers.5.layer_norm2.weight: copying from a non-meta parameter in the checkpoint to a meta parameter in the current model, which is a no-op. (Did you mean to pass `assign=True` to assign items in the state dictionary to their corresponding key in the module instead of copying them in place?)
  module._load_from_state_dict(*args)
/scratch/jp09/dd9648/.venv-llava-video/lib64/python3.12/site-packages/transformers/modeling_utils.py:622: UserWarning: for vision_model.encoder.layers.5.layer_norm2.bias: copying from a non-meta parameter in the checkpoint to a meta parameter in the current model, which is a no-op. (Did you mean to pass `assign=True` to assign items in the state dictionary to their corresponding key in the module instead of copying them in place?)
  module._load_from_state_dict(*args)
/scratch/jp09/dd9648/.venv-llava-video/lib64/python3.12/site-packages/transformers/modeling_utils.py:622: UserWarning: for vision_model.encoder.layers.6.self_attn.k_proj.weight: copying from a non-meta parameter in the checkpoint to a meta parameter in the current model, which is a no-op. (Did you mean to pass `assign=True` to assign items in the state dictionary to their corresponding key in the module instead of copying them in place?)
  module._load_from_state_dict(*args)
/scratch/jp09/dd9648/.venv-llava-video/lib64/python3.12/site-packages/transformers/modeling_utils.py:622: UserWarning: for vision_model.encoder.layers.6.self_attn.k_proj.bias: copying from a non-meta parameter in the checkpoint to a meta parameter in the current model, which is a no-op. (Did you mean to pass `assign=True` to assign items in the state dictionary to their corresponding key in the module instead of copying them in place?)
  module._load_from_state_dict(*args)
/scratch/jp09/dd9648/.venv-llava-video/lib64/python3.12/site-packages/transformers/modeling_utils.py:622: UserWarning: for vision_model.encoder.layers.6.self_attn.v_proj.weight: copying from a non-meta parameter in the checkpoint to a meta parameter in the current model, which is a no-op. (Did you mean to pass `assign=True` to assign items in the state dictionary to their corresponding key in the module instead of copying them in place?)
  module._load_from_state_dict(*args)
/scratch/jp09/dd9648/.venv-llava-video/lib64/python3.12/site-packages/transformers/modeling_utils.py:622: UserWarning: for vision_model.encoder.layers.6.self_attn.v_proj.bias: copying from a non-meta parameter in the checkpoint to a meta parameter in the current model, which is a no-op. (Did you mean to pass `assign=True` to assign items in the state dictionary to their corresponding key in the module instead of copying them in place?)
  module._load_from_state_dict(*args)
/scratch/jp09/dd9648/.venv-llava-video/lib64/python3.12/site-packages/transformers/modeling_utils.py:622: UserWarning: for vision_model.encoder.layers.6.self_attn.q_proj.weight: copying from a non-meta parameter in the checkpoint to a meta parameter in the current model, which is a no-op. (Did you mean to pass `assign=True` to assign items in the state dictionary to their corresponding key in the module instead of copying them in place?)
  module._load_from_state_dict(*args)
/scratch/jp09/dd9648/.venv-llava-video/lib64/python3.12/site-packages/transformers/modeling_utils.py:622: UserWarning: for vision_model.encoder.layers.6.self_attn.q_proj.bias: copying from a non-meta parameter in the checkpoint to a meta parameter in the current model, which is a no-op. (Did you mean to pass `assign=True` to assign items in the state dictionary to their corresponding key in the module instead of copying them in place?)
  module._load_from_state_dict(*args)
/scratch/jp09/dd9648/.venv-llava-video/lib64/python3.12/site-packages/transformers/modeling_utils.py:622: UserWarning: for vision_model.encoder.layers.6.self_attn.out_proj.weight: copying from a non-meta parameter in the checkpoint to a meta parameter in the current model, which is a no-op. (Did you mean to pass `assign=True` to assign items in the state dictionary to their corresponding key in the module instead of copying them in place?)
  module._load_from_state_dict(*args)
/scratch/jp09/dd9648/.venv-llava-video/lib64/python3.12/site-packages/transformers/modeling_utils.py:622: UserWarning: for vision_model.encoder.layers.6.self_attn.out_proj.bias: copying from a non-meta parameter in the checkpoint to a meta parameter in the current model, which is a no-op. (Did you mean to pass `assign=True` to assign items in the state dictionary to their corresponding key in the module instead of copying them in place?)
  module._load_from_state_dict(*args)
/scratch/jp09/dd9648/.venv-llava-video/lib64/python3.12/site-packages/transformers/modeling_utils.py:622: UserWarning: for vision_model.encoder.layers.6.layer_norm1.weight: copying from a non-meta parameter in the checkpoint to a meta parameter in the current model, which is a no-op. (Did you mean to pass `assign=True` to assign items in the state dictionary to their corresponding key in the module instead of copying them in place?)
  module._load_from_state_dict(*args)
/scratch/jp09/dd9648/.venv-llava-video/lib64/python3.12/site-packages/transformers/modeling_utils.py:622: UserWarning: for vision_model.encoder.layers.6.layer_norm1.bias: copying from a non-meta parameter in the checkpoint to a meta parameter in the current model, which is a no-op. (Did you mean to pass `assign=True` to assign items in the state dictionary to their corresponding key in the module instead of copying them in place?)
  module._load_from_state_dict(*args)
/scratch/jp09/dd9648/.venv-llava-video/lib64/python3.12/site-packages/transformers/modeling_utils.py:622: UserWarning: for vision_model.encoder.layers.6.mlp.fc1.weight: copying from a non-meta parameter in the checkpoint to a meta parameter in the current model, which is a no-op. (Did you mean to pass `assign=True` to assign items in the state dictionary to their corresponding key in the module instead of copying them in place?)
  module._load_from_state_dict(*args)
/scratch/jp09/dd9648/.venv-llava-video/lib64/python3.12/site-packages/transformers/modeling_utils.py:622: UserWarning: for vision_model.encoder.layers.6.mlp.fc1.bias: copying from a non-meta parameter in the checkpoint to a meta parameter in the current model, which is a no-op. (Did you mean to pass `assign=True` to assign items in the state dictionary to their corresponding key in the module instead of copying them in place?)
  module._load_from_state_dict(*args)
/scratch/jp09/dd9648/.venv-llava-video/lib64/python3.12/site-packages/transformers/modeling_utils.py:622: UserWarning: for vision_model.encoder.layers.6.mlp.fc2.weight: copying from a non-meta parameter in the checkpoint to a meta parameter in the current model, which is a no-op. (Did you mean to pass `assign=True` to assign items in the state dictionary to their corresponding key in the module instead of copying them in place?)
  module._load_from_state_dict(*args)
/scratch/jp09/dd9648/.venv-llava-video/lib64/python3.12/site-packages/transformers/modeling_utils.py:622: UserWarning: for vision_model.encoder.layers.6.mlp.fc2.bias: copying from a non-meta parameter in the checkpoint to a meta parameter in the current model, which is a no-op. (Did you mean to pass `assign=True` to assign items in the state dictionary to their corresponding key in the module instead of copying them in place?)
  module._load_from_state_dict(*args)
/scratch/jp09/dd9648/.venv-llava-video/lib64/python3.12/site-packages/transformers/modeling_utils.py:622: UserWarning: for vision_model.encoder.layers.6.layer_norm2.weight: copying from a non-meta parameter in the checkpoint to a meta parameter in the current model, which is a no-op. (Did you mean to pass `assign=True` to assign items in the state dictionary to their corresponding key in the module instead of copying them in place?)
  module._load_from_state_dict(*args)
/scratch/jp09/dd9648/.venv-llava-video/lib64/python3.12/site-packages/transformers/modeling_utils.py:622: UserWarning: for vision_model.encoder.layers.6.layer_norm2.bias: copying from a non-meta parameter in the checkpoint to a meta parameter in the current model, which is a no-op. (Did you mean to pass `assign=True` to assign items in the state dictionary to their corresponding key in the module instead of copying them in place?)
  module._load_from_state_dict(*args)
/scratch/jp09/dd9648/.venv-llava-video/lib64/python3.12/site-packages/transformers/modeling_utils.py:622: UserWarning: for vision_model.encoder.layers.7.self_attn.k_proj.weight: copying from a non-meta parameter in the checkpoint to a meta parameter in the current model, which is a no-op. (Did you mean to pass `assign=True` to assign items in the state dictionary to their corresponding key in the module instead of copying them in place?)
  module._load_from_state_dict(*args)
/scratch/jp09/dd9648/.venv-llava-video/lib64/python3.12/site-packages/transformers/modeling_utils.py:622: UserWarning: for vision_model.encoder.layers.7.self_attn.k_proj.bias: copying from a non-meta parameter in the checkpoint to a meta parameter in the current model, which is a no-op. (Did you mean to pass `assign=True` to assign items in the state dictionary to their corresponding key in the module instead of copying them in place?)
  module._load_from_state_dict(*args)
/scratch/jp09/dd9648/.venv-llava-video/lib64/python3.12/site-packages/transformers/modeling_utils.py:622: UserWarning: for vision_model.encoder.layers.7.self_attn.v_proj.weight: copying from a non-meta parameter in the checkpoint to a meta parameter in the current model, which is a no-op. (Did you mean to pass `assign=True` to assign items in the state dictionary to their corresponding key in the module instead of copying them in place?)
  module._load_from_state_dict(*args)
/scratch/jp09/dd9648/.venv-llava-video/lib64/python3.12/site-packages/transformers/modeling_utils.py:622: UserWarning: for vision_model.encoder.layers.7.self_attn.v_proj.bias: copying from a non-meta parameter in the checkpoint to a meta parameter in the current model, which is a no-op. (Did you mean to pass `assign=True` to assign items in the state dictionary to their corresponding key in the module instead of copying them in place?)
  module._load_from_state_dict(*args)
/scratch/jp09/dd9648/.venv-llava-video/lib64/python3.12/site-packages/transformers/modeling_utils.py:622: UserWarning: for vision_model.encoder.layers.7.self_attn.q_proj.weight: copying from a non-meta parameter in the checkpoint to a meta parameter in the current model, which is a no-op. (Did you mean to pass `assign=True` to assign items in the state dictionary to their corresponding key in the module instead of copying them in place?)
  module._load_from_state_dict(*args)
/scratch/jp09/dd9648/.venv-llava-video/lib64/python3.12/site-packages/transformers/modeling_utils.py:622: UserWarning: for vision_model.encoder.layers.7.self_attn.q_proj.bias: copying from a non-meta parameter in the checkpoint to a meta parameter in the current model, which is a no-op. (Did you mean to pass `assign=True` to assign items in the state dictionary to their corresponding key in the module instead of copying them in place?)
  module._load_from_state_dict(*args)
/scratch/jp09/dd9648/.venv-llava-video/lib64/python3.12/site-packages/transformers/modeling_utils.py:622: UserWarning: for vision_model.encoder.layers.7.self_attn.out_proj.weight: copying from a non-meta parameter in the checkpoint to a meta parameter in the current model, which is a no-op. (Did you mean to pass `assign=True` to assign items in the state dictionary to their corresponding key in the module instead of copying them in place?)
  module._load_from_state_dict(*args)
/scratch/jp09/dd9648/.venv-llava-video/lib64/python3.12/site-packages/transformers/modeling_utils.py:622: UserWarning: for vision_model.encoder.layers.7.self_attn.out_proj.bias: copying from a non-meta parameter in the checkpoint to a meta parameter in the current model, which is a no-op. (Did you mean to pass `assign=True` to assign items in the state dictionary to their corresponding key in the module instead of copying them in place?)
  module._load_from_state_dict(*args)
/scratch/jp09/dd9648/.venv-llava-video/lib64/python3.12/site-packages/transformers/modeling_utils.py:622: UserWarning: for vision_model.encoder.layers.7.layer_norm1.weight: copying from a non-meta parameter in the checkpoint to a meta parameter in the current model, which is a no-op. (Did you mean to pass `assign=True` to assign items in the state dictionary to their corresponding key in the module instead of copying them in place?)
  module._load_from_state_dict(*args)
/scratch/jp09/dd9648/.venv-llava-video/lib64/python3.12/site-packages/transformers/modeling_utils.py:622: UserWarning: for vision_model.encoder.layers.7.layer_norm1.bias: copying from a non-meta parameter in the checkpoint to a meta parameter in the current model, which is a no-op. (Did you mean to pass `assign=True` to assign items in the state dictionary to their corresponding key in the module instead of copying them in place?)
  module._load_from_state_dict(*args)
/scratch/jp09/dd9648/.venv-llava-video/lib64/python3.12/site-packages/transformers/modeling_utils.py:622: UserWarning: for vision_model.encoder.layers.7.mlp.fc1.weight: copying from a non-meta parameter in the checkpoint to a meta parameter in the current model, which is a no-op. (Did you mean to pass `assign=True` to assign items in the state dictionary to their corresponding key in the module instead of copying them in place?)
  module._load_from_state_dict(*args)
/scratch/jp09/dd9648/.venv-llava-video/lib64/python3.12/site-packages/transformers/modeling_utils.py:622: UserWarning: for vision_model.encoder.layers.7.mlp.fc1.bias: copying from a non-meta parameter in the checkpoint to a meta parameter in the current model, which is a no-op. (Did you mean to pass `assign=True` to assign items in the state dictionary to their corresponding key in the module instead of copying them in place?)
  module._load_from_state_dict(*args)
/scratch/jp09/dd9648/.venv-llava-video/lib64/python3.12/site-packages/transformers/modeling_utils.py:622: UserWarning: for vision_model.encoder.layers.7.mlp.fc2.weight: copying from a non-meta parameter in the checkpoint to a meta parameter in the current model, which is a no-op. (Did you mean to pass `assign=True` to assign items in the state dictionary to their corresponding key in the module instead of copying them in place?)
  module._load_from_state_dict(*args)
/scratch/jp09/dd9648/.venv-llava-video/lib64/python3.12/site-packages/transformers/modeling_utils.py:622: UserWarning: for vision_model.encoder.layers.7.mlp.fc2.bias: copying from a non-meta parameter in the checkpoint to a meta parameter in the current model, which is a no-op. (Did you mean to pass `assign=True` to assign items in the state dictionary to their corresponding key in the module instead of copying them in place?)
  module._load_from_state_dict(*args)
/scratch/jp09/dd9648/.venv-llava-video/lib64/python3.12/site-packages/transformers/modeling_utils.py:622: UserWarning: for vision_model.encoder.layers.7.layer_norm2.weight: copying from a non-meta parameter in the checkpoint to a meta parameter in the current model, which is a no-op. (Did you mean to pass `assign=True` to assign items in the state dictionary to their corresponding key in the module instead of copying them in place?)
  module._load_from_state_dict(*args)
/scratch/jp09/dd9648/.venv-llava-video/lib64/python3.12/site-packages/transformers/modeling_utils.py:622: UserWarning: for vision_model.encoder.layers.7.layer_norm2.bias: copying from a non-meta parameter in the checkpoint to a meta parameter in the current model, which is a no-op. (Did you mean to pass `assign=True` to assign items in the state dictionary to their corresponding key in the module instead of copying them in place?)
  module._load_from_state_dict(*args)
/scratch/jp09/dd9648/.venv-llava-video/lib64/python3.12/site-packages/transformers/modeling_utils.py:622: UserWarning: for vision_model.encoder.layers.8.self_attn.k_proj.weight: copying from a non-meta parameter in the checkpoint to a meta parameter in the current model, which is a no-op. (Did you mean to pass `assign=True` to assign items in the state dictionary to their corresponding key in the module instead of copying them in place?)
  module._load_from_state_dict(*args)
/scratch/jp09/dd9648/.venv-llava-video/lib64/python3.12/site-packages/transformers/modeling_utils.py:622: UserWarning: for vision_model.encoder.layers.8.self_attn.k_proj.bias: copying from a non-meta parameter in the checkpoint to a meta parameter in the current model, which is a no-op. (Did you mean to pass `assign=True` to assign items in the state dictionary to their corresponding key in the module instead of copying them in place?)
  module._load_from_state_dict(*args)
/scratch/jp09/dd9648/.venv-llava-video/lib64/python3.12/site-packages/transformers/modeling_utils.py:622: UserWarning: for vision_model.encoder.layers.8.self_attn.v_proj.weight: copying from a non-meta parameter in the checkpoint to a meta parameter in the current model, which is a no-op. (Did you mean to pass `assign=True` to assign items in the state dictionary to their corresponding key in the module instead of copying them in place?)
  module._load_from_state_dict(*args)
/scratch/jp09/dd9648/.venv-llava-video/lib64/python3.12/site-packages/transformers/modeling_utils.py:622: UserWarning: for vision_model.encoder.layers.8.self_attn.v_proj.bias: copying from a non-meta parameter in the checkpoint to a meta parameter in the current model, which is a no-op. (Did you mean to pass `assign=True` to assign items in the state dictionary to their corresponding key in the module instead of copying them in place?)
  module._load_from_state_dict(*args)
/scratch/jp09/dd9648/.venv-llava-video/lib64/python3.12/site-packages/transformers/modeling_utils.py:622: UserWarning: for vision_model.encoder.layers.8.self_attn.q_proj.weight: copying from a non-meta parameter in the checkpoint to a meta parameter in the current model, which is a no-op. (Did you mean to pass `assign=True` to assign items in the state dictionary to their corresponding key in the module instead of copying them in place?)
  module._load_from_state_dict(*args)
/scratch/jp09/dd9648/.venv-llava-video/lib64/python3.12/site-packages/transformers/modeling_utils.py:622: UserWarning: for vision_model.encoder.layers.8.self_attn.q_proj.bias: copying from a non-meta parameter in the checkpoint to a meta parameter in the current model, which is a no-op. (Did you mean to pass `assign=True` to assign items in the state dictionary to their corresponding key in the module instead of copying them in place?)
  module._load_from_state_dict(*args)
/scratch/jp09/dd9648/.venv-llava-video/lib64/python3.12/site-packages/transformers/modeling_utils.py:622: UserWarning: for vision_model.encoder.layers.8.self_attn.out_proj.weight: copying from a non-meta parameter in the checkpoint to a meta parameter in the current model, which is a no-op. (Did you mean to pass `assign=True` to assign items in the state dictionary to their corresponding key in the module instead of copying them in place?)
  module._load_from_state_dict(*args)
/scratch/jp09/dd9648/.venv-llava-video/lib64/python3.12/site-packages/transformers/modeling_utils.py:622: UserWarning: for vision_model.encoder.layers.8.self_attn.out_proj.bias: copying from a non-meta parameter in the checkpoint to a meta parameter in the current model, which is a no-op. (Did you mean to pass `assign=True` to assign items in the state dictionary to their corresponding key in the module instead of copying them in place?)
  module._load_from_state_dict(*args)
/scratch/jp09/dd9648/.venv-llava-video/lib64/python3.12/site-packages/transformers/modeling_utils.py:622: UserWarning: for vision_model.encoder.layers.8.layer_norm1.weight: copying from a non-meta parameter in the checkpoint to a meta parameter in the current model, which is a no-op. (Did you mean to pass `assign=True` to assign items in the state dictionary to their corresponding key in the module instead of copying them in place?)
  module._load_from_state_dict(*args)
/scratch/jp09/dd9648/.venv-llava-video/lib64/python3.12/site-packages/transformers/modeling_utils.py:622: UserWarning: for vision_model.encoder.layers.8.layer_norm1.bias: copying from a non-meta parameter in the checkpoint to a meta parameter in the current model, which is a no-op. (Did you mean to pass `assign=True` to assign items in the state dictionary to their corresponding key in the module instead of copying them in place?)
  module._load_from_state_dict(*args)
/scratch/jp09/dd9648/.venv-llava-video/lib64/python3.12/site-packages/transformers/modeling_utils.py:622: UserWarning: for vision_model.encoder.layers.8.mlp.fc1.weight: copying from a non-meta parameter in the checkpoint to a meta parameter in the current model, which is a no-op. (Did you mean to pass `assign=True` to assign items in the state dictionary to their corresponding key in the module instead of copying them in place?)
  module._load_from_state_dict(*args)
/scratch/jp09/dd9648/.venv-llava-video/lib64/python3.12/site-packages/transformers/modeling_utils.py:622: UserWarning: for vision_model.encoder.layers.8.mlp.fc1.bias: copying from a non-meta parameter in the checkpoint to a meta parameter in the current model, which is a no-op. (Did you mean to pass `assign=True` to assign items in the state dictionary to their corresponding key in the module instead of copying them in place?)
  module._load_from_state_dict(*args)
/scratch/jp09/dd9648/.venv-llava-video/lib64/python3.12/site-packages/transformers/modeling_utils.py:622: UserWarning: for vision_model.encoder.layers.8.mlp.fc2.weight: copying from a non-meta parameter in the checkpoint to a meta parameter in the current model, which is a no-op. (Did you mean to pass `assign=True` to assign items in the state dictionary to their corresponding key in the module instead of copying them in place?)
  module._load_from_state_dict(*args)
/scratch/jp09/dd9648/.venv-llava-video/lib64/python3.12/site-packages/transformers/modeling_utils.py:622: UserWarning: for vision_model.encoder.layers.8.mlp.fc2.bias: copying from a non-meta parameter in the checkpoint to a meta parameter in the current model, which is a no-op. (Did you mean to pass `assign=True` to assign items in the state dictionary to their corresponding key in the module instead of copying them in place?)
  module._load_from_state_dict(*args)
/scratch/jp09/dd9648/.venv-llava-video/lib64/python3.12/site-packages/transformers/modeling_utils.py:622: UserWarning: for vision_model.encoder.layers.8.layer_norm2.weight: copying from a non-meta parameter in the checkpoint to a meta parameter in the current model, which is a no-op. (Did you mean to pass `assign=True` to assign items in the state dictionary to their corresponding key in the module instead of copying them in place?)
  module._load_from_state_dict(*args)
/scratch/jp09/dd9648/.venv-llava-video/lib64/python3.12/site-packages/transformers/modeling_utils.py:622: UserWarning: for vision_model.encoder.layers.8.layer_norm2.bias: copying from a non-meta parameter in the checkpoint to a meta parameter in the current model, which is a no-op. (Did you mean to pass `assign=True` to assign items in the state dictionary to their corresponding key in the module instead of copying them in place?)
  module._load_from_state_dict(*args)
/scratch/jp09/dd9648/.venv-llava-video/lib64/python3.12/site-packages/transformers/modeling_utils.py:622: UserWarning: for vision_model.encoder.layers.9.self_attn.k_proj.weight: copying from a non-meta parameter in the checkpoint to a meta parameter in the current model, which is a no-op. (Did you mean to pass `assign=True` to assign items in the state dictionary to their corresponding key in the module instead of copying them in place?)
  module._load_from_state_dict(*args)
/scratch/jp09/dd9648/.venv-llava-video/lib64/python3.12/site-packages/transformers/modeling_utils.py:622: UserWarning: for vision_model.encoder.layers.9.self_attn.k_proj.bias: copying from a non-meta parameter in the checkpoint to a meta parameter in the current model, which is a no-op. (Did you mean to pass `assign=True` to assign items in the state dictionary to their corresponding key in the module instead of copying them in place?)
  module._load_from_state_dict(*args)
/scratch/jp09/dd9648/.venv-llava-video/lib64/python3.12/site-packages/transformers/modeling_utils.py:622: UserWarning: for vision_model.encoder.layers.9.self_attn.v_proj.weight: copying from a non-meta parameter in the checkpoint to a meta parameter in the current model, which is a no-op. (Did you mean to pass `assign=True` to assign items in the state dictionary to their corresponding key in the module instead of copying them in place?)
  module._load_from_state_dict(*args)
/scratch/jp09/dd9648/.venv-llava-video/lib64/python3.12/site-packages/transformers/modeling_utils.py:622: UserWarning: for vision_model.encoder.layers.9.self_attn.v_proj.bias: copying from a non-meta parameter in the checkpoint to a meta parameter in the current model, which is a no-op. (Did you mean to pass `assign=True` to assign items in the state dictionary to their corresponding key in the module instead of copying them in place?)
  module._load_from_state_dict(*args)
/scratch/jp09/dd9648/.venv-llava-video/lib64/python3.12/site-packages/transformers/modeling_utils.py:622: UserWarning: for vision_model.encoder.layers.9.self_attn.q_proj.weight: copying from a non-meta parameter in the checkpoint to a meta parameter in the current model, which is a no-op. (Did you mean to pass `assign=True` to assign items in the state dictionary to their corresponding key in the module instead of copying them in place?)
  module._load_from_state_dict(*args)
/scratch/jp09/dd9648/.venv-llava-video/lib64/python3.12/site-packages/transformers/modeling_utils.py:622: UserWarning: for vision_model.encoder.layers.9.self_attn.q_proj.bias: copying from a non-meta parameter in the checkpoint to a meta parameter in the current model, which is a no-op. (Did you mean to pass `assign=True` to assign items in the state dictionary to their corresponding key in the module instead of copying them in place?)
  module._load_from_state_dict(*args)
/scratch/jp09/dd9648/.venv-llava-video/lib64/python3.12/site-packages/transformers/modeling_utils.py:622: UserWarning: for vision_model.encoder.layers.9.self_attn.out_proj.weight: copying from a non-meta parameter in the checkpoint to a meta parameter in the current model, which is a no-op. (Did you mean to pass `assign=True` to assign items in the state dictionary to their corresponding key in the module instead of copying them in place?)
  module._load_from_state_dict(*args)
/scratch/jp09/dd9648/.venv-llava-video/lib64/python3.12/site-packages/transformers/modeling_utils.py:622: UserWarning: for vision_model.encoder.layers.9.self_attn.out_proj.bias: copying from a non-meta parameter in the checkpoint to a meta parameter in the current model, which is a no-op. (Did you mean to pass `assign=True` to assign items in the state dictionary to their corresponding key in the module instead of copying them in place?)
  module._load_from_state_dict(*args)
/scratch/jp09/dd9648/.venv-llava-video/lib64/python3.12/site-packages/transformers/modeling_utils.py:622: UserWarning: for vision_model.encoder.layers.9.layer_norm1.weight: copying from a non-meta parameter in the checkpoint to a meta parameter in the current model, which is a no-op. (Did you mean to pass `assign=True` to assign items in the state dictionary to their corresponding key in the module instead of copying them in place?)
  module._load_from_state_dict(*args)
/scratch/jp09/dd9648/.venv-llava-video/lib64/python3.12/site-packages/transformers/modeling_utils.py:622: UserWarning: for vision_model.encoder.layers.9.layer_norm1.bias: copying from a non-meta parameter in the checkpoint to a meta parameter in the current model, which is a no-op. (Did you mean to pass `assign=True` to assign items in the state dictionary to their corresponding key in the module instead of copying them in place?)
  module._load_from_state_dict(*args)
/scratch/jp09/dd9648/.venv-llava-video/lib64/python3.12/site-packages/transformers/modeling_utils.py:622: UserWarning: for vision_model.encoder.layers.9.mlp.fc1.weight: copying from a non-meta parameter in the checkpoint to a meta parameter in the current model, which is a no-op. (Did you mean to pass `assign=True` to assign items in the state dictionary to their corresponding key in the module instead of copying them in place?)
  module._load_from_state_dict(*args)
/scratch/jp09/dd9648/.venv-llava-video/lib64/python3.12/site-packages/transformers/modeling_utils.py:622: UserWarning: for vision_model.encoder.layers.9.mlp.fc1.bias: copying from a non-meta parameter in the checkpoint to a meta parameter in the current model, which is a no-op. (Did you mean to pass `assign=True` to assign items in the state dictionary to their corresponding key in the module instead of copying them in place?)
  module._load_from_state_dict(*args)
/scratch/jp09/dd9648/.venv-llava-video/lib64/python3.12/site-packages/transformers/modeling_utils.py:622: UserWarning: for vision_model.encoder.layers.9.mlp.fc2.weight: copying from a non-meta parameter in the checkpoint to a meta parameter in the current model, which is a no-op. (Did you mean to pass `assign=True` to assign items in the state dictionary to their corresponding key in the module instead of copying them in place?)
  module._load_from_state_dict(*args)
/scratch/jp09/dd9648/.venv-llava-video/lib64/python3.12/site-packages/transformers/modeling_utils.py:622: UserWarning: for vision_model.encoder.layers.9.mlp.fc2.bias: copying from a non-meta parameter in the checkpoint to a meta parameter in the current model, which is a no-op. (Did you mean to pass `assign=True` to assign items in the state dictionary to their corresponding key in the module instead of copying them in place?)
  module._load_from_state_dict(*args)
/scratch/jp09/dd9648/.venv-llava-video/lib64/python3.12/site-packages/transformers/modeling_utils.py:622: UserWarning: for vision_model.encoder.layers.9.layer_norm2.weight: copying from a non-meta parameter in the checkpoint to a meta parameter in the current model, which is a no-op. (Did you mean to pass `assign=True` to assign items in the state dictionary to their corresponding key in the module instead of copying them in place?)
  module._load_from_state_dict(*args)
/scratch/jp09/dd9648/.venv-llava-video/lib64/python3.12/site-packages/transformers/modeling_utils.py:622: UserWarning: for vision_model.encoder.layers.9.layer_norm2.bias: copying from a non-meta parameter in the checkpoint to a meta parameter in the current model, which is a no-op. (Did you mean to pass `assign=True` to assign items in the state dictionary to their corresponding key in the module instead of copying them in place?)
  module._load_from_state_dict(*args)
/scratch/jp09/dd9648/.venv-llava-video/lib64/python3.12/site-packages/transformers/modeling_utils.py:622: UserWarning: for vision_model.encoder.layers.10.self_attn.k_proj.weight: copying from a non-meta parameter in the checkpoint to a meta parameter in the current model, which is a no-op. (Did you mean to pass `assign=True` to assign items in the state dictionary to their corresponding key in the module instead of copying them in place?)
  module._load_from_state_dict(*args)
/scratch/jp09/dd9648/.venv-llava-video/lib64/python3.12/site-packages/transformers/modeling_utils.py:622: UserWarning: for vision_model.encoder.layers.10.self_attn.k_proj.bias: copying from a non-meta parameter in the checkpoint to a meta parameter in the current model, which is a no-op. (Did you mean to pass `assign=True` to assign items in the state dictionary to their corresponding key in the module instead of copying them in place?)
  module._load_from_state_dict(*args)
/scratch/jp09/dd9648/.venv-llava-video/lib64/python3.12/site-packages/transformers/modeling_utils.py:622: UserWarning: for vision_model.encoder.layers.10.self_attn.v_proj.weight: copying from a non-meta parameter in the checkpoint to a meta parameter in the current model, which is a no-op. (Did you mean to pass `assign=True` to assign items in the state dictionary to their corresponding key in the module instead of copying them in place?)
  module._load_from_state_dict(*args)
/scratch/jp09/dd9648/.venv-llava-video/lib64/python3.12/site-packages/transformers/modeling_utils.py:622: UserWarning: for vision_model.encoder.layers.10.self_attn.v_proj.bias: copying from a non-meta parameter in the checkpoint to a meta parameter in the current model, which is a no-op. (Did you mean to pass `assign=True` to assign items in the state dictionary to their corresponding key in the module instead of copying them in place?)
  module._load_from_state_dict(*args)
/scratch/jp09/dd9648/.venv-llava-video/lib64/python3.12/site-packages/transformers/modeling_utils.py:622: UserWarning: for vision_model.encoder.layers.10.self_attn.q_proj.weight: copying from a non-meta parameter in the checkpoint to a meta parameter in the current model, which is a no-op. (Did you mean to pass `assign=True` to assign items in the state dictionary to their corresponding key in the module instead of copying them in place?)
  module._load_from_state_dict(*args)
/scratch/jp09/dd9648/.venv-llava-video/lib64/python3.12/site-packages/transformers/modeling_utils.py:622: UserWarning: for vision_model.encoder.layers.10.self_attn.q_proj.bias: copying from a non-meta parameter in the checkpoint to a meta parameter in the current model, which is a no-op. (Did you mean to pass `assign=True` to assign items in the state dictionary to their corresponding key in the module instead of copying them in place?)
  module._load_from_state_dict(*args)
/scratch/jp09/dd9648/.venv-llava-video/lib64/python3.12/site-packages/transformers/modeling_utils.py:622: UserWarning: for vision_model.encoder.layers.10.self_attn.out_proj.weight: copying from a non-meta parameter in the checkpoint to a meta parameter in the current model, which is a no-op. (Did you mean to pass `assign=True` to assign items in the state dictionary to their corresponding key in the module instead of copying them in place?)
  module._load_from_state_dict(*args)
/scratch/jp09/dd9648/.venv-llava-video/lib64/python3.12/site-packages/transformers/modeling_utils.py:622: UserWarning: for vision_model.encoder.layers.10.self_attn.out_proj.bias: copying from a non-meta parameter in the checkpoint to a meta parameter in the current model, which is a no-op. (Did you mean to pass `assign=True` to assign items in the state dictionary to their corresponding key in the module instead of copying them in place?)
  module._load_from_state_dict(*args)
/scratch/jp09/dd9648/.venv-llava-video/lib64/python3.12/site-packages/transformers/modeling_utils.py:622: UserWarning: for vision_model.encoder.layers.10.layer_norm1.weight: copying from a non-meta parameter in the checkpoint to a meta parameter in the current model, which is a no-op. (Did you mean to pass `assign=True` to assign items in the state dictionary to their corresponding key in the module instead of copying them in place?)
  module._load_from_state_dict(*args)
/scratch/jp09/dd9648/.venv-llava-video/lib64/python3.12/site-packages/transformers/modeling_utils.py:622: UserWarning: for vision_model.encoder.layers.10.layer_norm1.bias: copying from a non-meta parameter in the checkpoint to a meta parameter in the current model, which is a no-op. (Did you mean to pass `assign=True` to assign items in the state dictionary to their corresponding key in the module instead of copying them in place?)
  module._load_from_state_dict(*args)
/scratch/jp09/dd9648/.venv-llava-video/lib64/python3.12/site-packages/transformers/modeling_utils.py:622: UserWarning: for vision_model.encoder.layers.10.mlp.fc1.weight: copying from a non-meta parameter in the checkpoint to a meta parameter in the current model, which is a no-op. (Did you mean to pass `assign=True` to assign items in the state dictionary to their corresponding key in the module instead of copying them in place?)
  module._load_from_state_dict(*args)
/scratch/jp09/dd9648/.venv-llava-video/lib64/python3.12/site-packages/transformers/modeling_utils.py:622: UserWarning: for vision_model.encoder.layers.10.mlp.fc1.bias: copying from a non-meta parameter in the checkpoint to a meta parameter in the current model, which is a no-op. (Did you mean to pass `assign=True` to assign items in the state dictionary to their corresponding key in the module instead of copying them in place?)
  module._load_from_state_dict(*args)
/scratch/jp09/dd9648/.venv-llava-video/lib64/python3.12/site-packages/transformers/modeling_utils.py:622: UserWarning: for vision_model.encoder.layers.10.mlp.fc2.weight: copying from a non-meta parameter in the checkpoint to a meta parameter in the current model, which is a no-op. (Did you mean to pass `assign=True` to assign items in the state dictionary to their corresponding key in the module instead of copying them in place?)
  module._load_from_state_dict(*args)
/scratch/jp09/dd9648/.venv-llava-video/lib64/python3.12/site-packages/transformers/modeling_utils.py:622: UserWarning: for vision_model.encoder.layers.10.mlp.fc2.bias: copying from a non-meta parameter in the checkpoint to a meta parameter in the current model, which is a no-op. (Did you mean to pass `assign=True` to assign items in the state dictionary to their corresponding key in the module instead of copying them in place?)
  module._load_from_state_dict(*args)
/scratch/jp09/dd9648/.venv-llava-video/lib64/python3.12/site-packages/transformers/modeling_utils.py:622: UserWarning: for vision_model.encoder.layers.10.layer_norm2.weight: copying from a non-meta parameter in the checkpoint to a meta parameter in the current model, which is a no-op. (Did you mean to pass `assign=True` to assign items in the state dictionary to their corresponding key in the module instead of copying them in place?)
  module._load_from_state_dict(*args)
/scratch/jp09/dd9648/.venv-llava-video/lib64/python3.12/site-packages/transformers/modeling_utils.py:622: UserWarning: for vision_model.encoder.layers.10.layer_norm2.bias: copying from a non-meta parameter in the checkpoint to a meta parameter in the current model, which is a no-op. (Did you mean to pass `assign=True` to assign items in the state dictionary to their corresponding key in the module instead of copying them in place?)
  module._load_from_state_dict(*args)
/scratch/jp09/dd9648/.venv-llava-video/lib64/python3.12/site-packages/transformers/modeling_utils.py:622: UserWarning: for vision_model.encoder.layers.11.self_attn.k_proj.weight: copying from a non-meta parameter in the checkpoint to a meta parameter in the current model, which is a no-op. (Did you mean to pass `assign=True` to assign items in the state dictionary to their corresponding key in the module instead of copying them in place?)
  module._load_from_state_dict(*args)
/scratch/jp09/dd9648/.venv-llava-video/lib64/python3.12/site-packages/transformers/modeling_utils.py:622: UserWarning: for vision_model.encoder.layers.11.self_attn.k_proj.bias: copying from a non-meta parameter in the checkpoint to a meta parameter in the current model, which is a no-op. (Did you mean to pass `assign=True` to assign items in the state dictionary to their corresponding key in the module instead of copying them in place?)
  module._load_from_state_dict(*args)
/scratch/jp09/dd9648/.venv-llava-video/lib64/python3.12/site-packages/transformers/modeling_utils.py:622: UserWarning: for vision_model.encoder.layers.11.self_attn.v_proj.weight: copying from a non-meta parameter in the checkpoint to a meta parameter in the current model, which is a no-op. (Did you mean to pass `assign=True` to assign items in the state dictionary to their corresponding key in the module instead of copying them in place?)
  module._load_from_state_dict(*args)
/scratch/jp09/dd9648/.venv-llava-video/lib64/python3.12/site-packages/transformers/modeling_utils.py:622: UserWarning: for vision_model.encoder.layers.11.self_attn.v_proj.bias: copying from a non-meta parameter in the checkpoint to a meta parameter in the current model, which is a no-op. (Did you mean to pass `assign=True` to assign items in the state dictionary to their corresponding key in the module instead of copying them in place?)
  module._load_from_state_dict(*args)
/scratch/jp09/dd9648/.venv-llava-video/lib64/python3.12/site-packages/transformers/modeling_utils.py:622: UserWarning: for vision_model.encoder.layers.11.self_attn.q_proj.weight: copying from a non-meta parameter in the checkpoint to a meta parameter in the current model, which is a no-op. (Did you mean to pass `assign=True` to assign items in the state dictionary to their corresponding key in the module instead of copying them in place?)
  module._load_from_state_dict(*args)
/scratch/jp09/dd9648/.venv-llava-video/lib64/python3.12/site-packages/transformers/modeling_utils.py:622: UserWarning: for vision_model.encoder.layers.11.self_attn.q_proj.bias: copying from a non-meta parameter in the checkpoint to a meta parameter in the current model, which is a no-op. (Did you mean to pass `assign=True` to assign items in the state dictionary to their corresponding key in the module instead of copying them in place?)
  module._load_from_state_dict(*args)
/scratch/jp09/dd9648/.venv-llava-video/lib64/python3.12/site-packages/transformers/modeling_utils.py:622: UserWarning: for vision_model.encoder.layers.11.self_attn.out_proj.weight: copying from a non-meta parameter in the checkpoint to a meta parameter in the current model, which is a no-op. (Did you mean to pass `assign=True` to assign items in the state dictionary to their corresponding key in the module instead of copying them in place?)
  module._load_from_state_dict(*args)
/scratch/jp09/dd9648/.venv-llava-video/lib64/python3.12/site-packages/transformers/modeling_utils.py:622: UserWarning: for vision_model.encoder.layers.11.self_attn.out_proj.bias: copying from a non-meta parameter in the checkpoint to a meta parameter in the current model, which is a no-op. (Did you mean to pass `assign=True` to assign items in the state dictionary to their corresponding key in the module instead of copying them in place?)
  module._load_from_state_dict(*args)
/scratch/jp09/dd9648/.venv-llava-video/lib64/python3.12/site-packages/transformers/modeling_utils.py:622: UserWarning: for vision_model.encoder.layers.11.layer_norm1.weight: copying from a non-meta parameter in the checkpoint to a meta parameter in the current model, which is a no-op. (Did you mean to pass `assign=True` to assign items in the state dictionary to their corresponding key in the module instead of copying them in place?)
  module._load_from_state_dict(*args)
/scratch/jp09/dd9648/.venv-llava-video/lib64/python3.12/site-packages/transformers/modeling_utils.py:622: UserWarning: for vision_model.encoder.layers.11.layer_norm1.bias: copying from a non-meta parameter in the checkpoint to a meta parameter in the current model, which is a no-op. (Did you mean to pass `assign=True` to assign items in the state dictionary to their corresponding key in the module instead of copying them in place?)
  module._load_from_state_dict(*args)
/scratch/jp09/dd9648/.venv-llava-video/lib64/python3.12/site-packages/transformers/modeling_utils.py:622: UserWarning: for vision_model.encoder.layers.11.mlp.fc1.weight: copying from a non-meta parameter in the checkpoint to a meta parameter in the current model, which is a no-op. (Did you mean to pass `assign=True` to assign items in the state dictionary to their corresponding key in the module instead of copying them in place?)
  module._load_from_state_dict(*args)
/scratch/jp09/dd9648/.venv-llava-video/lib64/python3.12/site-packages/transformers/modeling_utils.py:622: UserWarning: for vision_model.encoder.layers.11.mlp.fc1.bias: copying from a non-meta parameter in the checkpoint to a meta parameter in the current model, which is a no-op. (Did you mean to pass `assign=True` to assign items in the state dictionary to their corresponding key in the module instead of copying them in place?)
  module._load_from_state_dict(*args)
/scratch/jp09/dd9648/.venv-llava-video/lib64/python3.12/site-packages/transformers/modeling_utils.py:622: UserWarning: for vision_model.encoder.layers.11.mlp.fc2.weight: copying from a non-meta parameter in the checkpoint to a meta parameter in the current model, which is a no-op. (Did you mean to pass `assign=True` to assign items in the state dictionary to their corresponding key in the module instead of copying them in place?)
  module._load_from_state_dict(*args)
/scratch/jp09/dd9648/.venv-llava-video/lib64/python3.12/site-packages/transformers/modeling_utils.py:622: UserWarning: for vision_model.encoder.layers.11.mlp.fc2.bias: copying from a non-meta parameter in the checkpoint to a meta parameter in the current model, which is a no-op. (Did you mean to pass `assign=True` to assign items in the state dictionary to their corresponding key in the module instead of copying them in place?)
  module._load_from_state_dict(*args)
/scratch/jp09/dd9648/.venv-llava-video/lib64/python3.12/site-packages/transformers/modeling_utils.py:622: UserWarning: for vision_model.encoder.layers.11.layer_norm2.weight: copying from a non-meta parameter in the checkpoint to a meta parameter in the current model, which is a no-op. (Did you mean to pass `assign=True` to assign items in the state dictionary to their corresponding key in the module instead of copying them in place?)
  module._load_from_state_dict(*args)
/scratch/jp09/dd9648/.venv-llava-video/lib64/python3.12/site-packages/transformers/modeling_utils.py:622: UserWarning: for vision_model.encoder.layers.11.layer_norm2.bias: copying from a non-meta parameter in the checkpoint to a meta parameter in the current model, which is a no-op. (Did you mean to pass `assign=True` to assign items in the state dictionary to their corresponding key in the module instead of copying them in place?)
  module._load_from_state_dict(*args)
/scratch/jp09/dd9648/.venv-llava-video/lib64/python3.12/site-packages/transformers/modeling_utils.py:622: UserWarning: for vision_model.encoder.layers.12.self_attn.k_proj.weight: copying from a non-meta parameter in the checkpoint to a meta parameter in the current model, which is a no-op. (Did you mean to pass `assign=True` to assign items in the state dictionary to their corresponding key in the module instead of copying them in place?)
  module._load_from_state_dict(*args)
/scratch/jp09/dd9648/.venv-llava-video/lib64/python3.12/site-packages/transformers/modeling_utils.py:622: UserWarning: for vision_model.encoder.layers.12.self_attn.k_proj.bias: copying from a non-meta parameter in the checkpoint to a meta parameter in the current model, which is a no-op. (Did you mean to pass `assign=True` to assign items in the state dictionary to their corresponding key in the module instead of copying them in place?)
  module._load_from_state_dict(*args)
/scratch/jp09/dd9648/.venv-llava-video/lib64/python3.12/site-packages/transformers/modeling_utils.py:622: UserWarning: for vision_model.encoder.layers.12.self_attn.v_proj.weight: copying from a non-meta parameter in the checkpoint to a meta parameter in the current model, which is a no-op. (Did you mean to pass `assign=True` to assign items in the state dictionary to their corresponding key in the module instead of copying them in place?)
  module._load_from_state_dict(*args)
/scratch/jp09/dd9648/.venv-llava-video/lib64/python3.12/site-packages/transformers/modeling_utils.py:622: UserWarning: for vision_model.encoder.layers.12.self_attn.v_proj.bias: copying from a non-meta parameter in the checkpoint to a meta parameter in the current model, which is a no-op. (Did you mean to pass `assign=True` to assign items in the state dictionary to their corresponding key in the module instead of copying them in place?)
  module._load_from_state_dict(*args)
/scratch/jp09/dd9648/.venv-llava-video/lib64/python3.12/site-packages/transformers/modeling_utils.py:622: UserWarning: for vision_model.encoder.layers.12.self_attn.q_proj.weight: copying from a non-meta parameter in the checkpoint to a meta parameter in the current model, which is a no-op. (Did you mean to pass `assign=True` to assign items in the state dictionary to their corresponding key in the module instead of copying them in place?)
  module._load_from_state_dict(*args)
/scratch/jp09/dd9648/.venv-llava-video/lib64/python3.12/site-packages/transformers/modeling_utils.py:622: UserWarning: for vision_model.encoder.layers.12.self_attn.q_proj.bias: copying from a non-meta parameter in the checkpoint to a meta parameter in the current model, which is a no-op. (Did you mean to pass `assign=True` to assign items in the state dictionary to their corresponding key in the module instead of copying them in place?)
  module._load_from_state_dict(*args)
/scratch/jp09/dd9648/.venv-llava-video/lib64/python3.12/site-packages/transformers/modeling_utils.py:622: UserWarning: for vision_model.encoder.layers.12.self_attn.out_proj.weight: copying from a non-meta parameter in the checkpoint to a meta parameter in the current model, which is a no-op. (Did you mean to pass `assign=True` to assign items in the state dictionary to their corresponding key in the module instead of copying them in place?)
  module._load_from_state_dict(*args)
/scratch/jp09/dd9648/.venv-llava-video/lib64/python3.12/site-packages/transformers/modeling_utils.py:622: UserWarning: for vision_model.encoder.layers.12.self_attn.out_proj.bias: copying from a non-meta parameter in the checkpoint to a meta parameter in the current model, which is a no-op. (Did you mean to pass `assign=True` to assign items in the state dictionary to their corresponding key in the module instead of copying them in place?)
  module._load_from_state_dict(*args)
/scratch/jp09/dd9648/.venv-llava-video/lib64/python3.12/site-packages/transformers/modeling_utils.py:622: UserWarning: for vision_model.encoder.layers.12.layer_norm1.weight: copying from a non-meta parameter in the checkpoint to a meta parameter in the current model, which is a no-op. (Did you mean to pass `assign=True` to assign items in the state dictionary to their corresponding key in the module instead of copying them in place?)
  module._load_from_state_dict(*args)
/scratch/jp09/dd9648/.venv-llava-video/lib64/python3.12/site-packages/transformers/modeling_utils.py:622: UserWarning: for vision_model.encoder.layers.12.layer_norm1.bias: copying from a non-meta parameter in the checkpoint to a meta parameter in the current model, which is a no-op. (Did you mean to pass `assign=True` to assign items in the state dictionary to their corresponding key in the module instead of copying them in place?)
  module._load_from_state_dict(*args)
/scratch/jp09/dd9648/.venv-llava-video/lib64/python3.12/site-packages/transformers/modeling_utils.py:622: UserWarning: for vision_model.encoder.layers.12.mlp.fc1.weight: copying from a non-meta parameter in the checkpoint to a meta parameter in the current model, which is a no-op. (Did you mean to pass `assign=True` to assign items in the state dictionary to their corresponding key in the module instead of copying them in place?)
  module._load_from_state_dict(*args)
/scratch/jp09/dd9648/.venv-llava-video/lib64/python3.12/site-packages/transformers/modeling_utils.py:622: UserWarning: for vision_model.encoder.layers.12.mlp.fc1.bias: copying from a non-meta parameter in the checkpoint to a meta parameter in the current model, which is a no-op. (Did you mean to pass `assign=True` to assign items in the state dictionary to their corresponding key in the module instead of copying them in place?)
  module._load_from_state_dict(*args)
/scratch/jp09/dd9648/.venv-llava-video/lib64/python3.12/site-packages/transformers/modeling_utils.py:622: UserWarning: for vision_model.encoder.layers.12.mlp.fc2.weight: copying from a non-meta parameter in the checkpoint to a meta parameter in the current model, which is a no-op. (Did you mean to pass `assign=True` to assign items in the state dictionary to their corresponding key in the module instead of copying them in place?)
  module._load_from_state_dict(*args)
/scratch/jp09/dd9648/.venv-llava-video/lib64/python3.12/site-packages/transformers/modeling_utils.py:622: UserWarning: for vision_model.encoder.layers.12.mlp.fc2.bias: copying from a non-meta parameter in the checkpoint to a meta parameter in the current model, which is a no-op. (Did you mean to pass `assign=True` to assign items in the state dictionary to their corresponding key in the module instead of copying them in place?)
  module._load_from_state_dict(*args)
/scratch/jp09/dd9648/.venv-llava-video/lib64/python3.12/site-packages/transformers/modeling_utils.py:622: UserWarning: for vision_model.encoder.layers.12.layer_norm2.weight: copying from a non-meta parameter in the checkpoint to a meta parameter in the current model, which is a no-op. (Did you mean to pass `assign=True` to assign items in the state dictionary to their corresponding key in the module instead of copying them in place?)
  module._load_from_state_dict(*args)
/scratch/jp09/dd9648/.venv-llava-video/lib64/python3.12/site-packages/transformers/modeling_utils.py:622: UserWarning: for vision_model.encoder.layers.12.layer_norm2.bias: copying from a non-meta parameter in the checkpoint to a meta parameter in the current model, which is a no-op. (Did you mean to pass `assign=True` to assign items in the state dictionary to their corresponding key in the module instead of copying them in place?)
  module._load_from_state_dict(*args)
/scratch/jp09/dd9648/.venv-llava-video/lib64/python3.12/site-packages/transformers/modeling_utils.py:622: UserWarning: for vision_model.encoder.layers.13.self_attn.k_proj.weight: copying from a non-meta parameter in the checkpoint to a meta parameter in the current model, which is a no-op. (Did you mean to pass `assign=True` to assign items in the state dictionary to their corresponding key in the module instead of copying them in place?)
  module._load_from_state_dict(*args)
/scratch/jp09/dd9648/.venv-llava-video/lib64/python3.12/site-packages/transformers/modeling_utils.py:622: UserWarning: for vision_model.encoder.layers.13.self_attn.k_proj.bias: copying from a non-meta parameter in the checkpoint to a meta parameter in the current model, which is a no-op. (Did you mean to pass `assign=True` to assign items in the state dictionary to their corresponding key in the module instead of copying them in place?)
  module._load_from_state_dict(*args)
/scratch/jp09/dd9648/.venv-llava-video/lib64/python3.12/site-packages/transformers/modeling_utils.py:622: UserWarning: for vision_model.encoder.layers.13.self_attn.v_proj.weight: copying from a non-meta parameter in the checkpoint to a meta parameter in the current model, which is a no-op. (Did you mean to pass `assign=True` to assign items in the state dictionary to their corresponding key in the module instead of copying them in place?)
  module._load_from_state_dict(*args)
/scratch/jp09/dd9648/.venv-llava-video/lib64/python3.12/site-packages/transformers/modeling_utils.py:622: UserWarning: for vision_model.encoder.layers.13.self_attn.v_proj.bias: copying from a non-meta parameter in the checkpoint to a meta parameter in the current model, which is a no-op. (Did you mean to pass `assign=True` to assign items in the state dictionary to their corresponding key in the module instead of copying them in place?)
  module._load_from_state_dict(*args)
/scratch/jp09/dd9648/.venv-llava-video/lib64/python3.12/site-packages/transformers/modeling_utils.py:622: UserWarning: for vision_model.encoder.layers.13.self_attn.q_proj.weight: copying from a non-meta parameter in the checkpoint to a meta parameter in the current model, which is a no-op. (Did you mean to pass `assign=True` to assign items in the state dictionary to their corresponding key in the module instead of copying them in place?)
  module._load_from_state_dict(*args)
/scratch/jp09/dd9648/.venv-llava-video/lib64/python3.12/site-packages/transformers/modeling_utils.py:622: UserWarning: for vision_model.encoder.layers.13.self_attn.q_proj.bias: copying from a non-meta parameter in the checkpoint to a meta parameter in the current model, which is a no-op. (Did you mean to pass `assign=True` to assign items in the state dictionary to their corresponding key in the module instead of copying them in place?)
  module._load_from_state_dict(*args)
/scratch/jp09/dd9648/.venv-llava-video/lib64/python3.12/site-packages/transformers/modeling_utils.py:622: UserWarning: for vision_model.encoder.layers.13.self_attn.out_proj.weight: copying from a non-meta parameter in the checkpoint to a meta parameter in the current model, which is a no-op. (Did you mean to pass `assign=True` to assign items in the state dictionary to their corresponding key in the module instead of copying them in place?)
  module._load_from_state_dict(*args)
/scratch/jp09/dd9648/.venv-llava-video/lib64/python3.12/site-packages/transformers/modeling_utils.py:622: UserWarning: for vision_model.encoder.layers.13.self_attn.out_proj.bias: copying from a non-meta parameter in the checkpoint to a meta parameter in the current model, which is a no-op. (Did you mean to pass `assign=True` to assign items in the state dictionary to their corresponding key in the module instead of copying them in place?)
  module._load_from_state_dict(*args)
/scratch/jp09/dd9648/.venv-llava-video/lib64/python3.12/site-packages/transformers/modeling_utils.py:622: UserWarning: for vision_model.encoder.layers.13.layer_norm1.weight: copying from a non-meta parameter in the checkpoint to a meta parameter in the current model, which is a no-op. (Did you mean to pass `assign=True` to assign items in the state dictionary to their corresponding key in the module instead of copying them in place?)
  module._load_from_state_dict(*args)
/scratch/jp09/dd9648/.venv-llava-video/lib64/python3.12/site-packages/transformers/modeling_utils.py:622: UserWarning: for vision_model.encoder.layers.13.layer_norm1.bias: copying from a non-meta parameter in the checkpoint to a meta parameter in the current model, which is a no-op. (Did you mean to pass `assign=True` to assign items in the state dictionary to their corresponding key in the module instead of copying them in place?)
  module._load_from_state_dict(*args)
/scratch/jp09/dd9648/.venv-llava-video/lib64/python3.12/site-packages/transformers/modeling_utils.py:622: UserWarning: for vision_model.encoder.layers.13.mlp.fc1.weight: copying from a non-meta parameter in the checkpoint to a meta parameter in the current model, which is a no-op. (Did you mean to pass `assign=True` to assign items in the state dictionary to their corresponding key in the module instead of copying them in place?)
  module._load_from_state_dict(*args)
/scratch/jp09/dd9648/.venv-llava-video/lib64/python3.12/site-packages/transformers/modeling_utils.py:622: UserWarning: for vision_model.encoder.layers.13.mlp.fc1.bias: copying from a non-meta parameter in the checkpoint to a meta parameter in the current model, which is a no-op. (Did you mean to pass `assign=True` to assign items in the state dictionary to their corresponding key in the module instead of copying them in place?)
  module._load_from_state_dict(*args)
/scratch/jp09/dd9648/.venv-llava-video/lib64/python3.12/site-packages/transformers/modeling_utils.py:622: UserWarning: for vision_model.encoder.layers.13.mlp.fc2.weight: copying from a non-meta parameter in the checkpoint to a meta parameter in the current model, which is a no-op. (Did you mean to pass `assign=True` to assign items in the state dictionary to their corresponding key in the module instead of copying them in place?)
  module._load_from_state_dict(*args)
/scratch/jp09/dd9648/.venv-llava-video/lib64/python3.12/site-packages/transformers/modeling_utils.py:622: UserWarning: for vision_model.encoder.layers.13.mlp.fc2.bias: copying from a non-meta parameter in the checkpoint to a meta parameter in the current model, which is a no-op. (Did you mean to pass `assign=True` to assign items in the state dictionary to their corresponding key in the module instead of copying them in place?)
  module._load_from_state_dict(*args)
/scratch/jp09/dd9648/.venv-llava-video/lib64/python3.12/site-packages/transformers/modeling_utils.py:622: UserWarning: for vision_model.encoder.layers.13.layer_norm2.weight: copying from a non-meta parameter in the checkpoint to a meta parameter in the current model, which is a no-op. (Did you mean to pass `assign=True` to assign items in the state dictionary to their corresponding key in the module instead of copying them in place?)
  module._load_from_state_dict(*args)
/scratch/jp09/dd9648/.venv-llava-video/lib64/python3.12/site-packages/transformers/modeling_utils.py:622: UserWarning: for vision_model.encoder.layers.13.layer_norm2.bias: copying from a non-meta parameter in the checkpoint to a meta parameter in the current model, which is a no-op. (Did you mean to pass `assign=True` to assign items in the state dictionary to their corresponding key in the module instead of copying them in place?)
  module._load_from_state_dict(*args)
/scratch/jp09/dd9648/.venv-llava-video/lib64/python3.12/site-packages/transformers/modeling_utils.py:622: UserWarning: for vision_model.encoder.layers.14.self_attn.k_proj.weight: copying from a non-meta parameter in the checkpoint to a meta parameter in the current model, which is a no-op. (Did you mean to pass `assign=True` to assign items in the state dictionary to their corresponding key in the module instead of copying them in place?)
  module._load_from_state_dict(*args)
/scratch/jp09/dd9648/.venv-llava-video/lib64/python3.12/site-packages/transformers/modeling_utils.py:622: UserWarning: for vision_model.encoder.layers.14.self_attn.k_proj.bias: copying from a non-meta parameter in the checkpoint to a meta parameter in the current model, which is a no-op. (Did you mean to pass `assign=True` to assign items in the state dictionary to their corresponding key in the module instead of copying them in place?)
  module._load_from_state_dict(*args)
/scratch/jp09/dd9648/.venv-llava-video/lib64/python3.12/site-packages/transformers/modeling_utils.py:622: UserWarning: for vision_model.encoder.layers.14.self_attn.v_proj.weight: copying from a non-meta parameter in the checkpoint to a meta parameter in the current model, which is a no-op. (Did you mean to pass `assign=True` to assign items in the state dictionary to their corresponding key in the module instead of copying them in place?)
  module._load_from_state_dict(*args)
/scratch/jp09/dd9648/.venv-llava-video/lib64/python3.12/site-packages/transformers/modeling_utils.py:622: UserWarning: for vision_model.encoder.layers.14.self_attn.v_proj.bias: copying from a non-meta parameter in the checkpoint to a meta parameter in the current model, which is a no-op. (Did you mean to pass `assign=True` to assign items in the state dictionary to their corresponding key in the module instead of copying them in place?)
  module._load_from_state_dict(*args)
/scratch/jp09/dd9648/.venv-llava-video/lib64/python3.12/site-packages/transformers/modeling_utils.py:622: UserWarning: for vision_model.encoder.layers.14.self_attn.q_proj.weight: copying from a non-meta parameter in the checkpoint to a meta parameter in the current model, which is a no-op. (Did you mean to pass `assign=True` to assign items in the state dictionary to their corresponding key in the module instead of copying them in place?)
  module._load_from_state_dict(*args)
/scratch/jp09/dd9648/.venv-llava-video/lib64/python3.12/site-packages/transformers/modeling_utils.py:622: UserWarning: for vision_model.encoder.layers.14.self_attn.q_proj.bias: copying from a non-meta parameter in the checkpoint to a meta parameter in the current model, which is a no-op. (Did you mean to pass `assign=True` to assign items in the state dictionary to their corresponding key in the module instead of copying them in place?)
  module._load_from_state_dict(*args)
/scratch/jp09/dd9648/.venv-llava-video/lib64/python3.12/site-packages/transformers/modeling_utils.py:622: UserWarning: for vision_model.encoder.layers.14.self_attn.out_proj.weight: copying from a non-meta parameter in the checkpoint to a meta parameter in the current model, which is a no-op. (Did you mean to pass `assign=True` to assign items in the state dictionary to their corresponding key in the module instead of copying them in place?)
  module._load_from_state_dict(*args)
/scratch/jp09/dd9648/.venv-llava-video/lib64/python3.12/site-packages/transformers/modeling_utils.py:622: UserWarning: for vision_model.encoder.layers.14.self_attn.out_proj.bias: copying from a non-meta parameter in the checkpoint to a meta parameter in the current model, which is a no-op. (Did you mean to pass `assign=True` to assign items in the state dictionary to their corresponding key in the module instead of copying them in place?)
  module._load_from_state_dict(*args)
/scratch/jp09/dd9648/.venv-llava-video/lib64/python3.12/site-packages/transformers/modeling_utils.py:622: UserWarning: for vision_model.encoder.layers.14.layer_norm1.weight: copying from a non-meta parameter in the checkpoint to a meta parameter in the current model, which is a no-op. (Did you mean to pass `assign=True` to assign items in the state dictionary to their corresponding key in the module instead of copying them in place?)
  module._load_from_state_dict(*args)
/scratch/jp09/dd9648/.venv-llava-video/lib64/python3.12/site-packages/transformers/modeling_utils.py:622: UserWarning: for vision_model.encoder.layers.14.layer_norm1.bias: copying from a non-meta parameter in the checkpoint to a meta parameter in the current model, which is a no-op. (Did you mean to pass `assign=True` to assign items in the state dictionary to their corresponding key in the module instead of copying them in place?)
  module._load_from_state_dict(*args)
/scratch/jp09/dd9648/.venv-llava-video/lib64/python3.12/site-packages/transformers/modeling_utils.py:622: UserWarning: for vision_model.encoder.layers.14.mlp.fc1.weight: copying from a non-meta parameter in the checkpoint to a meta parameter in the current model, which is a no-op. (Did you mean to pass `assign=True` to assign items in the state dictionary to their corresponding key in the module instead of copying them in place?)
  module._load_from_state_dict(*args)
/scratch/jp09/dd9648/.venv-llava-video/lib64/python3.12/site-packages/transformers/modeling_utils.py:622: UserWarning: for vision_model.encoder.layers.14.mlp.fc1.bias: copying from a non-meta parameter in the checkpoint to a meta parameter in the current model, which is a no-op. (Did you mean to pass `assign=True` to assign items in the state dictionary to their corresponding key in the module instead of copying them in place?)
  module._load_from_state_dict(*args)
/scratch/jp09/dd9648/.venv-llava-video/lib64/python3.12/site-packages/transformers/modeling_utils.py:622: UserWarning: for vision_model.encoder.layers.14.mlp.fc2.weight: copying from a non-meta parameter in the checkpoint to a meta parameter in the current model, which is a no-op. (Did you mean to pass `assign=True` to assign items in the state dictionary to their corresponding key in the module instead of copying them in place?)
  module._load_from_state_dict(*args)
/scratch/jp09/dd9648/.venv-llava-video/lib64/python3.12/site-packages/transformers/modeling_utils.py:622: UserWarning: for vision_model.encoder.layers.14.mlp.fc2.bias: copying from a non-meta parameter in the checkpoint to a meta parameter in the current model, which is a no-op. (Did you mean to pass `assign=True` to assign items in the state dictionary to their corresponding key in the module instead of copying them in place?)
  module._load_from_state_dict(*args)
/scratch/jp09/dd9648/.venv-llava-video/lib64/python3.12/site-packages/transformers/modeling_utils.py:622: UserWarning: for vision_model.encoder.layers.14.layer_norm2.weight: copying from a non-meta parameter in the checkpoint to a meta parameter in the current model, which is a no-op. (Did you mean to pass `assign=True` to assign items in the state dictionary to their corresponding key in the module instead of copying them in place?)
  module._load_from_state_dict(*args)
/scratch/jp09/dd9648/.venv-llava-video/lib64/python3.12/site-packages/transformers/modeling_utils.py:622: UserWarning: for vision_model.encoder.layers.14.layer_norm2.bias: copying from a non-meta parameter in the checkpoint to a meta parameter in the current model, which is a no-op. (Did you mean to pass `assign=True` to assign items in the state dictionary to their corresponding key in the module instead of copying them in place?)
  module._load_from_state_dict(*args)
/scratch/jp09/dd9648/.venv-llava-video/lib64/python3.12/site-packages/transformers/modeling_utils.py:622: UserWarning: for vision_model.encoder.layers.15.self_attn.k_proj.weight: copying from a non-meta parameter in the checkpoint to a meta parameter in the current model, which is a no-op. (Did you mean to pass `assign=True` to assign items in the state dictionary to their corresponding key in the module instead of copying them in place?)
  module._load_from_state_dict(*args)
/scratch/jp09/dd9648/.venv-llava-video/lib64/python3.12/site-packages/transformers/modeling_utils.py:622: UserWarning: for vision_model.encoder.layers.15.self_attn.k_proj.bias: copying from a non-meta parameter in the checkpoint to a meta parameter in the current model, which is a no-op. (Did you mean to pass `assign=True` to assign items in the state dictionary to their corresponding key in the module instead of copying them in place?)
  module._load_from_state_dict(*args)
/scratch/jp09/dd9648/.venv-llava-video/lib64/python3.12/site-packages/transformers/modeling_utils.py:622: UserWarning: for vision_model.encoder.layers.15.self_attn.v_proj.weight: copying from a non-meta parameter in the checkpoint to a meta parameter in the current model, which is a no-op. (Did you mean to pass `assign=True` to assign items in the state dictionary to their corresponding key in the module instead of copying them in place?)
  module._load_from_state_dict(*args)
/scratch/jp09/dd9648/.venv-llava-video/lib64/python3.12/site-packages/transformers/modeling_utils.py:622: UserWarning: for vision_model.encoder.layers.15.self_attn.v_proj.bias: copying from a non-meta parameter in the checkpoint to a meta parameter in the current model, which is a no-op. (Did you mean to pass `assign=True` to assign items in the state dictionary to their corresponding key in the module instead of copying them in place?)
  module._load_from_state_dict(*args)
/scratch/jp09/dd9648/.venv-llava-video/lib64/python3.12/site-packages/transformers/modeling_utils.py:622: UserWarning: for vision_model.encoder.layers.15.self_attn.q_proj.weight: copying from a non-meta parameter in the checkpoint to a meta parameter in the current model, which is a no-op. (Did you mean to pass `assign=True` to assign items in the state dictionary to their corresponding key in the module instead of copying them in place?)
  module._load_from_state_dict(*args)
/scratch/jp09/dd9648/.venv-llava-video/lib64/python3.12/site-packages/transformers/modeling_utils.py:622: UserWarning: for vision_model.encoder.layers.15.self_attn.q_proj.bias: copying from a non-meta parameter in the checkpoint to a meta parameter in the current model, which is a no-op. (Did you mean to pass `assign=True` to assign items in the state dictionary to their corresponding key in the module instead of copying them in place?)
  module._load_from_state_dict(*args)
/scratch/jp09/dd9648/.venv-llava-video/lib64/python3.12/site-packages/transformers/modeling_utils.py:622: UserWarning: for vision_model.encoder.layers.15.self_attn.out_proj.weight: copying from a non-meta parameter in the checkpoint to a meta parameter in the current model, which is a no-op. (Did you mean to pass `assign=True` to assign items in the state dictionary to their corresponding key in the module instead of copying them in place?)
  module._load_from_state_dict(*args)
/scratch/jp09/dd9648/.venv-llava-video/lib64/python3.12/site-packages/transformers/modeling_utils.py:622: UserWarning: for vision_model.encoder.layers.15.self_attn.out_proj.bias: copying from a non-meta parameter in the checkpoint to a meta parameter in the current model, which is a no-op. (Did you mean to pass `assign=True` to assign items in the state dictionary to their corresponding key in the module instead of copying them in place?)
  module._load_from_state_dict(*args)
/scratch/jp09/dd9648/.venv-llava-video/lib64/python3.12/site-packages/transformers/modeling_utils.py:622: UserWarning: for vision_model.encoder.layers.15.layer_norm1.weight: copying from a non-meta parameter in the checkpoint to a meta parameter in the current model, which is a no-op. (Did you mean to pass `assign=True` to assign items in the state dictionary to their corresponding key in the module instead of copying them in place?)
  module._load_from_state_dict(*args)
/scratch/jp09/dd9648/.venv-llava-video/lib64/python3.12/site-packages/transformers/modeling_utils.py:622: UserWarning: for vision_model.encoder.layers.15.layer_norm1.bias: copying from a non-meta parameter in the checkpoint to a meta parameter in the current model, which is a no-op. (Did you mean to pass `assign=True` to assign items in the state dictionary to their corresponding key in the module instead of copying them in place?)
  module._load_from_state_dict(*args)
/scratch/jp09/dd9648/.venv-llava-video/lib64/python3.12/site-packages/transformers/modeling_utils.py:622: UserWarning: for vision_model.encoder.layers.15.mlp.fc1.weight: copying from a non-meta parameter in the checkpoint to a meta parameter in the current model, which is a no-op. (Did you mean to pass `assign=True` to assign items in the state dictionary to their corresponding key in the module instead of copying them in place?)
  module._load_from_state_dict(*args)
/scratch/jp09/dd9648/.venv-llava-video/lib64/python3.12/site-packages/transformers/modeling_utils.py:622: UserWarning: for vision_model.encoder.layers.15.mlp.fc1.bias: copying from a non-meta parameter in the checkpoint to a meta parameter in the current model, which is a no-op. (Did you mean to pass `assign=True` to assign items in the state dictionary to their corresponding key in the module instead of copying them in place?)
  module._load_from_state_dict(*args)
/scratch/jp09/dd9648/.venv-llava-video/lib64/python3.12/site-packages/transformers/modeling_utils.py:622: UserWarning: for vision_model.encoder.layers.15.mlp.fc2.weight: copying from a non-meta parameter in the checkpoint to a meta parameter in the current model, which is a no-op. (Did you mean to pass `assign=True` to assign items in the state dictionary to their corresponding key in the module instead of copying them in place?)
  module._load_from_state_dict(*args)
/scratch/jp09/dd9648/.venv-llava-video/lib64/python3.12/site-packages/transformers/modeling_utils.py:622: UserWarning: for vision_model.encoder.layers.15.mlp.fc2.bias: copying from a non-meta parameter in the checkpoint to a meta parameter in the current model, which is a no-op. (Did you mean to pass `assign=True` to assign items in the state dictionary to their corresponding key in the module instead of copying them in place?)
  module._load_from_state_dict(*args)
/scratch/jp09/dd9648/.venv-llava-video/lib64/python3.12/site-packages/transformers/modeling_utils.py:622: UserWarning: for vision_model.encoder.layers.15.layer_norm2.weight: copying from a non-meta parameter in the checkpoint to a meta parameter in the current model, which is a no-op. (Did you mean to pass `assign=True` to assign items in the state dictionary to their corresponding key in the module instead of copying them in place?)
  module._load_from_state_dict(*args)
/scratch/jp09/dd9648/.venv-llava-video/lib64/python3.12/site-packages/transformers/modeling_utils.py:622: UserWarning: for vision_model.encoder.layers.15.layer_norm2.bias: copying from a non-meta parameter in the checkpoint to a meta parameter in the current model, which is a no-op. (Did you mean to pass `assign=True` to assign items in the state dictionary to their corresponding key in the module instead of copying them in place?)
  module._load_from_state_dict(*args)
/scratch/jp09/dd9648/.venv-llava-video/lib64/python3.12/site-packages/transformers/modeling_utils.py:622: UserWarning: for vision_model.encoder.layers.16.self_attn.k_proj.weight: copying from a non-meta parameter in the checkpoint to a meta parameter in the current model, which is a no-op. (Did you mean to pass `assign=True` to assign items in the state dictionary to their corresponding key in the module instead of copying them in place?)
  module._load_from_state_dict(*args)
/scratch/jp09/dd9648/.venv-llava-video/lib64/python3.12/site-packages/transformers/modeling_utils.py:622: UserWarning: for vision_model.encoder.layers.16.self_attn.k_proj.bias: copying from a non-meta parameter in the checkpoint to a meta parameter in the current model, which is a no-op. (Did you mean to pass `assign=True` to assign items in the state dictionary to their corresponding key in the module instead of copying them in place?)
  module._load_from_state_dict(*args)
/scratch/jp09/dd9648/.venv-llava-video/lib64/python3.12/site-packages/transformers/modeling_utils.py:622: UserWarning: for vision_model.encoder.layers.16.self_attn.v_proj.weight: copying from a non-meta parameter in the checkpoint to a meta parameter in the current model, which is a no-op. (Did you mean to pass `assign=True` to assign items in the state dictionary to their corresponding key in the module instead of copying them in place?)
  module._load_from_state_dict(*args)
/scratch/jp09/dd9648/.venv-llava-video/lib64/python3.12/site-packages/transformers/modeling_utils.py:622: UserWarning: for vision_model.encoder.layers.16.self_attn.v_proj.bias: copying from a non-meta parameter in the checkpoint to a meta parameter in the current model, which is a no-op. (Did you mean to pass `assign=True` to assign items in the state dictionary to their corresponding key in the module instead of copying them in place?)
  module._load_from_state_dict(*args)
/scratch/jp09/dd9648/.venv-llava-video/lib64/python3.12/site-packages/transformers/modeling_utils.py:622: UserWarning: for vision_model.encoder.layers.16.self_attn.q_proj.weight: copying from a non-meta parameter in the checkpoint to a meta parameter in the current model, which is a no-op. (Did you mean to pass `assign=True` to assign items in the state dictionary to their corresponding key in the module instead of copying them in place?)
  module._load_from_state_dict(*args)
/scratch/jp09/dd9648/.venv-llava-video/lib64/python3.12/site-packages/transformers/modeling_utils.py:622: UserWarning: for vision_model.encoder.layers.16.self_attn.q_proj.bias: copying from a non-meta parameter in the checkpoint to a meta parameter in the current model, which is a no-op. (Did you mean to pass `assign=True` to assign items in the state dictionary to their corresponding key in the module instead of copying them in place?)
  module._load_from_state_dict(*args)
/scratch/jp09/dd9648/.venv-llava-video/lib64/python3.12/site-packages/transformers/modeling_utils.py:622: UserWarning: for vision_model.encoder.layers.16.self_attn.out_proj.weight: copying from a non-meta parameter in the checkpoint to a meta parameter in the current model, which is a no-op. (Did you mean to pass `assign=True` to assign items in the state dictionary to their corresponding key in the module instead of copying them in place?)
  module._load_from_state_dict(*args)
/scratch/jp09/dd9648/.venv-llava-video/lib64/python3.12/site-packages/transformers/modeling_utils.py:622: UserWarning: for vision_model.encoder.layers.16.self_attn.out_proj.bias: copying from a non-meta parameter in the checkpoint to a meta parameter in the current model, which is a no-op. (Did you mean to pass `assign=True` to assign items in the state dictionary to their corresponding key in the module instead of copying them in place?)
  module._load_from_state_dict(*args)
/scratch/jp09/dd9648/.venv-llava-video/lib64/python3.12/site-packages/transformers/modeling_utils.py:622: UserWarning: for vision_model.encoder.layers.16.layer_norm1.weight: copying from a non-meta parameter in the checkpoint to a meta parameter in the current model, which is a no-op. (Did you mean to pass `assign=True` to assign items in the state dictionary to their corresponding key in the module instead of copying them in place?)
  module._load_from_state_dict(*args)
/scratch/jp09/dd9648/.venv-llava-video/lib64/python3.12/site-packages/transformers/modeling_utils.py:622: UserWarning: for vision_model.encoder.layers.16.layer_norm1.bias: copying from a non-meta parameter in the checkpoint to a meta parameter in the current model, which is a no-op. (Did you mean to pass `assign=True` to assign items in the state dictionary to their corresponding key in the module instead of copying them in place?)
  module._load_from_state_dict(*args)
/scratch/jp09/dd9648/.venv-llava-video/lib64/python3.12/site-packages/transformers/modeling_utils.py:622: UserWarning: for vision_model.encoder.layers.16.mlp.fc1.weight: copying from a non-meta parameter in the checkpoint to a meta parameter in the current model, which is a no-op. (Did you mean to pass `assign=True` to assign items in the state dictionary to their corresponding key in the module instead of copying them in place?)
  module._load_from_state_dict(*args)
/scratch/jp09/dd9648/.venv-llava-video/lib64/python3.12/site-packages/transformers/modeling_utils.py:622: UserWarning: for vision_model.encoder.layers.16.mlp.fc1.bias: copying from a non-meta parameter in the checkpoint to a meta parameter in the current model, which is a no-op. (Did you mean to pass `assign=True` to assign items in the state dictionary to their corresponding key in the module instead of copying them in place?)
  module._load_from_state_dict(*args)
/scratch/jp09/dd9648/.venv-llava-video/lib64/python3.12/site-packages/transformers/modeling_utils.py:622: UserWarning: for vision_model.encoder.layers.16.mlp.fc2.weight: copying from a non-meta parameter in the checkpoint to a meta parameter in the current model, which is a no-op. (Did you mean to pass `assign=True` to assign items in the state dictionary to their corresponding key in the module instead of copying them in place?)
  module._load_from_state_dict(*args)
/scratch/jp09/dd9648/.venv-llava-video/lib64/python3.12/site-packages/transformers/modeling_utils.py:622: UserWarning: for vision_model.encoder.layers.16.mlp.fc2.bias: copying from a non-meta parameter in the checkpoint to a meta parameter in the current model, which is a no-op. (Did you mean to pass `assign=True` to assign items in the state dictionary to their corresponding key in the module instead of copying them in place?)
  module._load_from_state_dict(*args)
/scratch/jp09/dd9648/.venv-llava-video/lib64/python3.12/site-packages/transformers/modeling_utils.py:622: UserWarning: for vision_model.encoder.layers.16.layer_norm2.weight: copying from a non-meta parameter in the checkpoint to a meta parameter in the current model, which is a no-op. (Did you mean to pass `assign=True` to assign items in the state dictionary to their corresponding key in the module instead of copying them in place?)
  module._load_from_state_dict(*args)
/scratch/jp09/dd9648/.venv-llava-video/lib64/python3.12/site-packages/transformers/modeling_utils.py:622: UserWarning: for vision_model.encoder.layers.16.layer_norm2.bias: copying from a non-meta parameter in the checkpoint to a meta parameter in the current model, which is a no-op. (Did you mean to pass `assign=True` to assign items in the state dictionary to their corresponding key in the module instead of copying them in place?)
  module._load_from_state_dict(*args)
/scratch/jp09/dd9648/.venv-llava-video/lib64/python3.12/site-packages/transformers/modeling_utils.py:622: UserWarning: for vision_model.encoder.layers.17.self_attn.k_proj.weight: copying from a non-meta parameter in the checkpoint to a meta parameter in the current model, which is a no-op. (Did you mean to pass `assign=True` to assign items in the state dictionary to their corresponding key in the module instead of copying them in place?)
  module._load_from_state_dict(*args)
/scratch/jp09/dd9648/.venv-llava-video/lib64/python3.12/site-packages/transformers/modeling_utils.py:622: UserWarning: for vision_model.encoder.layers.17.self_attn.k_proj.bias: copying from a non-meta parameter in the checkpoint to a meta parameter in the current model, which is a no-op. (Did you mean to pass `assign=True` to assign items in the state dictionary to their corresponding key in the module instead of copying them in place?)
  module._load_from_state_dict(*args)
/scratch/jp09/dd9648/.venv-llava-video/lib64/python3.12/site-packages/transformers/modeling_utils.py:622: UserWarning: for vision_model.encoder.layers.17.self_attn.v_proj.weight: copying from a non-meta parameter in the checkpoint to a meta parameter in the current model, which is a no-op. (Did you mean to pass `assign=True` to assign items in the state dictionary to their corresponding key in the module instead of copying them in place?)
  module._load_from_state_dict(*args)
/scratch/jp09/dd9648/.venv-llava-video/lib64/python3.12/site-packages/transformers/modeling_utils.py:622: UserWarning: for vision_model.encoder.layers.17.self_attn.v_proj.bias: copying from a non-meta parameter in the checkpoint to a meta parameter in the current model, which is a no-op. (Did you mean to pass `assign=True` to assign items in the state dictionary to their corresponding key in the module instead of copying them in place?)
  module._load_from_state_dict(*args)
/scratch/jp09/dd9648/.venv-llava-video/lib64/python3.12/site-packages/transformers/modeling_utils.py:622: UserWarning: for vision_model.encoder.layers.17.self_attn.q_proj.weight: copying from a non-meta parameter in the checkpoint to a meta parameter in the current model, which is a no-op. (Did you mean to pass `assign=True` to assign items in the state dictionary to their corresponding key in the module instead of copying them in place?)
  module._load_from_state_dict(*args)
/scratch/jp09/dd9648/.venv-llava-video/lib64/python3.12/site-packages/transformers/modeling_utils.py:622: UserWarning: for vision_model.encoder.layers.17.self_attn.q_proj.bias: copying from a non-meta parameter in the checkpoint to a meta parameter in the current model, which is a no-op. (Did you mean to pass `assign=True` to assign items in the state dictionary to their corresponding key in the module instead of copying them in place?)
  module._load_from_state_dict(*args)
/scratch/jp09/dd9648/.venv-llava-video/lib64/python3.12/site-packages/transformers/modeling_utils.py:622: UserWarning: for vision_model.encoder.layers.17.self_attn.out_proj.weight: copying from a non-meta parameter in the checkpoint to a meta parameter in the current model, which is a no-op. (Did you mean to pass `assign=True` to assign items in the state dictionary to their corresponding key in the module instead of copying them in place?)
  module._load_from_state_dict(*args)
/scratch/jp09/dd9648/.venv-llava-video/lib64/python3.12/site-packages/transformers/modeling_utils.py:622: UserWarning: for vision_model.encoder.layers.17.self_attn.out_proj.bias: copying from a non-meta parameter in the checkpoint to a meta parameter in the current model, which is a no-op. (Did you mean to pass `assign=True` to assign items in the state dictionary to their corresponding key in the module instead of copying them in place?)
  module._load_from_state_dict(*args)
/scratch/jp09/dd9648/.venv-llava-video/lib64/python3.12/site-packages/transformers/modeling_utils.py:622: UserWarning: for vision_model.encoder.layers.17.layer_norm1.weight: copying from a non-meta parameter in the checkpoint to a meta parameter in the current model, which is a no-op. (Did you mean to pass `assign=True` to assign items in the state dictionary to their corresponding key in the module instead of copying them in place?)
  module._load_from_state_dict(*args)
/scratch/jp09/dd9648/.venv-llava-video/lib64/python3.12/site-packages/transformers/modeling_utils.py:622: UserWarning: for vision_model.encoder.layers.17.layer_norm1.bias: copying from a non-meta parameter in the checkpoint to a meta parameter in the current model, which is a no-op. (Did you mean to pass `assign=True` to assign items in the state dictionary to their corresponding key in the module instead of copying them in place?)
  module._load_from_state_dict(*args)
/scratch/jp09/dd9648/.venv-llava-video/lib64/python3.12/site-packages/transformers/modeling_utils.py:622: UserWarning: for vision_model.encoder.layers.17.mlp.fc1.weight: copying from a non-meta parameter in the checkpoint to a meta parameter in the current model, which is a no-op. (Did you mean to pass `assign=True` to assign items in the state dictionary to their corresponding key in the module instead of copying them in place?)
  module._load_from_state_dict(*args)
/scratch/jp09/dd9648/.venv-llava-video/lib64/python3.12/site-packages/transformers/modeling_utils.py:622: UserWarning: for vision_model.encoder.layers.17.mlp.fc1.bias: copying from a non-meta parameter in the checkpoint to a meta parameter in the current model, which is a no-op. (Did you mean to pass `assign=True` to assign items in the state dictionary to their corresponding key in the module instead of copying them in place?)
  module._load_from_state_dict(*args)
/scratch/jp09/dd9648/.venv-llava-video/lib64/python3.12/site-packages/transformers/modeling_utils.py:622: UserWarning: for vision_model.encoder.layers.17.mlp.fc2.weight: copying from a non-meta parameter in the checkpoint to a meta parameter in the current model, which is a no-op. (Did you mean to pass `assign=True` to assign items in the state dictionary to their corresponding key in the module instead of copying them in place?)
  module._load_from_state_dict(*args)
/scratch/jp09/dd9648/.venv-llava-video/lib64/python3.12/site-packages/transformers/modeling_utils.py:622: UserWarning: for vision_model.encoder.layers.17.mlp.fc2.bias: copying from a non-meta parameter in the checkpoint to a meta parameter in the current model, which is a no-op. (Did you mean to pass `assign=True` to assign items in the state dictionary to their corresponding key in the module instead of copying them in place?)
  module._load_from_state_dict(*args)
/scratch/jp09/dd9648/.venv-llava-video/lib64/python3.12/site-packages/transformers/modeling_utils.py:622: UserWarning: for vision_model.encoder.layers.17.layer_norm2.weight: copying from a non-meta parameter in the checkpoint to a meta parameter in the current model, which is a no-op. (Did you mean to pass `assign=True` to assign items in the state dictionary to their corresponding key in the module instead of copying them in place?)
  module._load_from_state_dict(*args)
/scratch/jp09/dd9648/.venv-llava-video/lib64/python3.12/site-packages/transformers/modeling_utils.py:622: UserWarning: for vision_model.encoder.layers.17.layer_norm2.bias: copying from a non-meta parameter in the checkpoint to a meta parameter in the current model, which is a no-op. (Did you mean to pass `assign=True` to assign items in the state dictionary to their corresponding key in the module instead of copying them in place?)
  module._load_from_state_dict(*args)
/scratch/jp09/dd9648/.venv-llava-video/lib64/python3.12/site-packages/transformers/modeling_utils.py:622: UserWarning: for vision_model.encoder.layers.18.self_attn.k_proj.weight: copying from a non-meta parameter in the checkpoint to a meta parameter in the current model, which is a no-op. (Did you mean to pass `assign=True` to assign items in the state dictionary to their corresponding key in the module instead of copying them in place?)
  module._load_from_state_dict(*args)
/scratch/jp09/dd9648/.venv-llava-video/lib64/python3.12/site-packages/transformers/modeling_utils.py:622: UserWarning: for vision_model.encoder.layers.18.self_attn.k_proj.bias: copying from a non-meta parameter in the checkpoint to a meta parameter in the current model, which is a no-op. (Did you mean to pass `assign=True` to assign items in the state dictionary to their corresponding key in the module instead of copying them in place?)
  module._load_from_state_dict(*args)
/scratch/jp09/dd9648/.venv-llava-video/lib64/python3.12/site-packages/transformers/modeling_utils.py:622: UserWarning: for vision_model.encoder.layers.18.self_attn.v_proj.weight: copying from a non-meta parameter in the checkpoint to a meta parameter in the current model, which is a no-op. (Did you mean to pass `assign=True` to assign items in the state dictionary to their corresponding key in the module instead of copying them in place?)
  module._load_from_state_dict(*args)
/scratch/jp09/dd9648/.venv-llava-video/lib64/python3.12/site-packages/transformers/modeling_utils.py:622: UserWarning: for vision_model.encoder.layers.18.self_attn.v_proj.bias: copying from a non-meta parameter in the checkpoint to a meta parameter in the current model, which is a no-op. (Did you mean to pass `assign=True` to assign items in the state dictionary to their corresponding key in the module instead of copying them in place?)
  module._load_from_state_dict(*args)
/scratch/jp09/dd9648/.venv-llava-video/lib64/python3.12/site-packages/transformers/modeling_utils.py:622: UserWarning: for vision_model.encoder.layers.18.self_attn.q_proj.weight: copying from a non-meta parameter in the checkpoint to a meta parameter in the current model, which is a no-op. (Did you mean to pass `assign=True` to assign items in the state dictionary to their corresponding key in the module instead of copying them in place?)
  module._load_from_state_dict(*args)
/scratch/jp09/dd9648/.venv-llava-video/lib64/python3.12/site-packages/transformers/modeling_utils.py:622: UserWarning: for vision_model.encoder.layers.18.self_attn.q_proj.bias: copying from a non-meta parameter in the checkpoint to a meta parameter in the current model, which is a no-op. (Did you mean to pass `assign=True` to assign items in the state dictionary to their corresponding key in the module instead of copying them in place?)
  module._load_from_state_dict(*args)
/scratch/jp09/dd9648/.venv-llava-video/lib64/python3.12/site-packages/transformers/modeling_utils.py:622: UserWarning: for vision_model.encoder.layers.18.self_attn.out_proj.weight: copying from a non-meta parameter in the checkpoint to a meta parameter in the current model, which is a no-op. (Did you mean to pass `assign=True` to assign items in the state dictionary to their corresponding key in the module instead of copying them in place?)
  module._load_from_state_dict(*args)
/scratch/jp09/dd9648/.venv-llava-video/lib64/python3.12/site-packages/transformers/modeling_utils.py:622: UserWarning: for vision_model.encoder.layers.18.self_attn.out_proj.bias: copying from a non-meta parameter in the checkpoint to a meta parameter in the current model, which is a no-op. (Did you mean to pass `assign=True` to assign items in the state dictionary to their corresponding key in the module instead of copying them in place?)
  module._load_from_state_dict(*args)
/scratch/jp09/dd9648/.venv-llava-video/lib64/python3.12/site-packages/transformers/modeling_utils.py:622: UserWarning: for vision_model.encoder.layers.18.layer_norm1.weight: copying from a non-meta parameter in the checkpoint to a meta parameter in the current model, which is a no-op. (Did you mean to pass `assign=True` to assign items in the state dictionary to their corresponding key in the module instead of copying them in place?)
  module._load_from_state_dict(*args)
/scratch/jp09/dd9648/.venv-llava-video/lib64/python3.12/site-packages/transformers/modeling_utils.py:622: UserWarning: for vision_model.encoder.layers.18.layer_norm1.bias: copying from a non-meta parameter in the checkpoint to a meta parameter in the current model, which is a no-op. (Did you mean to pass `assign=True` to assign items in the state dictionary to their corresponding key in the module instead of copying them in place?)
  module._load_from_state_dict(*args)
/scratch/jp09/dd9648/.venv-llava-video/lib64/python3.12/site-packages/transformers/modeling_utils.py:622: UserWarning: for vision_model.encoder.layers.18.mlp.fc1.weight: copying from a non-meta parameter in the checkpoint to a meta parameter in the current model, which is a no-op. (Did you mean to pass `assign=True` to assign items in the state dictionary to their corresponding key in the module instead of copying them in place?)
  module._load_from_state_dict(*args)
/scratch/jp09/dd9648/.venv-llava-video/lib64/python3.12/site-packages/transformers/modeling_utils.py:622: UserWarning: for vision_model.encoder.layers.18.mlp.fc1.bias: copying from a non-meta parameter in the checkpoint to a meta parameter in the current model, which is a no-op. (Did you mean to pass `assign=True` to assign items in the state dictionary to their corresponding key in the module instead of copying them in place?)
  module._load_from_state_dict(*args)
/scratch/jp09/dd9648/.venv-llava-video/lib64/python3.12/site-packages/transformers/modeling_utils.py:622: UserWarning: for vision_model.encoder.layers.18.mlp.fc2.weight: copying from a non-meta parameter in the checkpoint to a meta parameter in the current model, which is a no-op. (Did you mean to pass `assign=True` to assign items in the state dictionary to their corresponding key in the module instead of copying them in place?)
  module._load_from_state_dict(*args)
/scratch/jp09/dd9648/.venv-llava-video/lib64/python3.12/site-packages/transformers/modeling_utils.py:622: UserWarning: for vision_model.encoder.layers.18.mlp.fc2.bias: copying from a non-meta parameter in the checkpoint to a meta parameter in the current model, which is a no-op. (Did you mean to pass `assign=True` to assign items in the state dictionary to their corresponding key in the module instead of copying them in place?)
  module._load_from_state_dict(*args)
/scratch/jp09/dd9648/.venv-llava-video/lib64/python3.12/site-packages/transformers/modeling_utils.py:622: UserWarning: for vision_model.encoder.layers.18.layer_norm2.weight: copying from a non-meta parameter in the checkpoint to a meta parameter in the current model, which is a no-op. (Did you mean to pass `assign=True` to assign items in the state dictionary to their corresponding key in the module instead of copying them in place?)
  module._load_from_state_dict(*args)
/scratch/jp09/dd9648/.venv-llava-video/lib64/python3.12/site-packages/transformers/modeling_utils.py:622: UserWarning: for vision_model.encoder.layers.18.layer_norm2.bias: copying from a non-meta parameter in the checkpoint to a meta parameter in the current model, which is a no-op. (Did you mean to pass `assign=True` to assign items in the state dictionary to their corresponding key in the module instead of copying them in place?)
  module._load_from_state_dict(*args)
/scratch/jp09/dd9648/.venv-llava-video/lib64/python3.12/site-packages/transformers/modeling_utils.py:622: UserWarning: for vision_model.encoder.layers.19.self_attn.k_proj.weight: copying from a non-meta parameter in the checkpoint to a meta parameter in the current model, which is a no-op. (Did you mean to pass `assign=True` to assign items in the state dictionary to their corresponding key in the module instead of copying them in place?)
  module._load_from_state_dict(*args)
/scratch/jp09/dd9648/.venv-llava-video/lib64/python3.12/site-packages/transformers/modeling_utils.py:622: UserWarning: for vision_model.encoder.layers.19.self_attn.k_proj.bias: copying from a non-meta parameter in the checkpoint to a meta parameter in the current model, which is a no-op. (Did you mean to pass `assign=True` to assign items in the state dictionary to their corresponding key in the module instead of copying them in place?)
  module._load_from_state_dict(*args)
/scratch/jp09/dd9648/.venv-llava-video/lib64/python3.12/site-packages/transformers/modeling_utils.py:622: UserWarning: for vision_model.encoder.layers.19.self_attn.v_proj.weight: copying from a non-meta parameter in the checkpoint to a meta parameter in the current model, which is a no-op. (Did you mean to pass `assign=True` to assign items in the state dictionary to their corresponding key in the module instead of copying them in place?)
  module._load_from_state_dict(*args)
/scratch/jp09/dd9648/.venv-llava-video/lib64/python3.12/site-packages/transformers/modeling_utils.py:622: UserWarning: for vision_model.encoder.layers.19.self_attn.v_proj.bias: copying from a non-meta parameter in the checkpoint to a meta parameter in the current model, which is a no-op. (Did you mean to pass `assign=True` to assign items in the state dictionary to their corresponding key in the module instead of copying them in place?)
  module._load_from_state_dict(*args)
/scratch/jp09/dd9648/.venv-llava-video/lib64/python3.12/site-packages/transformers/modeling_utils.py:622: UserWarning: for vision_model.encoder.layers.19.self_attn.q_proj.weight: copying from a non-meta parameter in the checkpoint to a meta parameter in the current model, which is a no-op. (Did you mean to pass `assign=True` to assign items in the state dictionary to their corresponding key in the module instead of copying them in place?)
  module._load_from_state_dict(*args)
/scratch/jp09/dd9648/.venv-llava-video/lib64/python3.12/site-packages/transformers/modeling_utils.py:622: UserWarning: for vision_model.encoder.layers.19.self_attn.q_proj.bias: copying from a non-meta parameter in the checkpoint to a meta parameter in the current model, which is a no-op. (Did you mean to pass `assign=True` to assign items in the state dictionary to their corresponding key in the module instead of copying them in place?)
  module._load_from_state_dict(*args)
/scratch/jp09/dd9648/.venv-llava-video/lib64/python3.12/site-packages/transformers/modeling_utils.py:622: UserWarning: for vision_model.encoder.layers.19.self_attn.out_proj.weight: copying from a non-meta parameter in the checkpoint to a meta parameter in the current model, which is a no-op. (Did you mean to pass `assign=True` to assign items in the state dictionary to their corresponding key in the module instead of copying them in place?)
  module._load_from_state_dict(*args)
/scratch/jp09/dd9648/.venv-llava-video/lib64/python3.12/site-packages/transformers/modeling_utils.py:622: UserWarning: for vision_model.encoder.layers.19.self_attn.out_proj.bias: copying from a non-meta parameter in the checkpoint to a meta parameter in the current model, which is a no-op. (Did you mean to pass `assign=True` to assign items in the state dictionary to their corresponding key in the module instead of copying them in place?)
  module._load_from_state_dict(*args)
/scratch/jp09/dd9648/.venv-llava-video/lib64/python3.12/site-packages/transformers/modeling_utils.py:622: UserWarning: for vision_model.encoder.layers.19.layer_norm1.weight: copying from a non-meta parameter in the checkpoint to a meta parameter in the current model, which is a no-op. (Did you mean to pass `assign=True` to assign items in the state dictionary to their corresponding key in the module instead of copying them in place?)
  module._load_from_state_dict(*args)
/scratch/jp09/dd9648/.venv-llava-video/lib64/python3.12/site-packages/transformers/modeling_utils.py:622: UserWarning: for vision_model.encoder.layers.19.layer_norm1.bias: copying from a non-meta parameter in the checkpoint to a meta parameter in the current model, which is a no-op. (Did you mean to pass `assign=True` to assign items in the state dictionary to their corresponding key in the module instead of copying them in place?)
  module._load_from_state_dict(*args)
/scratch/jp09/dd9648/.venv-llava-video/lib64/python3.12/site-packages/transformers/modeling_utils.py:622: UserWarning: for vision_model.encoder.layers.19.mlp.fc1.weight: copying from a non-meta parameter in the checkpoint to a meta parameter in the current model, which is a no-op. (Did you mean to pass `assign=True` to assign items in the state dictionary to their corresponding key in the module instead of copying them in place?)
  module._load_from_state_dict(*args)
/scratch/jp09/dd9648/.venv-llava-video/lib64/python3.12/site-packages/transformers/modeling_utils.py:622: UserWarning: for vision_model.encoder.layers.19.mlp.fc1.bias: copying from a non-meta parameter in the checkpoint to a meta parameter in the current model, which is a no-op. (Did you mean to pass `assign=True` to assign items in the state dictionary to their corresponding key in the module instead of copying them in place?)
  module._load_from_state_dict(*args)
/scratch/jp09/dd9648/.venv-llava-video/lib64/python3.12/site-packages/transformers/modeling_utils.py:622: UserWarning: for vision_model.encoder.layers.19.mlp.fc2.weight: copying from a non-meta parameter in the checkpoint to a meta parameter in the current model, which is a no-op. (Did you mean to pass `assign=True` to assign items in the state dictionary to their corresponding key in the module instead of copying them in place?)
  module._load_from_state_dict(*args)
/scratch/jp09/dd9648/.venv-llava-video/lib64/python3.12/site-packages/transformers/modeling_utils.py:622: UserWarning: for vision_model.encoder.layers.19.mlp.fc2.bias: copying from a non-meta parameter in the checkpoint to a meta parameter in the current model, which is a no-op. (Did you mean to pass `assign=True` to assign items in the state dictionary to their corresponding key in the module instead of copying them in place?)
  module._load_from_state_dict(*args)
/scratch/jp09/dd9648/.venv-llava-video/lib64/python3.12/site-packages/transformers/modeling_utils.py:622: UserWarning: for vision_model.encoder.layers.19.layer_norm2.weight: copying from a non-meta parameter in the checkpoint to a meta parameter in the current model, which is a no-op. (Did you mean to pass `assign=True` to assign items in the state dictionary to their corresponding key in the module instead of copying them in place?)
  module._load_from_state_dict(*args)
/scratch/jp09/dd9648/.venv-llava-video/lib64/python3.12/site-packages/transformers/modeling_utils.py:622: UserWarning: for vision_model.encoder.layers.19.layer_norm2.bias: copying from a non-meta parameter in the checkpoint to a meta parameter in the current model, which is a no-op. (Did you mean to pass `assign=True` to assign items in the state dictionary to their corresponding key in the module instead of copying them in place?)
  module._load_from_state_dict(*args)
/scratch/jp09/dd9648/.venv-llava-video/lib64/python3.12/site-packages/transformers/modeling_utils.py:622: UserWarning: for vision_model.encoder.layers.20.self_attn.k_proj.weight: copying from a non-meta parameter in the checkpoint to a meta parameter in the current model, which is a no-op. (Did you mean to pass `assign=True` to assign items in the state dictionary to their corresponding key in the module instead of copying them in place?)
  module._load_from_state_dict(*args)
/scratch/jp09/dd9648/.venv-llava-video/lib64/python3.12/site-packages/transformers/modeling_utils.py:622: UserWarning: for vision_model.encoder.layers.20.self_attn.k_proj.bias: copying from a non-meta parameter in the checkpoint to a meta parameter in the current model, which is a no-op. (Did you mean to pass `assign=True` to assign items in the state dictionary to their corresponding key in the module instead of copying them in place?)
  module._load_from_state_dict(*args)
/scratch/jp09/dd9648/.venv-llava-video/lib64/python3.12/site-packages/transformers/modeling_utils.py:622: UserWarning: for vision_model.encoder.layers.20.self_attn.v_proj.weight: copying from a non-meta parameter in the checkpoint to a meta parameter in the current model, which is a no-op. (Did you mean to pass `assign=True` to assign items in the state dictionary to their corresponding key in the module instead of copying them in place?)
  module._load_from_state_dict(*args)
/scratch/jp09/dd9648/.venv-llava-video/lib64/python3.12/site-packages/transformers/modeling_utils.py:622: UserWarning: for vision_model.encoder.layers.20.self_attn.v_proj.bias: copying from a non-meta parameter in the checkpoint to a meta parameter in the current model, which is a no-op. (Did you mean to pass `assign=True` to assign items in the state dictionary to their corresponding key in the module instead of copying them in place?)
  module._load_from_state_dict(*args)
/scratch/jp09/dd9648/.venv-llava-video/lib64/python3.12/site-packages/transformers/modeling_utils.py:622: UserWarning: for vision_model.encoder.layers.20.self_attn.q_proj.weight: copying from a non-meta parameter in the checkpoint to a meta parameter in the current model, which is a no-op. (Did you mean to pass `assign=True` to assign items in the state dictionary to their corresponding key in the module instead of copying them in place?)
  module._load_from_state_dict(*args)
/scratch/jp09/dd9648/.venv-llava-video/lib64/python3.12/site-packages/transformers/modeling_utils.py:622: UserWarning: for vision_model.encoder.layers.20.self_attn.q_proj.bias: copying from a non-meta parameter in the checkpoint to a meta parameter in the current model, which is a no-op. (Did you mean to pass `assign=True` to assign items in the state dictionary to their corresponding key in the module instead of copying them in place?)
  module._load_from_state_dict(*args)
/scratch/jp09/dd9648/.venv-llava-video/lib64/python3.12/site-packages/transformers/modeling_utils.py:622: UserWarning: for vision_model.encoder.layers.20.self_attn.out_proj.weight: copying from a non-meta parameter in the checkpoint to a meta parameter in the current model, which is a no-op. (Did you mean to pass `assign=True` to assign items in the state dictionary to their corresponding key in the module instead of copying them in place?)
  module._load_from_state_dict(*args)
/scratch/jp09/dd9648/.venv-llava-video/lib64/python3.12/site-packages/transformers/modeling_utils.py:622: UserWarning: for vision_model.encoder.layers.20.self_attn.out_proj.bias: copying from a non-meta parameter in the checkpoint to a meta parameter in the current model, which is a no-op. (Did you mean to pass `assign=True` to assign items in the state dictionary to their corresponding key in the module instead of copying them in place?)
  module._load_from_state_dict(*args)
/scratch/jp09/dd9648/.venv-llava-video/lib64/python3.12/site-packages/transformers/modeling_utils.py:622: UserWarning: for vision_model.encoder.layers.20.layer_norm1.weight: copying from a non-meta parameter in the checkpoint to a meta parameter in the current model, which is a no-op. (Did you mean to pass `assign=True` to assign items in the state dictionary to their corresponding key in the module instead of copying them in place?)
  module._load_from_state_dict(*args)
/scratch/jp09/dd9648/.venv-llava-video/lib64/python3.12/site-packages/transformers/modeling_utils.py:622: UserWarning: for vision_model.encoder.layers.20.layer_norm1.bias: copying from a non-meta parameter in the checkpoint to a meta parameter in the current model, which is a no-op. (Did you mean to pass `assign=True` to assign items in the state dictionary to their corresponding key in the module instead of copying them in place?)
  module._load_from_state_dict(*args)
/scratch/jp09/dd9648/.venv-llava-video/lib64/python3.12/site-packages/transformers/modeling_utils.py:622: UserWarning: for vision_model.encoder.layers.20.mlp.fc1.weight: copying from a non-meta parameter in the checkpoint to a meta parameter in the current model, which is a no-op. (Did you mean to pass `assign=True` to assign items in the state dictionary to their corresponding key in the module instead of copying them in place?)
  module._load_from_state_dict(*args)
/scratch/jp09/dd9648/.venv-llava-video/lib64/python3.12/site-packages/transformers/modeling_utils.py:622: UserWarning: for vision_model.encoder.layers.20.mlp.fc1.bias: copying from a non-meta parameter in the checkpoint to a meta parameter in the current model, which is a no-op. (Did you mean to pass `assign=True` to assign items in the state dictionary to their corresponding key in the module instead of copying them in place?)
  module._load_from_state_dict(*args)
/scratch/jp09/dd9648/.venv-llava-video/lib64/python3.12/site-packages/transformers/modeling_utils.py:622: UserWarning: for vision_model.encoder.layers.20.mlp.fc2.weight: copying from a non-meta parameter in the checkpoint to a meta parameter in the current model, which is a no-op. (Did you mean to pass `assign=True` to assign items in the state dictionary to their corresponding key in the module instead of copying them in place?)
  module._load_from_state_dict(*args)
/scratch/jp09/dd9648/.venv-llava-video/lib64/python3.12/site-packages/transformers/modeling_utils.py:622: UserWarning: for vision_model.encoder.layers.20.mlp.fc2.bias: copying from a non-meta parameter in the checkpoint to a meta parameter in the current model, which is a no-op. (Did you mean to pass `assign=True` to assign items in the state dictionary to their corresponding key in the module instead of copying them in place?)
  module._load_from_state_dict(*args)
/scratch/jp09/dd9648/.venv-llava-video/lib64/python3.12/site-packages/transformers/modeling_utils.py:622: UserWarning: for vision_model.encoder.layers.20.layer_norm2.weight: copying from a non-meta parameter in the checkpoint to a meta parameter in the current model, which is a no-op. (Did you mean to pass `assign=True` to assign items in the state dictionary to their corresponding key in the module instead of copying them in place?)
  module._load_from_state_dict(*args)
/scratch/jp09/dd9648/.venv-llava-video/lib64/python3.12/site-packages/transformers/modeling_utils.py:622: UserWarning: for vision_model.encoder.layers.20.layer_norm2.bias: copying from a non-meta parameter in the checkpoint to a meta parameter in the current model, which is a no-op. (Did you mean to pass `assign=True` to assign items in the state dictionary to their corresponding key in the module instead of copying them in place?)
  module._load_from_state_dict(*args)
/scratch/jp09/dd9648/.venv-llava-video/lib64/python3.12/site-packages/transformers/modeling_utils.py:622: UserWarning: for vision_model.encoder.layers.21.self_attn.k_proj.weight: copying from a non-meta parameter in the checkpoint to a meta parameter in the current model, which is a no-op. (Did you mean to pass `assign=True` to assign items in the state dictionary to their corresponding key in the module instead of copying them in place?)
  module._load_from_state_dict(*args)
/scratch/jp09/dd9648/.venv-llava-video/lib64/python3.12/site-packages/transformers/modeling_utils.py:622: UserWarning: for vision_model.encoder.layers.21.self_attn.k_proj.bias: copying from a non-meta parameter in the checkpoint to a meta parameter in the current model, which is a no-op. (Did you mean to pass `assign=True` to assign items in the state dictionary to their corresponding key in the module instead of copying them in place?)
  module._load_from_state_dict(*args)
/scratch/jp09/dd9648/.venv-llava-video/lib64/python3.12/site-packages/transformers/modeling_utils.py:622: UserWarning: for vision_model.encoder.layers.21.self_attn.v_proj.weight: copying from a non-meta parameter in the checkpoint to a meta parameter in the current model, which is a no-op. (Did you mean to pass `assign=True` to assign items in the state dictionary to their corresponding key in the module instead of copying them in place?)
  module._load_from_state_dict(*args)
/scratch/jp09/dd9648/.venv-llava-video/lib64/python3.12/site-packages/transformers/modeling_utils.py:622: UserWarning: for vision_model.encoder.layers.21.self_attn.v_proj.bias: copying from a non-meta parameter in the checkpoint to a meta parameter in the current model, which is a no-op. (Did you mean to pass `assign=True` to assign items in the state dictionary to their corresponding key in the module instead of copying them in place?)
  module._load_from_state_dict(*args)
/scratch/jp09/dd9648/.venv-llava-video/lib64/python3.12/site-packages/transformers/modeling_utils.py:622: UserWarning: for vision_model.encoder.layers.21.self_attn.q_proj.weight: copying from a non-meta parameter in the checkpoint to a meta parameter in the current model, which is a no-op. (Did you mean to pass `assign=True` to assign items in the state dictionary to their corresponding key in the module instead of copying them in place?)
  module._load_from_state_dict(*args)
/scratch/jp09/dd9648/.venv-llava-video/lib64/python3.12/site-packages/transformers/modeling_utils.py:622: UserWarning: for vision_model.encoder.layers.21.self_attn.q_proj.bias: copying from a non-meta parameter in the checkpoint to a meta parameter in the current model, which is a no-op. (Did you mean to pass `assign=True` to assign items in the state dictionary to their corresponding key in the module instead of copying them in place?)
  module._load_from_state_dict(*args)
/scratch/jp09/dd9648/.venv-llava-video/lib64/python3.12/site-packages/transformers/modeling_utils.py:622: UserWarning: for vision_model.encoder.layers.21.self_attn.out_proj.weight: copying from a non-meta parameter in the checkpoint to a meta parameter in the current model, which is a no-op. (Did you mean to pass `assign=True` to assign items in the state dictionary to their corresponding key in the module instead of copying them in place?)
  module._load_from_state_dict(*args)
/scratch/jp09/dd9648/.venv-llava-video/lib64/python3.12/site-packages/transformers/modeling_utils.py:622: UserWarning: for vision_model.encoder.layers.21.self_attn.out_proj.bias: copying from a non-meta parameter in the checkpoint to a meta parameter in the current model, which is a no-op. (Did you mean to pass `assign=True` to assign items in the state dictionary to their corresponding key in the module instead of copying them in place?)
  module._load_from_state_dict(*args)
/scratch/jp09/dd9648/.venv-llava-video/lib64/python3.12/site-packages/transformers/modeling_utils.py:622: UserWarning: for vision_model.encoder.layers.21.layer_norm1.weight: copying from a non-meta parameter in the checkpoint to a meta parameter in the current model, which is a no-op. (Did you mean to pass `assign=True` to assign items in the state dictionary to their corresponding key in the module instead of copying them in place?)
  module._load_from_state_dict(*args)
/scratch/jp09/dd9648/.venv-llava-video/lib64/python3.12/site-packages/transformers/modeling_utils.py:622: UserWarning: for vision_model.encoder.layers.21.layer_norm1.bias: copying from a non-meta parameter in the checkpoint to a meta parameter in the current model, which is a no-op. (Did you mean to pass `assign=True` to assign items in the state dictionary to their corresponding key in the module instead of copying them in place?)
  module._load_from_state_dict(*args)
/scratch/jp09/dd9648/.venv-llava-video/lib64/python3.12/site-packages/transformers/modeling_utils.py:622: UserWarning: for vision_model.encoder.layers.21.mlp.fc1.weight: copying from a non-meta parameter in the checkpoint to a meta parameter in the current model, which is a no-op. (Did you mean to pass `assign=True` to assign items in the state dictionary to their corresponding key in the module instead of copying them in place?)
  module._load_from_state_dict(*args)
/scratch/jp09/dd9648/.venv-llava-video/lib64/python3.12/site-packages/transformers/modeling_utils.py:622: UserWarning: for vision_model.encoder.layers.21.mlp.fc1.bias: copying from a non-meta parameter in the checkpoint to a meta parameter in the current model, which is a no-op. (Did you mean to pass `assign=True` to assign items in the state dictionary to their corresponding key in the module instead of copying them in place?)
  module._load_from_state_dict(*args)
/scratch/jp09/dd9648/.venv-llava-video/lib64/python3.12/site-packages/transformers/modeling_utils.py:622: UserWarning: for vision_model.encoder.layers.21.mlp.fc2.weight: copying from a non-meta parameter in the checkpoint to a meta parameter in the current model, which is a no-op. (Did you mean to pass `assign=True` to assign items in the state dictionary to their corresponding key in the module instead of copying them in place?)
  module._load_from_state_dict(*args)
/scratch/jp09/dd9648/.venv-llava-video/lib64/python3.12/site-packages/transformers/modeling_utils.py:622: UserWarning: for vision_model.encoder.layers.21.mlp.fc2.bias: copying from a non-meta parameter in the checkpoint to a meta parameter in the current model, which is a no-op. (Did you mean to pass `assign=True` to assign items in the state dictionary to their corresponding key in the module instead of copying them in place?)
  module._load_from_state_dict(*args)
/scratch/jp09/dd9648/.venv-llava-video/lib64/python3.12/site-packages/transformers/modeling_utils.py:622: UserWarning: for vision_model.encoder.layers.21.layer_norm2.weight: copying from a non-meta parameter in the checkpoint to a meta parameter in the current model, which is a no-op. (Did you mean to pass `assign=True` to assign items in the state dictionary to their corresponding key in the module instead of copying them in place?)
  module._load_from_state_dict(*args)
/scratch/jp09/dd9648/.venv-llava-video/lib64/python3.12/site-packages/transformers/modeling_utils.py:622: UserWarning: for vision_model.encoder.layers.21.layer_norm2.bias: copying from a non-meta parameter in the checkpoint to a meta parameter in the current model, which is a no-op. (Did you mean to pass `assign=True` to assign items in the state dictionary to their corresponding key in the module instead of copying them in place?)
  module._load_from_state_dict(*args)
/scratch/jp09/dd9648/.venv-llava-video/lib64/python3.12/site-packages/transformers/modeling_utils.py:622: UserWarning: for vision_model.encoder.layers.22.self_attn.k_proj.weight: copying from a non-meta parameter in the checkpoint to a meta parameter in the current model, which is a no-op. (Did you mean to pass `assign=True` to assign items in the state dictionary to their corresponding key in the module instead of copying them in place?)
  module._load_from_state_dict(*args)
/scratch/jp09/dd9648/.venv-llava-video/lib64/python3.12/site-packages/transformers/modeling_utils.py:622: UserWarning: for vision_model.encoder.layers.22.self_attn.k_proj.bias: copying from a non-meta parameter in the checkpoint to a meta parameter in the current model, which is a no-op. (Did you mean to pass `assign=True` to assign items in the state dictionary to their corresponding key in the module instead of copying them in place?)
  module._load_from_state_dict(*args)
/scratch/jp09/dd9648/.venv-llava-video/lib64/python3.12/site-packages/transformers/modeling_utils.py:622: UserWarning: for vision_model.encoder.layers.22.self_attn.v_proj.weight: copying from a non-meta parameter in the checkpoint to a meta parameter in the current model, which is a no-op. (Did you mean to pass `assign=True` to assign items in the state dictionary to their corresponding key in the module instead of copying them in place?)
  module._load_from_state_dict(*args)
/scratch/jp09/dd9648/.venv-llava-video/lib64/python3.12/site-packages/transformers/modeling_utils.py:622: UserWarning: for vision_model.encoder.layers.22.self_attn.v_proj.bias: copying from a non-meta parameter in the checkpoint to a meta parameter in the current model, which is a no-op. (Did you mean to pass `assign=True` to assign items in the state dictionary to their corresponding key in the module instead of copying them in place?)
  module._load_from_state_dict(*args)
/scratch/jp09/dd9648/.venv-llava-video/lib64/python3.12/site-packages/transformers/modeling_utils.py:622: UserWarning: for vision_model.encoder.layers.22.self_attn.q_proj.weight: copying from a non-meta parameter in the checkpoint to a meta parameter in the current model, which is a no-op. (Did you mean to pass `assign=True` to assign items in the state dictionary to their corresponding key in the module instead of copying them in place?)
  module._load_from_state_dict(*args)
/scratch/jp09/dd9648/.venv-llava-video/lib64/python3.12/site-packages/transformers/modeling_utils.py:622: UserWarning: for vision_model.encoder.layers.22.self_attn.q_proj.bias: copying from a non-meta parameter in the checkpoint to a meta parameter in the current model, which is a no-op. (Did you mean to pass `assign=True` to assign items in the state dictionary to their corresponding key in the module instead of copying them in place?)
  module._load_from_state_dict(*args)
/scratch/jp09/dd9648/.venv-llava-video/lib64/python3.12/site-packages/transformers/modeling_utils.py:622: UserWarning: for vision_model.encoder.layers.22.self_attn.out_proj.weight: copying from a non-meta parameter in the checkpoint to a meta parameter in the current model, which is a no-op. (Did you mean to pass `assign=True` to assign items in the state dictionary to their corresponding key in the module instead of copying them in place?)
  module._load_from_state_dict(*args)
/scratch/jp09/dd9648/.venv-llava-video/lib64/python3.12/site-packages/transformers/modeling_utils.py:622: UserWarning: for vision_model.encoder.layers.22.self_attn.out_proj.bias: copying from a non-meta parameter in the checkpoint to a meta parameter in the current model, which is a no-op. (Did you mean to pass `assign=True` to assign items in the state dictionary to their corresponding key in the module instead of copying them in place?)
  module._load_from_state_dict(*args)
/scratch/jp09/dd9648/.venv-llava-video/lib64/python3.12/site-packages/transformers/modeling_utils.py:622: UserWarning: for vision_model.encoder.layers.22.layer_norm1.weight: copying from a non-meta parameter in the checkpoint to a meta parameter in the current model, which is a no-op. (Did you mean to pass `assign=True` to assign items in the state dictionary to their corresponding key in the module instead of copying them in place?)
  module._load_from_state_dict(*args)
/scratch/jp09/dd9648/.venv-llava-video/lib64/python3.12/site-packages/transformers/modeling_utils.py:622: UserWarning: for vision_model.encoder.layers.22.layer_norm1.bias: copying from a non-meta parameter in the checkpoint to a meta parameter in the current model, which is a no-op. (Did you mean to pass `assign=True` to assign items in the state dictionary to their corresponding key in the module instead of copying them in place?)
  module._load_from_state_dict(*args)
/scratch/jp09/dd9648/.venv-llava-video/lib64/python3.12/site-packages/transformers/modeling_utils.py:622: UserWarning: for vision_model.encoder.layers.22.mlp.fc1.weight: copying from a non-meta parameter in the checkpoint to a meta parameter in the current model, which is a no-op. (Did you mean to pass `assign=True` to assign items in the state dictionary to their corresponding key in the module instead of copying them in place?)
  module._load_from_state_dict(*args)
/scratch/jp09/dd9648/.venv-llava-video/lib64/python3.12/site-packages/transformers/modeling_utils.py:622: UserWarning: for vision_model.encoder.layers.22.mlp.fc1.bias: copying from a non-meta parameter in the checkpoint to a meta parameter in the current model, which is a no-op. (Did you mean to pass `assign=True` to assign items in the state dictionary to their corresponding key in the module instead of copying them in place?)
  module._load_from_state_dict(*args)
/scratch/jp09/dd9648/.venv-llava-video/lib64/python3.12/site-packages/transformers/modeling_utils.py:622: UserWarning: for vision_model.encoder.layers.22.mlp.fc2.weight: copying from a non-meta parameter in the checkpoint to a meta parameter in the current model, which is a no-op. (Did you mean to pass `assign=True` to assign items in the state dictionary to their corresponding key in the module instead of copying them in place?)
  module._load_from_state_dict(*args)
/scratch/jp09/dd9648/.venv-llava-video/lib64/python3.12/site-packages/transformers/modeling_utils.py:622: UserWarning: for vision_model.encoder.layers.22.mlp.fc2.bias: copying from a non-meta parameter in the checkpoint to a meta parameter in the current model, which is a no-op. (Did you mean to pass `assign=True` to assign items in the state dictionary to their corresponding key in the module instead of copying them in place?)
  module._load_from_state_dict(*args)
/scratch/jp09/dd9648/.venv-llava-video/lib64/python3.12/site-packages/transformers/modeling_utils.py:622: UserWarning: for vision_model.encoder.layers.22.layer_norm2.weight: copying from a non-meta parameter in the checkpoint to a meta parameter in the current model, which is a no-op. (Did you mean to pass `assign=True` to assign items in the state dictionary to their corresponding key in the module instead of copying them in place?)
  module._load_from_state_dict(*args)
/scratch/jp09/dd9648/.venv-llava-video/lib64/python3.12/site-packages/transformers/modeling_utils.py:622: UserWarning: for vision_model.encoder.layers.22.layer_norm2.bias: copying from a non-meta parameter in the checkpoint to a meta parameter in the current model, which is a no-op. (Did you mean to pass `assign=True` to assign items in the state dictionary to their corresponding key in the module instead of copying them in place?)
  module._load_from_state_dict(*args)
/scratch/jp09/dd9648/.venv-llava-video/lib64/python3.12/site-packages/transformers/modeling_utils.py:622: UserWarning: for vision_model.encoder.layers.23.self_attn.k_proj.weight: copying from a non-meta parameter in the checkpoint to a meta parameter in the current model, which is a no-op. (Did you mean to pass `assign=True` to assign items in the state dictionary to their corresponding key in the module instead of copying them in place?)
  module._load_from_state_dict(*args)
/scratch/jp09/dd9648/.venv-llava-video/lib64/python3.12/site-packages/transformers/modeling_utils.py:622: UserWarning: for vision_model.encoder.layers.23.self_attn.k_proj.bias: copying from a non-meta parameter in the checkpoint to a meta parameter in the current model, which is a no-op. (Did you mean to pass `assign=True` to assign items in the state dictionary to their corresponding key in the module instead of copying them in place?)
  module._load_from_state_dict(*args)
/scratch/jp09/dd9648/.venv-llava-video/lib64/python3.12/site-packages/transformers/modeling_utils.py:622: UserWarning: for vision_model.encoder.layers.23.self_attn.v_proj.weight: copying from a non-meta parameter in the checkpoint to a meta parameter in the current model, which is a no-op. (Did you mean to pass `assign=True` to assign items in the state dictionary to their corresponding key in the module instead of copying them in place?)
  module._load_from_state_dict(*args)
/scratch/jp09/dd9648/.venv-llava-video/lib64/python3.12/site-packages/transformers/modeling_utils.py:622: UserWarning: for vision_model.encoder.layers.23.self_attn.v_proj.bias: copying from a non-meta parameter in the checkpoint to a meta parameter in the current model, which is a no-op. (Did you mean to pass `assign=True` to assign items in the state dictionary to their corresponding key in the module instead of copying them in place?)
  module._load_from_state_dict(*args)
/scratch/jp09/dd9648/.venv-llava-video/lib64/python3.12/site-packages/transformers/modeling_utils.py:622: UserWarning: for vision_model.encoder.layers.23.self_attn.q_proj.weight: copying from a non-meta parameter in the checkpoint to a meta parameter in the current model, which is a no-op. (Did you mean to pass `assign=True` to assign items in the state dictionary to their corresponding key in the module instead of copying them in place?)
  module._load_from_state_dict(*args)
/scratch/jp09/dd9648/.venv-llava-video/lib64/python3.12/site-packages/transformers/modeling_utils.py:622: UserWarning: for vision_model.encoder.layers.23.self_attn.q_proj.bias: copying from a non-meta parameter in the checkpoint to a meta parameter in the current model, which is a no-op. (Did you mean to pass `assign=True` to assign items in the state dictionary to their corresponding key in the module instead of copying them in place?)
  module._load_from_state_dict(*args)
/scratch/jp09/dd9648/.venv-llava-video/lib64/python3.12/site-packages/transformers/modeling_utils.py:622: UserWarning: for vision_model.encoder.layers.23.self_attn.out_proj.weight: copying from a non-meta parameter in the checkpoint to a meta parameter in the current model, which is a no-op. (Did you mean to pass `assign=True` to assign items in the state dictionary to their corresponding key in the module instead of copying them in place?)
  module._load_from_state_dict(*args)
/scratch/jp09/dd9648/.venv-llava-video/lib64/python3.12/site-packages/transformers/modeling_utils.py:622: UserWarning: for vision_model.encoder.layers.23.self_attn.out_proj.bias: copying from a non-meta parameter in the checkpoint to a meta parameter in the current model, which is a no-op. (Did you mean to pass `assign=True` to assign items in the state dictionary to their corresponding key in the module instead of copying them in place?)
  module._load_from_state_dict(*args)
/scratch/jp09/dd9648/.venv-llava-video/lib64/python3.12/site-packages/transformers/modeling_utils.py:622: UserWarning: for vision_model.encoder.layers.23.layer_norm1.weight: copying from a non-meta parameter in the checkpoint to a meta parameter in the current model, which is a no-op. (Did you mean to pass `assign=True` to assign items in the state dictionary to their corresponding key in the module instead of copying them in place?)
  module._load_from_state_dict(*args)
/scratch/jp09/dd9648/.venv-llava-video/lib64/python3.12/site-packages/transformers/modeling_utils.py:622: UserWarning: for vision_model.encoder.layers.23.layer_norm1.bias: copying from a non-meta parameter in the checkpoint to a meta parameter in the current model, which is a no-op. (Did you mean to pass `assign=True` to assign items in the state dictionary to their corresponding key in the module instead of copying them in place?)
  module._load_from_state_dict(*args)
/scratch/jp09/dd9648/.venv-llava-video/lib64/python3.12/site-packages/transformers/modeling_utils.py:622: UserWarning: for vision_model.encoder.layers.23.mlp.fc1.weight: copying from a non-meta parameter in the checkpoint to a meta parameter in the current model, which is a no-op. (Did you mean to pass `assign=True` to assign items in the state dictionary to their corresponding key in the module instead of copying them in place?)
  module._load_from_state_dict(*args)
/scratch/jp09/dd9648/.venv-llava-video/lib64/python3.12/site-packages/transformers/modeling_utils.py:622: UserWarning: for vision_model.encoder.layers.23.mlp.fc1.bias: copying from a non-meta parameter in the checkpoint to a meta parameter in the current model, which is a no-op. (Did you mean to pass `assign=True` to assign items in the state dictionary to their corresponding key in the module instead of copying them in place?)
  module._load_from_state_dict(*args)
/scratch/jp09/dd9648/.venv-llava-video/lib64/python3.12/site-packages/transformers/modeling_utils.py:622: UserWarning: for vision_model.encoder.layers.23.mlp.fc2.weight: copying from a non-meta parameter in the checkpoint to a meta parameter in the current model, which is a no-op. (Did you mean to pass `assign=True` to assign items in the state dictionary to their corresponding key in the module instead of copying them in place?)
  module._load_from_state_dict(*args)
/scratch/jp09/dd9648/.venv-llava-video/lib64/python3.12/site-packages/transformers/modeling_utils.py:622: UserWarning: for vision_model.encoder.layers.23.mlp.fc2.bias: copying from a non-meta parameter in the checkpoint to a meta parameter in the current model, which is a no-op. (Did you mean to pass `assign=True` to assign items in the state dictionary to their corresponding key in the module instead of copying them in place?)
  module._load_from_state_dict(*args)
/scratch/jp09/dd9648/.venv-llava-video/lib64/python3.12/site-packages/transformers/modeling_utils.py:622: UserWarning: for vision_model.encoder.layers.23.layer_norm2.weight: copying from a non-meta parameter in the checkpoint to a meta parameter in the current model, which is a no-op. (Did you mean to pass `assign=True` to assign items in the state dictionary to their corresponding key in the module instead of copying them in place?)
  module._load_from_state_dict(*args)
/scratch/jp09/dd9648/.venv-llava-video/lib64/python3.12/site-packages/transformers/modeling_utils.py:622: UserWarning: for vision_model.encoder.layers.23.layer_norm2.bias: copying from a non-meta parameter in the checkpoint to a meta parameter in the current model, which is a no-op. (Did you mean to pass `assign=True` to assign items in the state dictionary to their corresponding key in the module instead of copying them in place?)
  module._load_from_state_dict(*args)
/scratch/jp09/dd9648/.venv-llava-video/lib64/python3.12/site-packages/transformers/modeling_utils.py:622: UserWarning: for vision_model.encoder.layers.24.self_attn.k_proj.weight: copying from a non-meta parameter in the checkpoint to a meta parameter in the current model, which is a no-op. (Did you mean to pass `assign=True` to assign items in the state dictionary to their corresponding key in the module instead of copying them in place?)
  module._load_from_state_dict(*args)
/scratch/jp09/dd9648/.venv-llava-video/lib64/python3.12/site-packages/transformers/modeling_utils.py:622: UserWarning: for vision_model.encoder.layers.24.self_attn.k_proj.bias: copying from a non-meta parameter in the checkpoint to a meta parameter in the current model, which is a no-op. (Did you mean to pass `assign=True` to assign items in the state dictionary to their corresponding key in the module instead of copying them in place?)
  module._load_from_state_dict(*args)
/scratch/jp09/dd9648/.venv-llava-video/lib64/python3.12/site-packages/transformers/modeling_utils.py:622: UserWarning: for vision_model.encoder.layers.24.self_attn.v_proj.weight: copying from a non-meta parameter in the checkpoint to a meta parameter in the current model, which is a no-op. (Did you mean to pass `assign=True` to assign items in the state dictionary to their corresponding key in the module instead of copying them in place?)
  module._load_from_state_dict(*args)
/scratch/jp09/dd9648/.venv-llava-video/lib64/python3.12/site-packages/transformers/modeling_utils.py:622: UserWarning: for vision_model.encoder.layers.24.self_attn.v_proj.bias: copying from a non-meta parameter in the checkpoint to a meta parameter in the current model, which is a no-op. (Did you mean to pass `assign=True` to assign items in the state dictionary to their corresponding key in the module instead of copying them in place?)
  module._load_from_state_dict(*args)
/scratch/jp09/dd9648/.venv-llava-video/lib64/python3.12/site-packages/transformers/modeling_utils.py:622: UserWarning: for vision_model.encoder.layers.24.self_attn.q_proj.weight: copying from a non-meta parameter in the checkpoint to a meta parameter in the current model, which is a no-op. (Did you mean to pass `assign=True` to assign items in the state dictionary to their corresponding key in the module instead of copying them in place?)
  module._load_from_state_dict(*args)
/scratch/jp09/dd9648/.venv-llava-video/lib64/python3.12/site-packages/transformers/modeling_utils.py:622: UserWarning: for vision_model.encoder.layers.24.self_attn.q_proj.bias: copying from a non-meta parameter in the checkpoint to a meta parameter in the current model, which is a no-op. (Did you mean to pass `assign=True` to assign items in the state dictionary to their corresponding key in the module instead of copying them in place?)
  module._load_from_state_dict(*args)
/scratch/jp09/dd9648/.venv-llava-video/lib64/python3.12/site-packages/transformers/modeling_utils.py:622: UserWarning: for vision_model.encoder.layers.24.self_attn.out_proj.weight: copying from a non-meta parameter in the checkpoint to a meta parameter in the current model, which is a no-op. (Did you mean to pass `assign=True` to assign items in the state dictionary to their corresponding key in the module instead of copying them in place?)
  module._load_from_state_dict(*args)
/scratch/jp09/dd9648/.venv-llava-video/lib64/python3.12/site-packages/transformers/modeling_utils.py:622: UserWarning: for vision_model.encoder.layers.24.self_attn.out_proj.bias: copying from a non-meta parameter in the checkpoint to a meta parameter in the current model, which is a no-op. (Did you mean to pass `assign=True` to assign items in the state dictionary to their corresponding key in the module instead of copying them in place?)
  module._load_from_state_dict(*args)
/scratch/jp09/dd9648/.venv-llava-video/lib64/python3.12/site-packages/transformers/modeling_utils.py:622: UserWarning: for vision_model.encoder.layers.24.layer_norm1.weight: copying from a non-meta parameter in the checkpoint to a meta parameter in the current model, which is a no-op. (Did you mean to pass `assign=True` to assign items in the state dictionary to their corresponding key in the module instead of copying them in place?)
  module._load_from_state_dict(*args)
/scratch/jp09/dd9648/.venv-llava-video/lib64/python3.12/site-packages/transformers/modeling_utils.py:622: UserWarning: for vision_model.encoder.layers.24.layer_norm1.bias: copying from a non-meta parameter in the checkpoint to a meta parameter in the current model, which is a no-op. (Did you mean to pass `assign=True` to assign items in the state dictionary to their corresponding key in the module instead of copying them in place?)
  module._load_from_state_dict(*args)
/scratch/jp09/dd9648/.venv-llava-video/lib64/python3.12/site-packages/transformers/modeling_utils.py:622: UserWarning: for vision_model.encoder.layers.24.mlp.fc1.weight: copying from a non-meta parameter in the checkpoint to a meta parameter in the current model, which is a no-op. (Did you mean to pass `assign=True` to assign items in the state dictionary to their corresponding key in the module instead of copying them in place?)
  module._load_from_state_dict(*args)
/scratch/jp09/dd9648/.venv-llava-video/lib64/python3.12/site-packages/transformers/modeling_utils.py:622: UserWarning: for vision_model.encoder.layers.24.mlp.fc1.bias: copying from a non-meta parameter in the checkpoint to a meta parameter in the current model, which is a no-op. (Did you mean to pass `assign=True` to assign items in the state dictionary to their corresponding key in the module instead of copying them in place?)
  module._load_from_state_dict(*args)
/scratch/jp09/dd9648/.venv-llava-video/lib64/python3.12/site-packages/transformers/modeling_utils.py:622: UserWarning: for vision_model.encoder.layers.24.mlp.fc2.weight: copying from a non-meta parameter in the checkpoint to a meta parameter in the current model, which is a no-op. (Did you mean to pass `assign=True` to assign items in the state dictionary to their corresponding key in the module instead of copying them in place?)
  module._load_from_state_dict(*args)
/scratch/jp09/dd9648/.venv-llava-video/lib64/python3.12/site-packages/transformers/modeling_utils.py:622: UserWarning: for vision_model.encoder.layers.24.mlp.fc2.bias: copying from a non-meta parameter in the checkpoint to a meta parameter in the current model, which is a no-op. (Did you mean to pass `assign=True` to assign items in the state dictionary to their corresponding key in the module instead of copying them in place?)
  module._load_from_state_dict(*args)
/scratch/jp09/dd9648/.venv-llava-video/lib64/python3.12/site-packages/transformers/modeling_utils.py:622: UserWarning: for vision_model.encoder.layers.24.layer_norm2.weight: copying from a non-meta parameter in the checkpoint to a meta parameter in the current model, which is a no-op. (Did you mean to pass `assign=True` to assign items in the state dictionary to their corresponding key in the module instead of copying them in place?)
  module._load_from_state_dict(*args)
/scratch/jp09/dd9648/.venv-llava-video/lib64/python3.12/site-packages/transformers/modeling_utils.py:622: UserWarning: for vision_model.encoder.layers.24.layer_norm2.bias: copying from a non-meta parameter in the checkpoint to a meta parameter in the current model, which is a no-op. (Did you mean to pass `assign=True` to assign items in the state dictionary to their corresponding key in the module instead of copying them in place?)
  module._load_from_state_dict(*args)
/scratch/jp09/dd9648/.venv-llava-video/lib64/python3.12/site-packages/transformers/modeling_utils.py:622: UserWarning: for vision_model.encoder.layers.25.self_attn.k_proj.weight: copying from a non-meta parameter in the checkpoint to a meta parameter in the current model, which is a no-op. (Did you mean to pass `assign=True` to assign items in the state dictionary to their corresponding key in the module instead of copying them in place?)
  module._load_from_state_dict(*args)
/scratch/jp09/dd9648/.venv-llava-video/lib64/python3.12/site-packages/transformers/modeling_utils.py:622: UserWarning: for vision_model.encoder.layers.25.self_attn.k_proj.bias: copying from a non-meta parameter in the checkpoint to a meta parameter in the current model, which is a no-op. (Did you mean to pass `assign=True` to assign items in the state dictionary to their corresponding key in the module instead of copying them in place?)
  module._load_from_state_dict(*args)
/scratch/jp09/dd9648/.venv-llava-video/lib64/python3.12/site-packages/transformers/modeling_utils.py:622: UserWarning: for vision_model.encoder.layers.25.self_attn.v_proj.weight: copying from a non-meta parameter in the checkpoint to a meta parameter in the current model, which is a no-op. (Did you mean to pass `assign=True` to assign items in the state dictionary to their corresponding key in the module instead of copying them in place?)
  module._load_from_state_dict(*args)
/scratch/jp09/dd9648/.venv-llava-video/lib64/python3.12/site-packages/transformers/modeling_utils.py:622: UserWarning: for vision_model.encoder.layers.25.self_attn.v_proj.bias: copying from a non-meta parameter in the checkpoint to a meta parameter in the current model, which is a no-op. (Did you mean to pass `assign=True` to assign items in the state dictionary to their corresponding key in the module instead of copying them in place?)
  module._load_from_state_dict(*args)
/scratch/jp09/dd9648/.venv-llava-video/lib64/python3.12/site-packages/transformers/modeling_utils.py:622: UserWarning: for vision_model.encoder.layers.25.self_attn.q_proj.weight: copying from a non-meta parameter in the checkpoint to a meta parameter in the current model, which is a no-op. (Did you mean to pass `assign=True` to assign items in the state dictionary to their corresponding key in the module instead of copying them in place?)
  module._load_from_state_dict(*args)
/scratch/jp09/dd9648/.venv-llava-video/lib64/python3.12/site-packages/transformers/modeling_utils.py:622: UserWarning: for vision_model.encoder.layers.25.self_attn.q_proj.bias: copying from a non-meta parameter in the checkpoint to a meta parameter in the current model, which is a no-op. (Did you mean to pass `assign=True` to assign items in the state dictionary to their corresponding key in the module instead of copying them in place?)
  module._load_from_state_dict(*args)
/scratch/jp09/dd9648/.venv-llava-video/lib64/python3.12/site-packages/transformers/modeling_utils.py:622: UserWarning: for vision_model.encoder.layers.25.self_attn.out_proj.weight: copying from a non-meta parameter in the checkpoint to a meta parameter in the current model, which is a no-op. (Did you mean to pass `assign=True` to assign items in the state dictionary to their corresponding key in the module instead of copying them in place?)
  module._load_from_state_dict(*args)
/scratch/jp09/dd9648/.venv-llava-video/lib64/python3.12/site-packages/transformers/modeling_utils.py:622: UserWarning: for vision_model.encoder.layers.25.self_attn.out_proj.bias: copying from a non-meta parameter in the checkpoint to a meta parameter in the current model, which is a no-op. (Did you mean to pass `assign=True` to assign items in the state dictionary to their corresponding key in the module instead of copying them in place?)
  module._load_from_state_dict(*args)
/scratch/jp09/dd9648/.venv-llava-video/lib64/python3.12/site-packages/transformers/modeling_utils.py:622: UserWarning: for vision_model.encoder.layers.25.layer_norm1.weight: copying from a non-meta parameter in the checkpoint to a meta parameter in the current model, which is a no-op. (Did you mean to pass `assign=True` to assign items in the state dictionary to their corresponding key in the module instead of copying them in place?)
  module._load_from_state_dict(*args)
/scratch/jp09/dd9648/.venv-llava-video/lib64/python3.12/site-packages/transformers/modeling_utils.py:622: UserWarning: for vision_model.encoder.layers.25.layer_norm1.bias: copying from a non-meta parameter in the checkpoint to a meta parameter in the current model, which is a no-op. (Did you mean to pass `assign=True` to assign items in the state dictionary to their corresponding key in the module instead of copying them in place?)
  module._load_from_state_dict(*args)
/scratch/jp09/dd9648/.venv-llava-video/lib64/python3.12/site-packages/transformers/modeling_utils.py:622: UserWarning: for vision_model.encoder.layers.25.mlp.fc1.weight: copying from a non-meta parameter in the checkpoint to a meta parameter in the current model, which is a no-op. (Did you mean to pass `assign=True` to assign items in the state dictionary to their corresponding key in the module instead of copying them in place?)
  module._load_from_state_dict(*args)
/scratch/jp09/dd9648/.venv-llava-video/lib64/python3.12/site-packages/transformers/modeling_utils.py:622: UserWarning: for vision_model.encoder.layers.25.mlp.fc1.bias: copying from a non-meta parameter in the checkpoint to a meta parameter in the current model, which is a no-op. (Did you mean to pass `assign=True` to assign items in the state dictionary to their corresponding key in the module instead of copying them in place?)
  module._load_from_state_dict(*args)
/scratch/jp09/dd9648/.venv-llava-video/lib64/python3.12/site-packages/transformers/modeling_utils.py:622: UserWarning: for vision_model.encoder.layers.25.mlp.fc2.weight: copying from a non-meta parameter in the checkpoint to a meta parameter in the current model, which is a no-op. (Did you mean to pass `assign=True` to assign items in the state dictionary to their corresponding key in the module instead of copying them in place?)
  module._load_from_state_dict(*args)
/scratch/jp09/dd9648/.venv-llava-video/lib64/python3.12/site-packages/transformers/modeling_utils.py:622: UserWarning: for vision_model.encoder.layers.25.mlp.fc2.bias: copying from a non-meta parameter in the checkpoint to a meta parameter in the current model, which is a no-op. (Did you mean to pass `assign=True` to assign items in the state dictionary to their corresponding key in the module instead of copying them in place?)
  module._load_from_state_dict(*args)
/scratch/jp09/dd9648/.venv-llava-video/lib64/python3.12/site-packages/transformers/modeling_utils.py:622: UserWarning: for vision_model.encoder.layers.25.layer_norm2.weight: copying from a non-meta parameter in the checkpoint to a meta parameter in the current model, which is a no-op. (Did you mean to pass `assign=True` to assign items in the state dictionary to their corresponding key in the module instead of copying them in place?)
  module._load_from_state_dict(*args)
/scratch/jp09/dd9648/.venv-llava-video/lib64/python3.12/site-packages/transformers/modeling_utils.py:622: UserWarning: for vision_model.encoder.layers.25.layer_norm2.bias: copying from a non-meta parameter in the checkpoint to a meta parameter in the current model, which is a no-op. (Did you mean to pass `assign=True` to assign items in the state dictionary to their corresponding key in the module instead of copying them in place?)
  module._load_from_state_dict(*args)
/scratch/jp09/dd9648/.venv-llava-video/lib64/python3.12/site-packages/transformers/modeling_utils.py:622: UserWarning: for vision_model.encoder.layers.26.self_attn.k_proj.weight: copying from a non-meta parameter in the checkpoint to a meta parameter in the current model, which is a no-op. (Did you mean to pass `assign=True` to assign items in the state dictionary to their corresponding key in the module instead of copying them in place?)
  module._load_from_state_dict(*args)
/scratch/jp09/dd9648/.venv-llava-video/lib64/python3.12/site-packages/transformers/modeling_utils.py:622: UserWarning: for vision_model.encoder.layers.26.self_attn.k_proj.bias: copying from a non-meta parameter in the checkpoint to a meta parameter in the current model, which is a no-op. (Did you mean to pass `assign=True` to assign items in the state dictionary to their corresponding key in the module instead of copying them in place?)
  module._load_from_state_dict(*args)
/scratch/jp09/dd9648/.venv-llava-video/lib64/python3.12/site-packages/transformers/modeling_utils.py:622: UserWarning: for vision_model.encoder.layers.26.self_attn.v_proj.weight: copying from a non-meta parameter in the checkpoint to a meta parameter in the current model, which is a no-op. (Did you mean to pass `assign=True` to assign items in the state dictionary to their corresponding key in the module instead of copying them in place?)
  module._load_from_state_dict(*args)
/scratch/jp09/dd9648/.venv-llava-video/lib64/python3.12/site-packages/transformers/modeling_utils.py:622: UserWarning: for vision_model.encoder.layers.26.self_attn.v_proj.bias: copying from a non-meta parameter in the checkpoint to a meta parameter in the current model, which is a no-op. (Did you mean to pass `assign=True` to assign items in the state dictionary to their corresponding key in the module instead of copying them in place?)
  module._load_from_state_dict(*args)
/scratch/jp09/dd9648/.venv-llava-video/lib64/python3.12/site-packages/transformers/modeling_utils.py:622: UserWarning: for vision_model.encoder.layers.26.self_attn.q_proj.weight: copying from a non-meta parameter in the checkpoint to a meta parameter in the current model, which is a no-op. (Did you mean to pass `assign=True` to assign items in the state dictionary to their corresponding key in the module instead of copying them in place?)
  module._load_from_state_dict(*args)
/scratch/jp09/dd9648/.venv-llava-video/lib64/python3.12/site-packages/transformers/modeling_utils.py:622: UserWarning: for vision_model.encoder.layers.26.self_attn.q_proj.bias: copying from a non-meta parameter in the checkpoint to a meta parameter in the current model, which is a no-op. (Did you mean to pass `assign=True` to assign items in the state dictionary to their corresponding key in the module instead of copying them in place?)
  module._load_from_state_dict(*args)
/scratch/jp09/dd9648/.venv-llava-video/lib64/python3.12/site-packages/transformers/modeling_utils.py:622: UserWarning: for vision_model.encoder.layers.26.self_attn.out_proj.weight: copying from a non-meta parameter in the checkpoint to a meta parameter in the current model, which is a no-op. (Did you mean to pass `assign=True` to assign items in the state dictionary to their corresponding key in the module instead of copying them in place?)
  module._load_from_state_dict(*args)
/scratch/jp09/dd9648/.venv-llava-video/lib64/python3.12/site-packages/transformers/modeling_utils.py:622: UserWarning: for vision_model.encoder.layers.26.self_attn.out_proj.bias: copying from a non-meta parameter in the checkpoint to a meta parameter in the current model, which is a no-op. (Did you mean to pass `assign=True` to assign items in the state dictionary to their corresponding key in the module instead of copying them in place?)
  module._load_from_state_dict(*args)
/scratch/jp09/dd9648/.venv-llava-video/lib64/python3.12/site-packages/transformers/modeling_utils.py:622: UserWarning: for vision_model.encoder.layers.26.layer_norm1.weight: copying from a non-meta parameter in the checkpoint to a meta parameter in the current model, which is a no-op. (Did you mean to pass `assign=True` to assign items in the state dictionary to their corresponding key in the module instead of copying them in place?)
  module._load_from_state_dict(*args)
/scratch/jp09/dd9648/.venv-llava-video/lib64/python3.12/site-packages/transformers/modeling_utils.py:622: UserWarning: for vision_model.encoder.layers.26.layer_norm1.bias: copying from a non-meta parameter in the checkpoint to a meta parameter in the current model, which is a no-op. (Did you mean to pass `assign=True` to assign items in the state dictionary to their corresponding key in the module instead of copying them in place?)
  module._load_from_state_dict(*args)
/scratch/jp09/dd9648/.venv-llava-video/lib64/python3.12/site-packages/transformers/modeling_utils.py:622: UserWarning: for vision_model.encoder.layers.26.mlp.fc1.weight: copying from a non-meta parameter in the checkpoint to a meta parameter in the current model, which is a no-op. (Did you mean to pass `assign=True` to assign items in the state dictionary to their corresponding key in the module instead of copying them in place?)
  module._load_from_state_dict(*args)
/scratch/jp09/dd9648/.venv-llava-video/lib64/python3.12/site-packages/transformers/modeling_utils.py:622: UserWarning: for vision_model.encoder.layers.26.mlp.fc1.bias: copying from a non-meta parameter in the checkpoint to a meta parameter in the current model, which is a no-op. (Did you mean to pass `assign=True` to assign items in the state dictionary to their corresponding key in the module instead of copying them in place?)
  module._load_from_state_dict(*args)
/scratch/jp09/dd9648/.venv-llava-video/lib64/python3.12/site-packages/transformers/modeling_utils.py:622: UserWarning: for vision_model.encoder.layers.26.mlp.fc2.weight: copying from a non-meta parameter in the checkpoint to a meta parameter in the current model, which is a no-op. (Did you mean to pass `assign=True` to assign items in the state dictionary to their corresponding key in the module instead of copying them in place?)
  module._load_from_state_dict(*args)
/scratch/jp09/dd9648/.venv-llava-video/lib64/python3.12/site-packages/transformers/modeling_utils.py:622: UserWarning: for vision_model.encoder.layers.26.mlp.fc2.bias: copying from a non-meta parameter in the checkpoint to a meta parameter in the current model, which is a no-op. (Did you mean to pass `assign=True` to assign items in the state dictionary to their corresponding key in the module instead of copying them in place?)
  module._load_from_state_dict(*args)
/scratch/jp09/dd9648/.venv-llava-video/lib64/python3.12/site-packages/transformers/modeling_utils.py:622: UserWarning: for vision_model.encoder.layers.26.layer_norm2.weight: copying from a non-meta parameter in the checkpoint to a meta parameter in the current model, which is a no-op. (Did you mean to pass `assign=True` to assign items in the state dictionary to their corresponding key in the module instead of copying them in place?)
  module._load_from_state_dict(*args)
/scratch/jp09/dd9648/.venv-llava-video/lib64/python3.12/site-packages/transformers/modeling_utils.py:622: UserWarning: for vision_model.encoder.layers.26.layer_norm2.bias: copying from a non-meta parameter in the checkpoint to a meta parameter in the current model, which is a no-op. (Did you mean to pass `assign=True` to assign items in the state dictionary to their corresponding key in the module instead of copying them in place?)
  module._load_from_state_dict(*args)
/scratch/jp09/dd9648/.venv-llava-video/lib64/python3.12/site-packages/transformers/modeling_utils.py:622: UserWarning: for vision_model.post_layernorm.weight: copying from a non-meta parameter in the checkpoint to a meta parameter in the current model, which is a no-op. (Did you mean to pass `assign=True` to assign items in the state dictionary to their corresponding key in the module instead of copying them in place?)
  module._load_from_state_dict(*args)
/scratch/jp09/dd9648/.venv-llava-video/lib64/python3.12/site-packages/transformers/modeling_utils.py:622: UserWarning: for vision_model.post_layernorm.bias: copying from a non-meta parameter in the checkpoint to a meta parameter in the current model, which is a no-op. (Did you mean to pass `assign=True` to assign items in the state dictionary to their corresponding key in the module instead of copying them in place?)
  module._load_from_state_dict(*args)
/scratch/jp09/dd9648/.venv-llava-video/lib64/python3.12/site-packages/transformers/modeling_utils.py:622: UserWarning: for vision_model.head.probe: copying from a non-meta parameter in the checkpoint to a meta parameter in the current model, which is a no-op. (Did you mean to pass `assign=True` to assign items in the state dictionary to their corresponding key in the module instead of copying them in place?)
  module._load_from_state_dict(*args)
/scratch/jp09/dd9648/.venv-llava-video/lib64/python3.12/site-packages/transformers/modeling_utils.py:622: UserWarning: for vision_model.head.attention.in_proj_weight: copying from a non-meta parameter in the checkpoint to a meta parameter in the current model, which is a no-op. (Did you mean to pass `assign=True` to assign items in the state dictionary to their corresponding key in the module instead of copying them in place?)
  module._load_from_state_dict(*args)
/scratch/jp09/dd9648/.venv-llava-video/lib64/python3.12/site-packages/transformers/modeling_utils.py:622: UserWarning: for vision_model.head.attention.in_proj_bias: copying from a non-meta parameter in the checkpoint to a meta parameter in the current model, which is a no-op. (Did you mean to pass `assign=True` to assign items in the state dictionary to their corresponding key in the module instead of copying them in place?)
  module._load_from_state_dict(*args)
/scratch/jp09/dd9648/.venv-llava-video/lib64/python3.12/site-packages/transformers/modeling_utils.py:622: UserWarning: for vision_model.head.attention.out_proj.weight: copying from a non-meta parameter in the checkpoint to a meta parameter in the current model, which is a no-op. (Did you mean to pass `assign=True` to assign items in the state dictionary to their corresponding key in the module instead of copying them in place?)
  module._load_from_state_dict(*args)
/scratch/jp09/dd9648/.venv-llava-video/lib64/python3.12/site-packages/transformers/modeling_utils.py:622: UserWarning: for vision_model.head.attention.out_proj.bias: copying from a non-meta parameter in the checkpoint to a meta parameter in the current model, which is a no-op. (Did you mean to pass `assign=True` to assign items in the state dictionary to their corresponding key in the module instead of copying them in place?)
  module._load_from_state_dict(*args)
/scratch/jp09/dd9648/.venv-llava-video/lib64/python3.12/site-packages/transformers/modeling_utils.py:622: UserWarning: for vision_model.head.layernorm.weight: copying from a non-meta parameter in the checkpoint to a meta parameter in the current model, which is a no-op. (Did you mean to pass `assign=True` to assign items in the state dictionary to their corresponding key in the module instead of copying them in place?)
  module._load_from_state_dict(*args)
/scratch/jp09/dd9648/.venv-llava-video/lib64/python3.12/site-packages/transformers/modeling_utils.py:622: UserWarning: for vision_model.head.layernorm.bias: copying from a non-meta parameter in the checkpoint to a meta parameter in the current model, which is a no-op. (Did you mean to pass `assign=True` to assign items in the state dictionary to their corresponding key in the module instead of copying them in place?)
  module._load_from_state_dict(*args)
/scratch/jp09/dd9648/.venv-llava-video/lib64/python3.12/site-packages/transformers/modeling_utils.py:622: UserWarning: for vision_model.head.mlp.fc1.weight: copying from a non-meta parameter in the checkpoint to a meta parameter in the current model, which is a no-op. (Did you mean to pass `assign=True` to assign items in the state dictionary to their corresponding key in the module instead of copying them in place?)
  module._load_from_state_dict(*args)
/scratch/jp09/dd9648/.venv-llava-video/lib64/python3.12/site-packages/transformers/modeling_utils.py:622: UserWarning: for vision_model.head.mlp.fc1.bias: copying from a non-meta parameter in the checkpoint to a meta parameter in the current model, which is a no-op. (Did you mean to pass `assign=True` to assign items in the state dictionary to their corresponding key in the module instead of copying them in place?)
  module._load_from_state_dict(*args)
/scratch/jp09/dd9648/.venv-llava-video/lib64/python3.12/site-packages/transformers/modeling_utils.py:622: UserWarning: for vision_model.head.mlp.fc2.weight: copying from a non-meta parameter in the checkpoint to a meta parameter in the current model, which is a no-op. (Did you mean to pass `assign=True` to assign items in the state dictionary to their corresponding key in the module instead of copying them in place?)
  module._load_from_state_dict(*args)
/scratch/jp09/dd9648/.venv-llava-video/lib64/python3.12/site-packages/transformers/modeling_utils.py:622: UserWarning: for vision_model.head.mlp.fc2.bias: copying from a non-meta parameter in the checkpoint to a meta parameter in the current model, which is a no-op. (Did you mean to pass `assign=True` to assign items in the state dictionary to their corresponding key in the module instead of copying them in place?)
  module._load_from_state_dict(*args)
{
  "config": "/scratch/jp09/dd9648/experiment_llava_video_dinoheal_vidhalluc_tsh_official_v1.yaml",
  "jobs": [
    {
      "model": "llava-video-7b",
      "method": "dino_heal",
      "benchmark": "vidhalluc",
      "task": "tsh",
      "status": "ready",
      "note": "Conditional CLIP contract has not been GPU-validated",
      "validation_override": true
    }
  ]
}
Please install pyav to use video processing functions.
Loaded LLaVA model: /scratch/jp09/dd9648/huggingface/LLaVA-Video-7B-Qwen2
Loading vision tower: google/siglip-so400m-patch14-384
Loading checkpoint shards:   0%|          | 0/4 [00:00<?, ?it/s]Loading checkpoint shards:  25%|██▌       | 1/4 [00:01<00:05,  1.90s/it]Loading checkpoint shards:  50%|█████     | 2/4 [00:03<00:03,  1.94s/it]Loading checkpoint shards:  75%|███████▌  | 3/4 [00:05<00:01,  1.97s/it]Loading checkpoint shards: 100%|██████████| 4/4 [00:06<00:00,  1.41s/it]Loading checkpoint shards: 100%|██████████| 4/4 [00:06<00:00,  1.61s/it]
Model Class: LlavaQwenForCausalLM
[2026-08-28 19:07:20] START llava-video-7b / dino_heal / vidhalluc / tsh | total=600 | resume_valid=0 | limit=full
/scratch/jp09/dd9648/.venv-llava-video/lib64/python3.12/site-packages/transformers/generation/configuration_utils.py:492: UserWarning: `do_sample` is set to `False`. However, `temperature` is set to `0.0` -- this flag is only used in sample-based generation modes. You should set `do_sample=True` or unset `temperature`.
  warnings.warn(
/scratch/jp09/dd9648/.venv-llava-video/lib64/python3.12/site-packages/transformers/generation/configuration_utils.py:497: UserWarning: `do_sample` is set to `False`. However, `top_p` is set to `0.8` -- this flag is only used in sample-based generation modes. You should set `do_sample=True` or unset `top_p`.
  warnings.warn(
/scratch/jp09/dd9648/.venv-llava-video/lib64/python3.12/site-packages/transformers/generation/configuration_utils.py:509: UserWarning: `do_sample` is set to `False`. However, `top_k` is set to `20` -- this flag is only used in sample-based generation modes. You should set `do_sample=True` or unset `top_k`.
  warnings.warn(
[2026-08-28 19:07:33] DONE  vidhalluc 1/600 | new=1 | sample=tsh:1 | parse=unparseable | correct=None | batch=1
[2026-08-28 19:07:42] DONE  vidhalluc 2/600 | new=2 | sample=tsh:2 | parse=valid | correct=True | batch=1
[2026-08-28 19:07:51] DONE  vidhalluc 3/600 | new=3 | sample=tsh:3 | parse=valid | correct=True | batch=1
[2026-08-28 19:08:01] DONE  vidhalluc 4/600 | new=4 | sample=tsh:4 | parse=valid | correct=False | batch=1
[2026-08-28 19:08:22] DONE  vidhalluc 5/600 | new=5 | sample=tsh:5 | parse=unparseable | correct=None | batch=1
[2026-08-28 19:08:40] DONE  vidhalluc 6/600 | new=6 | sample=tsh:6 | parse=unparseable | correct=None | batch=1
[2026-08-28 19:08:55] DONE  vidhalluc 7/600 | new=7 | sample=tsh:7 | parse=valid | correct=False | batch=1
[2026-08-28 19:09:02] DONE  vidhalluc 8/600 | new=8 | sample=tsh:8 | parse=unparseable | correct=None | batch=1
[2026-08-28 19:09:09] DONE  vidhalluc 9/600 | new=9 | sample=tsh:9 | parse=valid | correct=False | batch=1
[2026-08-28 19:09:20] DONE  vidhalluc 10/600 | new=10 | sample=tsh:10 | parse=valid | correct=True | batch=1
[2026-08-28 19:09:30] DONE  vidhalluc 11/600 | new=11 | sample=tsh:11 | parse=valid | correct=True | batch=1
[2026-08-28 19:09:38] DONE  vidhalluc 12/600 | new=12 | sample=tsh:12 | parse=valid | correct=True | batch=1
[2026-08-28 19:09:47] DONE  vidhalluc 13/600 | new=13 | sample=tsh:13 | parse=valid | correct=True | batch=1
[2026-08-28 19:09:54] DONE  vidhalluc 14/600 | new=14 | sample=tsh:14 | parse=unparseable | correct=None | batch=1
[2026-08-28 19:10:02] DONE  vidhalluc 15/600 | new=15 | sample=tsh:15 | parse=unparseable | correct=None | batch=1
[2026-08-28 19:10:12] DONE  vidhalluc 16/600 | new=16 | sample=tsh:16 | parse=valid | correct=True | batch=1
[2026-08-28 19:10:28] DONE  vidhalluc 17/600 | new=17 | sample=tsh:17 | parse=valid | correct=False | batch=1
[2026-08-28 19:10:36] DONE  vidhalluc 18/600 | new=18 | sample=tsh:18 | parse=unparseable | correct=None | batch=1
[2026-08-28 19:10:46] DONE  vidhalluc 19/600 | new=19 | sample=tsh:19 | parse=unparseable | correct=None | batch=1
[2026-08-28 19:10:54] DONE  vidhalluc 20/600 | new=20 | sample=tsh:20 | parse=valid | correct=False | batch=1
[2026-08-28 19:11:02] DONE  vidhalluc 21/600 | new=21 | sample=tsh:21 | parse=valid | correct=False | batch=1
[2026-08-28 19:11:13] DONE  vidhalluc 22/600 | new=22 | sample=tsh:22 | parse=valid | correct=False | batch=1
[2026-08-28 19:11:21] DONE  vidhalluc 23/600 | new=23 | sample=tsh:23 | parse=valid | correct=False | batch=1
[2026-08-28 19:11:31] DONE  vidhalluc 24/600 | new=24 | sample=tsh:24 | parse=valid | correct=True | batch=1
[2026-08-28 19:11:54] DONE  vidhalluc 25/600 | new=25 | sample=tsh:25 | parse=unparseable | correct=None | batch=1
[2026-08-28 19:12:04] DONE  vidhalluc 26/600 | new=26 | sample=tsh:26 | parse=valid | correct=True | batch=1
[2026-08-28 19:12:13] DONE  vidhalluc 27/600 | new=27 | sample=tsh:27 | parse=unparseable | correct=None | batch=1
[2026-08-28 19:12:21] DONE  vidhalluc 28/600 | new=28 | sample=tsh:28 | parse=valid | correct=True | batch=1
[2026-08-28 19:12:32] DONE  vidhalluc 29/600 | new=29 | sample=tsh:29 | parse=valid | correct=True | batch=1
[2026-08-28 19:12:40] DONE  vidhalluc 30/600 | new=30 | sample=tsh:30 | parse=valid | correct=False | batch=1
[2026-08-28 19:12:53] DONE  vidhalluc 31/600 | new=31 | sample=tsh:31 | parse=valid | correct=True | batch=1
[2026-08-28 19:12:59] DONE  vidhalluc 32/600 | new=32 | sample=tsh:32 | parse=unparseable | correct=None | batch=1
[2026-08-28 19:13:09] DONE  vidhalluc 33/600 | new=33 | sample=tsh:33 | parse=unparseable | correct=None | batch=1
[2026-08-28 19:13:17] DONE  vidhalluc 34/600 | new=34 | sample=tsh:34 | parse=valid | correct=False | batch=1
[2026-08-28 19:13:24] DONE  vidhalluc 35/600 | new=35 | sample=tsh:35 | parse=valid | correct=True | batch=1
[2026-08-28 19:13:34] DONE  vidhalluc 36/600 | new=36 | sample=tsh:36 | parse=unparseable | correct=None | batch=1
[2026-08-28 19:13:42] DONE  vidhalluc 37/600 | new=37 | sample=tsh:37 | parse=valid | correct=False | batch=1
[2026-08-28 19:13:56] DONE  vidhalluc 38/600 | new=38 | sample=tsh:38 | parse=unparseable | correct=None | batch=1
[2026-08-28 19:14:05] DONE  vidhalluc 39/600 | new=39 | sample=tsh:39 | parse=valid | correct=False | batch=1
[2026-08-28 19:14:14] DONE  vidhalluc 40/600 | new=40 | sample=tsh:40 | parse=valid | correct=True | batch=1
[2026-08-28 19:14:23] DONE  vidhalluc 41/600 | new=41 | sample=tsh:41 | parse=unparseable | correct=None | batch=1
[2026-08-28 19:14:31] DONE  vidhalluc 42/600 | new=42 | sample=tsh:42 | parse=unparseable | correct=None | batch=1
[2026-08-28 19:14:45] DONE  vidhalluc 43/600 | new=43 | sample=tsh:43 | parse=valid | correct=False | batch=1
[2026-08-28 19:14:54] DONE  vidhalluc 44/600 | new=44 | sample=tsh:44 | parse=unparseable | correct=None | batch=1
[2026-08-28 19:15:02] DONE  vidhalluc 45/600 | new=45 | sample=tsh:45 | parse=valid | correct=False | batch=1
[2026-08-28 19:15:13] DONE  vidhalluc 46/600 | new=46 | sample=tsh:46 | parse=unparseable | correct=None | batch=1
[2026-08-28 19:15:24] DONE  vidhalluc 47/600 | new=47 | sample=tsh:47 | parse=valid | correct=True | batch=1
[2026-08-28 19:15:31] DONE  vidhalluc 48/600 | new=48 | sample=tsh:48 | parse=unparseable | correct=None | batch=1
[2026-08-28 19:15:45] DONE  vidhalluc 49/600 | new=49 | sample=tsh:49 | parse=valid | correct=False | batch=1
[2026-08-28 19:15:52] DONE  vidhalluc 50/600 | new=50 | sample=tsh:50 | parse=valid | correct=True | batch=1
[2026-08-28 19:15:59] DONE  vidhalluc 51/600 | new=51 | sample=tsh:51 | parse=valid | correct=True | batch=1
[2026-08-28 19:16:08] DONE  vidhalluc 52/600 | new=52 | sample=tsh:52 | parse=unparseable | correct=None | batch=1
[2026-08-28 19:16:16] DONE  vidhalluc 53/600 | new=53 | sample=tsh:53 | parse=valid | correct=True | batch=1
[2026-08-28 19:16:24] DONE  vidhalluc 54/600 | new=54 | sample=tsh:54 | parse=valid | correct=False | batch=1
[2026-08-28 19:16:34] DONE  vidhalluc 55/600 | new=55 | sample=tsh:55 | parse=valid | correct=False | batch=1
[2026-08-28 19:16:45] DONE  vidhalluc 56/600 | new=56 | sample=tsh:56 | parse=unparseable | correct=None | batch=1
[2026-08-28 19:16:56] DONE  vidhalluc 57/600 | new=57 | sample=tsh:57 | parse=valid | correct=True | batch=1
[2026-08-28 19:17:03] DONE  vidhalluc 58/600 | new=58 | sample=tsh:58 | parse=valid | correct=False | batch=1
[2026-08-28 19:17:11] DONE  vidhalluc 59/600 | new=59 | sample=tsh:59 | parse=valid | correct=False | batch=1
[2026-08-28 19:17:29] DONE  vidhalluc 60/600 | new=60 | sample=tsh:60 | parse=valid | correct=True | batch=1
[2026-08-28 19:17:39] DONE  vidhalluc 61/600 | new=61 | sample=tsh:61 | parse=valid | correct=True | batch=1
[2026-08-28 19:17:47] DONE  vidhalluc 62/600 | new=62 | sample=tsh:62 | parse=valid | correct=False | batch=1
[2026-08-28 19:17:57] DONE  vidhalluc 63/600 | new=63 | sample=tsh:63 | parse=valid | correct=False | batch=1
[2026-08-28 19:18:05] DONE  vidhalluc 64/600 | new=64 | sample=tsh:64 | parse=valid | correct=True | batch=1
[2026-08-28 19:18:13] DONE  vidhalluc 65/600 | new=65 | sample=tsh:65 | parse=valid | correct=False | batch=1
[2026-08-28 19:18:21] DONE  vidhalluc 66/600 | new=66 | sample=tsh:66 | parse=valid | correct=False | batch=1
[2026-08-28 19:18:29] DONE  vidhalluc 67/600 | new=67 | sample=tsh:67 | parse=valid | correct=True | batch=1
[2026-08-28 19:18:36] DONE  vidhalluc 68/600 | new=68 | sample=tsh:68 | parse=unparseable | correct=None | batch=1
[2026-08-28 19:18:43] DONE  vidhalluc 69/600 | new=69 | sample=tsh:69 | parse=unparseable | correct=None | batch=1
[2026-08-28 19:19:02] DONE  vidhalluc 70/600 | new=70 | sample=tsh:70 | parse=valid | correct=False | batch=1
[2026-08-28 19:19:12] DONE  vidhalluc 71/600 | new=71 | sample=tsh:71 | parse=valid | correct=False | batch=1
[2026-08-28 19:19:21] DONE  vidhalluc 72/600 | new=72 | sample=tsh:72 | parse=unparseable | correct=None | batch=1
[2026-08-28 19:19:31] DONE  vidhalluc 73/600 | new=73 | sample=tsh:73 | parse=valid | correct=False | batch=1
[2026-08-28 19:19:40] DONE  vidhalluc 74/600 | new=74 | sample=tsh:74 | parse=unparseable | correct=None | batch=1
[2026-08-28 19:19:51] DONE  vidhalluc 75/600 | new=75 | sample=tsh:75 | parse=valid | correct=True | batch=1
[2026-08-28 19:20:00] DONE  vidhalluc 76/600 | new=76 | sample=tsh:76 | parse=valid | correct=False | batch=1
[2026-08-28 19:20:09] DONE  vidhalluc 77/600 | new=77 | sample=tsh:77 | parse=unparseable | correct=None | batch=1
[2026-08-28 19:20:17] DONE  vidhalluc 78/600 | new=78 | sample=tsh:78 | parse=valid | correct=True | batch=1
[2026-08-28 19:20:25] DONE  vidhalluc 79/600 | new=79 | sample=tsh:79 | parse=valid | correct=False | batch=1
[2026-08-28 19:20:32] DONE  vidhalluc 80/600 | new=80 | sample=tsh:80 | parse=valid | correct=False | batch=1
[2026-08-28 19:20:40] DONE  vidhalluc 81/600 | new=81 | sample=tsh:81 | parse=unparseable | correct=None | batch=1
[2026-08-28 19:20:49] DONE  vidhalluc 82/600 | new=82 | sample=tsh:82 | parse=valid | correct=True | batch=1
[2026-08-28 19:20:57] DONE  vidhalluc 83/600 | new=83 | sample=tsh:83 | parse=unparseable | correct=None | batch=1
[2026-08-28 19:21:05] DONE  vidhalluc 84/600 | new=84 | sample=tsh:84 | parse=valid | correct=True | batch=1
[2026-08-28 19:21:14] DONE  vidhalluc 85/600 | new=85 | sample=tsh:85 | parse=valid | correct=False | batch=1
[2026-08-28 19:21:22] DONE  vidhalluc 86/600 | new=86 | sample=tsh:86 | parse=unparseable | correct=None | batch=1
[2026-08-28 19:21:30] DONE  vidhalluc 87/600 | new=87 | sample=tsh:87 | parse=unparseable | correct=None | batch=1
[2026-08-28 19:21:37] DONE  vidhalluc 88/600 | new=88 | sample=tsh:88 | parse=valid | correct=False | batch=1
[2026-08-28 19:21:46] DONE  vidhalluc 89/600 | new=89 | sample=tsh:89 | parse=valid | correct=True | batch=1
[2026-08-28 19:21:53] DONE  vidhalluc 90/600 | new=90 | sample=tsh:90 | parse=unparseable | correct=None | batch=1
[2026-08-28 19:22:02] DONE  vidhalluc 91/600 | new=91 | sample=tsh:91 | parse=valid | correct=False | batch=1
[2026-08-28 19:22:11] DONE  vidhalluc 92/600 | new=92 | sample=tsh:92 | parse=valid | correct=True | batch=1
[2026-08-28 19:22:23] DONE  vidhalluc 93/600 | new=93 | sample=tsh:93 | parse=valid | correct=False | batch=1
[2026-08-28 19:22:32] DONE  vidhalluc 94/600 | new=94 | sample=tsh:94 | parse=valid | correct=True | batch=1
[2026-08-28 19:22:44] DONE  vidhalluc 95/600 | new=95 | sample=tsh:95 | parse=valid | correct=True | batch=1
[2026-08-28 19:22:54] DONE  vidhalluc 96/600 | new=96 | sample=tsh:96 | parse=valid | correct=False | batch=1
[2026-08-28 19:23:01] DONE  vidhalluc 97/600 | new=97 | sample=tsh:97 | parse=valid | correct=True | batch=1
[2026-08-28 19:23:21] DONE  vidhalluc 98/600 | new=98 | sample=tsh:98 | parse=valid | correct=False | batch=1
[2026-08-28 19:23:31] DONE  vidhalluc 99/600 | new=99 | sample=tsh:99 | parse=valid | correct=True | batch=1
[2026-08-28 19:23:40] DONE  vidhalluc 100/600 | new=100 | sample=tsh:100 | parse=valid | correct=False | batch=1
[2026-08-28 19:23:48] DONE  vidhalluc 101/600 | new=101 | sample=tsh:101 | parse=valid | correct=True | batch=1
[2026-08-28 19:23:55] DONE  vidhalluc 102/600 | new=102 | sample=tsh:102 | parse=unparseable | correct=None | batch=1
[2026-08-28 19:24:03] DONE  vidhalluc 103/600 | new=103 | sample=tsh:103 | parse=unparseable | correct=None | batch=1
[2026-08-28 19:24:12] DONE  vidhalluc 104/600 | new=104 | sample=tsh:104 | parse=valid | correct=True | batch=1
[2026-08-28 19:24:20] DONE  vidhalluc 105/600 | new=105 | sample=tsh:105 | parse=valid | correct=False | batch=1
[2026-08-28 19:24:34] DONE  vidhalluc 106/600 | new=106 | sample=tsh:106 | parse=valid | correct=True | batch=1
[2026-08-28 19:24:47] DONE  vidhalluc 107/600 | new=107 | sample=tsh:107 | parse=valid | correct=False | batch=1
[2026-08-28 19:24:59] DONE  vidhalluc 108/600 | new=108 | sample=tsh:108 | parse=valid | correct=True | batch=1
[2026-08-28 19:25:10] DONE  vidhalluc 109/600 | new=109 | sample=tsh:109 | parse=valid | correct=True | batch=1
[2026-08-28 19:25:19] DONE  vidhalluc 110/600 | new=110 | sample=tsh:110 | parse=valid | correct=False | batch=1
[2026-08-28 19:25:27] DONE  vidhalluc 111/600 | new=111 | sample=tsh:111 | parse=valid | correct=False | batch=1
[2026-08-28 19:25:36] DONE  vidhalluc 112/600 | new=112 | sample=tsh:112 | parse=unparseable | correct=None | batch=1
[2026-08-28 19:25:43] DONE  vidhalluc 113/600 | new=113 | sample=tsh:113 | parse=valid | correct=True | batch=1
[2026-08-28 19:25:51] DONE  vidhalluc 114/600 | new=114 | sample=tsh:114 | parse=valid | correct=False | batch=1
[2026-08-28 19:25:59] DONE  vidhalluc 115/600 | new=115 | sample=tsh:115 | parse=valid | correct=False | batch=1
[2026-08-28 19:26:12] DONE  vidhalluc 116/600 | new=116 | sample=tsh:116 | parse=valid | correct=True | batch=1
[2026-08-28 19:26:23] DONE  vidhalluc 117/600 | new=117 | sample=tsh:117 | parse=valid | correct=True | batch=1
[2026-08-28 19:26:32] DONE  vidhalluc 118/600 | new=118 | sample=tsh:118 | parse=valid | correct=False | batch=1
[2026-08-28 19:26:47] DONE  vidhalluc 119/600 | new=119 | sample=tsh:119 | parse=valid | correct=True | batch=1
[2026-08-28 19:26:57] DONE  vidhalluc 120/600 | new=120 | sample=tsh:120 | parse=valid | correct=False | batch=1
[2026-08-28 19:27:10] DONE  vidhalluc 121/600 | new=121 | sample=tsh:121 | parse=valid | correct=False | batch=1
[2026-08-28 19:27:21] DONE  vidhalluc 122/600 | new=122 | sample=tsh:122 | parse=valid | correct=True | batch=1
[2026-08-28 19:27:34] DONE  vidhalluc 123/600 | new=123 | sample=tsh:123 | parse=valid | correct=True | batch=1
[2026-08-28 19:27:43] DONE  vidhalluc 124/600 | new=124 | sample=tsh:124 | parse=valid | correct=False | batch=1
[2026-08-28 19:27:53] DONE  vidhalluc 125/600 | new=125 | sample=tsh:125 | parse=valid | correct=False | batch=1
[2026-08-28 19:28:00] DONE  vidhalluc 126/600 | new=126 | sample=tsh:126 | parse=valid | correct=False | batch=1
[2026-08-28 19:28:07] DONE  vidhalluc 127/600 | new=127 | sample=tsh:127 | parse=unparseable | correct=None | batch=1
[2026-08-28 19:28:16] DONE  vidhalluc 128/600 | new=128 | sample=tsh:128 | parse=valid | correct=True | batch=1
[2026-08-28 19:28:23] DONE  vidhalluc 129/600 | new=129 | sample=tsh:129 | parse=unparseable | correct=None | batch=1
[2026-08-28 19:28:33] DONE  vidhalluc 130/600 | new=130 | sample=tsh:130 | parse=unparseable | correct=None | batch=1
[2026-08-28 19:28:40] DONE  vidhalluc 131/600 | new=131 | sample=tsh:131 | parse=valid | correct=False | batch=1
[2026-08-28 19:28:49] DONE  vidhalluc 132/600 | new=132 | sample=tsh:132 | parse=valid | correct=False | batch=1
[2026-08-28 19:28:58] DONE  vidhalluc 133/600 | new=133 | sample=tsh:133 | parse=valid | correct=False | batch=1
[2026-08-28 19:29:10] DONE  vidhalluc 134/600 | new=134 | sample=tsh:134 | parse=valid | correct=True | batch=1
[2026-08-28 19:29:20] DONE  vidhalluc 135/600 | new=135 | sample=tsh:135 | parse=valid | correct=True | batch=1
[2026-08-28 19:29:30] DONE  vidhalluc 136/600 | new=136 | sample=tsh:136 | parse=valid | correct=False | batch=1
[2026-08-28 19:29:39] DONE  vidhalluc 137/600 | new=137 | sample=tsh:137 | parse=valid | correct=False | batch=1
[2026-08-28 19:29:46] DONE  vidhalluc 138/600 | new=138 | sample=tsh:138 | parse=unparseable | correct=None | batch=1
[2026-08-28 19:30:03] DONE  vidhalluc 139/600 | new=139 | sample=tsh:139 | parse=valid | correct=False | batch=1
[2026-08-28 19:30:13] DONE  vidhalluc 140/600 | new=140 | sample=tsh:140 | parse=valid | correct=True | batch=1
[2026-08-28 19:30:20] DONE  vidhalluc 141/600 | new=141 | sample=tsh:141 | parse=unparseable | correct=None | batch=1
[2026-08-28 19:30:27] DONE  vidhalluc 142/600 | new=142 | sample=tsh:142 | parse=unparseable | correct=None | batch=1
[2026-08-28 19:30:35] DONE  vidhalluc 143/600 | new=143 | sample=tsh:143 | parse=valid | correct=True | batch=1
[2026-08-28 19:30:42] DONE  vidhalluc 144/600 | new=144 | sample=tsh:144 | parse=valid | correct=False | batch=1
[2026-08-28 19:30:52] DONE  vidhalluc 145/600 | new=145 | sample=tsh:145 | parse=valid | correct=True | batch=1
[2026-08-28 19:31:00] DONE  vidhalluc 146/600 | new=146 | sample=tsh:146 | parse=unparseable | correct=None | batch=1
[2026-08-28 19:31:07] DONE  vidhalluc 147/600 | new=147 | sample=tsh:147 | parse=valid | correct=True | batch=1
[2026-08-28 19:31:17] DONE  vidhalluc 148/600 | new=148 | sample=tsh:148 | parse=valid | correct=True | batch=1
[2026-08-28 19:31:24] DONE  vidhalluc 149/600 | new=149 | sample=tsh:149 | parse=valid | correct=False | batch=1
[2026-08-28 19:31:32] DONE  vidhalluc 150/600 | new=150 | sample=tsh:150 | parse=valid | correct=True | batch=1
[2026-08-28 19:31:42] DONE  vidhalluc 151/600 | new=151 | sample=tsh:151 | parse=unparseable | correct=None | batch=1
[2026-08-28 19:31:54] DONE  vidhalluc 152/600 | new=152 | sample=tsh:152 | parse=valid | correct=False | batch=1
[2026-08-28 19:32:02] DONE  vidhalluc 153/600 | new=153 | sample=tsh:153 | parse=valid | correct=True | batch=1
[2026-08-28 19:32:14] DONE  vidhalluc 154/600 | new=154 | sample=tsh:154 | parse=valid | correct=False | batch=1
[2026-08-28 19:32:23] DONE  vidhalluc 155/600 | new=155 | sample=tsh:155 | parse=valid | correct=False | batch=1
[2026-08-28 19:32:33] DONE  vidhalluc 156/600 | new=156 | sample=tsh:156 | parse=valid | correct=True | batch=1
[2026-08-28 19:32:40] DONE  vidhalluc 157/600 | new=157 | sample=tsh:157 | parse=valid | correct=False | batch=1
[2026-08-28 19:32:48] DONE  vidhalluc 158/600 | new=158 | sample=tsh:158 | parse=unparseable | correct=None | batch=1
[2026-08-28 19:32:59] DONE  vidhalluc 159/600 | new=159 | sample=tsh:159 | parse=valid | correct=False | batch=1
[2026-08-28 19:33:08] DONE  vidhalluc 160/600 | new=160 | sample=tsh:160 | parse=valid | correct=True | batch=1
[2026-08-28 19:33:21] DONE  vidhalluc 161/600 | new=161 | sample=tsh:161 | parse=valid | correct=False | batch=1
[2026-08-28 19:33:31] DONE  vidhalluc 162/600 | new=162 | sample=tsh:162 | parse=valid | correct=False | batch=1
[2026-08-28 19:33:38] DONE  vidhalluc 163/600 | new=163 | sample=tsh:163 | parse=valid | correct=False | batch=1
[2026-08-28 19:33:46] DONE  vidhalluc 164/600 | new=164 | sample=tsh:164 | parse=valid | correct=False | batch=1
[2026-08-28 19:33:53] DONE  vidhalluc 165/600 | new=165 | sample=tsh:165 | parse=unparseable | correct=None | batch=1
[2026-08-28 19:34:02] DONE  vidhalluc 166/600 | new=166 | sample=tsh:166 | parse=valid | correct=False | batch=1
[2026-08-28 19:34:12] DONE  vidhalluc 167/600 | new=167 | sample=tsh:167 | parse=valid | correct=False | batch=1
[2026-08-28 19:34:19] DONE  vidhalluc 168/600 | new=168 | sample=tsh:168 | parse=valid | correct=False | batch=1
[2026-08-28 19:34:27] DONE  vidhalluc 169/600 | new=169 | sample=tsh:169 | parse=valid | correct=True | batch=1
[2026-08-28 19:34:35] DONE  vidhalluc 170/600 | new=170 | sample=tsh:170 | parse=valid | correct=False | batch=1
[2026-08-28 19:34:47] DONE  vidhalluc 171/600 | new=171 | sample=tsh:171 | parse=valid | correct=True | batch=1
[2026-08-28 19:34:56] DONE  vidhalluc 172/600 | new=172 | sample=tsh:172 | parse=unparseable | correct=None | batch=1
[2026-08-28 19:35:04] DONE  vidhalluc 173/600 | new=173 | sample=tsh:173 | parse=valid | correct=False | batch=1
[2026-08-28 19:35:14] DONE  vidhalluc 174/600 | new=174 | sample=tsh:174 | parse=valid | correct=True | batch=1
[2026-08-28 19:35:21] DONE  vidhalluc 175/600 | new=175 | sample=tsh:175 | parse=unparseable | correct=None | batch=1
[2026-08-28 19:35:30] DONE  vidhalluc 176/600 | new=176 | sample=tsh:176 | parse=valid | correct=True | batch=1
[2026-08-28 19:35:38] DONE  vidhalluc 177/600 | new=177 | sample=tsh:177 | parse=valid | correct=False | batch=1
[2026-08-28 19:35:47] DONE  vidhalluc 178/600 | new=178 | sample=tsh:178 | parse=valid | correct=True | batch=1
[2026-08-28 19:35:54] DONE  vidhalluc 179/600 | new=179 | sample=tsh:179 | parse=valid | correct=False | batch=1
[2026-08-28 19:36:05] DONE  vidhalluc 180/600 | new=180 | sample=tsh:180 | parse=valid | correct=True | batch=1
[2026-08-28 19:36:12] DONE  vidhalluc 181/600 | new=181 | sample=tsh:181 | parse=valid | correct=False | batch=1
[2026-08-28 19:36:24] DONE  vidhalluc 182/600 | new=182 | sample=tsh:182 | parse=unparseable | correct=None | batch=1
[2026-08-28 19:36:31] DONE  vidhalluc 183/600 | new=183 | sample=tsh:183 | parse=unparseable | correct=None | batch=1
[2026-08-28 19:36:44] DONE  vidhalluc 184/600 | new=184 | sample=tsh:184 | parse=valid | correct=True | batch=1
[2026-08-28 19:36:57] DONE  vidhalluc 185/600 | new=185 | sample=tsh:185 | parse=valid | correct=True | batch=1
[2026-08-28 19:37:05] DONE  vidhalluc 186/600 | new=186 | sample=tsh:186 | parse=valid | correct=False | batch=1
[2026-08-28 19:37:18] DONE  vidhalluc 187/600 | new=187 | sample=tsh:187 | parse=valid | correct=True | batch=1
[2026-08-28 19:37:31] DONE  vidhalluc 188/600 | new=188 | sample=tsh:188 | parse=valid | correct=False | batch=1
[2026-08-28 19:37:44] DONE  vidhalluc 189/600 | new=189 | sample=tsh:189 | parse=valid | correct=True | batch=1
[2026-08-28 19:37:52] DONE  vidhalluc 190/600 | new=190 | sample=tsh:190 | parse=unparseable | correct=None | batch=1
[2026-08-28 19:38:00] DONE  vidhalluc 191/600 | new=191 | sample=tsh:191 | parse=valid | correct=False | batch=1
[2026-08-28 19:38:08] DONE  vidhalluc 192/600 | new=192 | sample=tsh:192 | parse=unparseable | correct=None | batch=1
[2026-08-28 19:38:16] DONE  vidhalluc 193/600 | new=193 | sample=tsh:193 | parse=valid | correct=False | batch=1
[2026-08-28 19:38:24] DONE  vidhalluc 194/600 | new=194 | sample=tsh:194 | parse=unparseable | correct=None | batch=1
[2026-08-28 19:38:39] DONE  vidhalluc 195/600 | new=195 | sample=tsh:195 | parse=valid | correct=True | batch=1
[2026-08-28 19:38:47] DONE  vidhalluc 196/600 | new=196 | sample=tsh:196 | parse=valid | correct=False | batch=1
[2026-08-28 19:38:56] DONE  vidhalluc 197/600 | new=197 | sample=tsh:197 | parse=valid | correct=False | batch=1
[2026-08-28 19:39:03] DONE  vidhalluc 198/600 | new=198 | sample=tsh:198 | parse=unparseable | correct=None | batch=1
[2026-08-28 19:39:10] DONE  vidhalluc 199/600 | new=199 | sample=tsh:199 | parse=unparseable | correct=None | batch=1
[2026-08-28 19:39:19] DONE  vidhalluc 200/600 | new=200 | sample=tsh:200 | parse=valid | correct=True | batch=1
[2026-08-28 19:39:27] DONE  vidhalluc 201/600 | new=201 | sample=tsh:201 | parse=valid | correct=False | batch=1
[2026-08-28 19:39:37] DONE  vidhalluc 202/600 | new=202 | sample=tsh:202 | parse=valid | correct=True | batch=1
[2026-08-28 19:39:52] DONE  vidhalluc 203/600 | new=203 | sample=tsh:203 | parse=valid | correct=False | batch=1
[2026-08-28 19:40:09] DONE  vidhalluc 204/600 | new=204 | sample=tsh:204 | parse=valid | correct=True | batch=1
[2026-08-28 19:40:18] DONE  vidhalluc 205/600 | new=205 | sample=tsh:205 | parse=valid | correct=False | batch=1
[2026-08-28 19:40:27] DONE  vidhalluc 206/600 | new=206 | sample=tsh:206 | parse=valid | correct=True | batch=1
[2026-08-28 19:40:34] DONE  vidhalluc 207/600 | new=207 | sample=tsh:207 | parse=unparseable | correct=None | batch=1
[2026-08-28 19:40:42] DONE  vidhalluc 208/600 | new=208 | sample=tsh:208 | parse=valid | correct=True | batch=1
[2026-08-28 19:40:50] DONE  vidhalluc 209/600 | new=209 | sample=tsh:209 | parse=valid | correct=False | batch=1
[2026-08-28 19:40:57] DONE  vidhalluc 210/600 | new=210 | sample=tsh:210 | parse=valid | correct=True | batch=1
[2026-08-28 19:41:04] DONE  vidhalluc 211/600 | new=211 | sample=tsh:211 | parse=valid | correct=False | batch=1
[2026-08-28 19:41:11] DONE  vidhalluc 212/600 | new=212 | sample=tsh:212 | parse=valid | correct=True | batch=1
[2026-08-28 19:41:20] DONE  vidhalluc 213/600 | new=213 | sample=tsh:213 | parse=unparseable | correct=None | batch=1
[2026-08-28 19:41:28] DONE  vidhalluc 214/600 | new=214 | sample=tsh:214 | parse=unparseable | correct=None | batch=1
[2026-08-28 19:41:37] DONE  vidhalluc 215/600 | new=215 | sample=tsh:215 | parse=valid | correct=False | batch=1
[2026-08-28 19:41:48] DONE  vidhalluc 216/600 | new=216 | sample=tsh:216 | parse=valid | correct=True | batch=1
[2026-08-28 19:41:55] DONE  vidhalluc 217/600 | new=217 | sample=tsh:217 | parse=valid | correct=False | batch=1
[2026-08-28 19:42:04] DONE  vidhalluc 218/600 | new=218 | sample=tsh:218 | parse=valid | correct=False | batch=1
[2026-08-28 19:42:12] DONE  vidhalluc 219/600 | new=219 | sample=tsh:219 | parse=unparseable | correct=None | batch=1
[2026-08-28 19:42:20] DONE  vidhalluc 220/600 | new=220 | sample=tsh:220 | parse=unparseable | correct=None | batch=1
[2026-08-28 19:42:27] DONE  vidhalluc 221/600 | new=221 | sample=tsh:221 | parse=valid | correct=False | batch=1
[2026-08-28 19:42:34] DONE  vidhalluc 222/600 | new=222 | sample=tsh:222 | parse=unparseable | correct=None | batch=1
[2026-08-28 19:42:42] DONE  vidhalluc 223/600 | new=223 | sample=tsh:223 | parse=valid | correct=True | batch=1
[2026-08-28 19:42:50] DONE  vidhalluc 224/600 | new=224 | sample=tsh:224 | parse=valid | correct=False | batch=1
[2026-08-28 19:43:01] DONE  vidhalluc 225/600 | new=225 | sample=tsh:225 | parse=valid | correct=False | batch=1
[2026-08-28 19:43:10] DONE  vidhalluc 226/600 | new=226 | sample=tsh:226 | parse=valid | correct=False | batch=1
[2026-08-28 19:43:19] DONE  vidhalluc 227/600 | new=227 | sample=tsh:227 | parse=valid | correct=False | batch=1
[2026-08-28 19:43:31] DONE  vidhalluc 228/600 | new=228 | sample=tsh:228 | parse=valid | correct=False | batch=1
[2026-08-28 19:43:40] DONE  vidhalluc 229/600 | new=229 | sample=tsh:229 | parse=unparseable | correct=None | batch=1
[2026-08-28 19:43:48] DONE  vidhalluc 230/600 | new=230 | sample=tsh:230 | parse=unparseable | correct=None | batch=1
[2026-08-28 19:43:56] DONE  vidhalluc 231/600 | new=231 | sample=tsh:231 | parse=unparseable | correct=None | batch=1
[2026-08-28 19:44:04] DONE  vidhalluc 232/600 | new=232 | sample=tsh:232 | parse=unparseable | correct=None | batch=1
[2026-08-28 19:44:11] DONE  vidhalluc 233/600 | new=233 | sample=tsh:233 | parse=unparseable | correct=None | batch=1
[2026-08-28 19:44:21] DONE  vidhalluc 234/600 | new=234 | sample=tsh:234 | parse=valid | correct=True | batch=1
[2026-08-28 19:44:29] DONE  vidhalluc 235/600 | new=235 | sample=tsh:235 | parse=unparseable | correct=None | batch=1
[2026-08-28 19:44:37] DONE  vidhalluc 236/600 | new=236 | sample=tsh:236 | parse=valid | correct=True | batch=1
[2026-08-28 19:44:46] DONE  vidhalluc 237/600 | new=237 | sample=tsh:237 | parse=valid | correct=True | batch=1
[2026-08-28 19:44:56] DONE  vidhalluc 238/600 | new=238 | sample=tsh:238 | parse=unparseable | correct=None | batch=1
[2026-08-28 19:45:04] DONE  vidhalluc 239/600 | new=239 | sample=tsh:239 | parse=valid | correct=False | batch=1
[2026-08-28 19:45:11] DONE  vidhalluc 240/600 | new=240 | sample=tsh:240 | parse=valid | correct=True | batch=1
[2026-08-28 19:45:18] DONE  vidhalluc 241/600 | new=241 | sample=tsh:241 | parse=valid | correct=False | batch=1
[2026-08-28 19:45:26] DONE  vidhalluc 242/600 | new=242 | sample=tsh:242 | parse=valid | correct=True | batch=1
[2026-08-28 19:45:36] DONE  vidhalluc 243/600 | new=243 | sample=tsh:243 | parse=valid | correct=False | batch=1
[2026-08-28 19:45:43] DONE  vidhalluc 244/600 | new=244 | sample=tsh:244 | parse=valid | correct=True | batch=1
[2026-08-28 19:45:56] DONE  vidhalluc 245/600 | new=245 | sample=tsh:245 | parse=valid | correct=True | batch=1
[2026-08-28 19:46:04] DONE  vidhalluc 246/600 | new=246 | sample=tsh:246 | parse=unparseable | correct=None | batch=1
[2026-08-28 19:46:12] DONE  vidhalluc 247/600 | new=247 | sample=tsh:247 | parse=valid | correct=False | batch=1
[2026-08-28 19:46:19] DONE  vidhalluc 248/600 | new=248 | sample=tsh:248 | parse=valid | correct=False | batch=1
[2026-08-28 19:46:31] DONE  vidhalluc 249/600 | new=249 | sample=tsh:249 | parse=valid | correct=True | batch=1
[2026-08-28 19:46:38] DONE  vidhalluc 250/600 | new=250 | sample=tsh:250 | parse=unparseable | correct=None | batch=1
[2026-08-28 19:46:48] DONE  vidhalluc 251/600 | new=251 | sample=tsh:251 | parse=valid | correct=False | batch=1
[2026-08-28 19:46:56] DONE  vidhalluc 252/600 | new=252 | sample=tsh:252 | parse=valid | correct=True | batch=1
[2026-08-28 19:47:09] DONE  vidhalluc 253/600 | new=253 | sample=tsh:253 | parse=valid | correct=False | batch=1
[2026-08-28 19:47:20] DONE  vidhalluc 254/600 | new=254 | sample=tsh:254 | parse=unparseable | correct=None | batch=1
[2026-08-28 19:47:28] DONE  vidhalluc 255/600 | new=255 | sample=tsh:255 | parse=valid | correct=True | batch=1
[2026-08-28 19:47:48] DONE  vidhalluc 256/600 | new=256 | sample=tsh:256 | parse=valid | correct=True | batch=1
[2026-08-28 19:47:58] DONE  vidhalluc 257/600 | new=257 | sample=tsh:257 | parse=valid | correct=False | batch=1
[2026-08-28 19:48:07] DONE  vidhalluc 258/600 | new=258 | sample=tsh:258 | parse=valid | correct=True | batch=1
[2026-08-28 19:48:16] DONE  vidhalluc 259/600 | new=259 | sample=tsh:259 | parse=valid | correct=False | batch=1
[2026-08-28 19:48:24] DONE  vidhalluc 260/600 | new=260 | sample=tsh:260 | parse=valid | correct=True | batch=1
[2026-08-28 19:48:31] DONE  vidhalluc 261/600 | new=261 | sample=tsh:261 | parse=valid | correct=True | batch=1
[2026-08-28 19:48:46] DONE  vidhalluc 262/600 | new=262 | sample=tsh:262 | parse=unparseable | correct=None | batch=1
[2026-08-28 19:48:59] DONE  vidhalluc 263/600 | new=263 | sample=tsh:263 | parse=valid | correct=True | batch=1
[2026-08-28 19:49:08] DONE  vidhalluc 264/600 | new=264 | sample=tsh:264 | parse=valid | correct=False | batch=1
[2026-08-28 19:49:22] DONE  vidhalluc 265/600 | new=265 | sample=tsh:265 | parse=valid | correct=False | batch=1
[2026-08-28 19:49:33] DONE  vidhalluc 266/600 | new=266 | sample=tsh:266 | parse=unparseable | correct=None | batch=1
[2026-08-28 19:49:43] DONE  vidhalluc 267/600 | new=267 | sample=tsh:267 | parse=valid | correct=True | batch=1
[2026-08-28 19:49:50] DONE  vidhalluc 268/600 | new=268 | sample=tsh:268 | parse=valid | correct=False | batch=1
[2026-08-28 19:49:57] DONE  vidhalluc 269/600 | new=269 | sample=tsh:269 | parse=valid | correct=False | batch=1
[2026-08-28 19:50:04] DONE  vidhalluc 270/600 | new=270 | sample=tsh:270 | parse=unparseable | correct=None | batch=1
[2026-08-28 19:50:12] DONE  vidhalluc 271/600 | new=271 | sample=tsh:271 | parse=unparseable | correct=None | batch=1
[2026-08-28 19:50:22] DONE  vidhalluc 272/600 | new=272 | sample=tsh:272 | parse=valid | correct=False | batch=1
[2026-08-28 19:50:30] DONE  vidhalluc 273/600 | new=273 | sample=tsh:273 | parse=unparseable | correct=None | batch=1
[2026-08-28 19:50:39] DONE  vidhalluc 274/600 | new=274 | sample=tsh:274 | parse=valid | correct=True | batch=1
[2026-08-28 19:50:48] DONE  vidhalluc 275/600 | new=275 | sample=tsh:275 | parse=valid | correct=True | batch=1
[2026-08-28 19:51:00] DONE  vidhalluc 276/600 | new=276 | sample=tsh:276 | parse=valid | correct=False | batch=1
[2026-08-28 19:51:17] DONE  vidhalluc 277/600 | new=277 | sample=tsh:277 | parse=valid | correct=False | batch=1
[2026-08-28 19:51:33] DONE  vidhalluc 278/600 | new=278 | sample=tsh:278 | parse=unparseable | correct=None | batch=1
[2026-08-28 19:51:44] DONE  vidhalluc 279/600 | new=279 | sample=tsh:279 | parse=valid | correct=True | batch=1
[2026-08-28 19:51:55] DONE  vidhalluc 280/600 | new=280 | sample=tsh:280 | parse=valid | correct=False | batch=1
[2026-08-28 19:52:02] DONE  vidhalluc 281/600 | new=281 | sample=tsh:281 | parse=unparseable | correct=None | batch=1
[2026-08-28 19:52:11] DONE  vidhalluc 282/600 | new=282 | sample=tsh:282 | parse=unparseable | correct=None | batch=1
[2026-08-28 19:52:22] DONE  vidhalluc 283/600 | new=283 | sample=tsh:283 | parse=valid | correct=False | batch=1
[2026-08-28 19:52:30] DONE  vidhalluc 284/600 | new=284 | sample=tsh:284 | parse=valid | correct=True | batch=1
[2026-08-28 19:52:43] DONE  vidhalluc 285/600 | new=285 | sample=tsh:285 | parse=valid | correct=True | batch=1
[2026-08-28 19:52:51] DONE  vidhalluc 286/600 | new=286 | sample=tsh:286 | parse=valid | correct=False | batch=1
[2026-08-28 19:53:00] DONE  vidhalluc 287/600 | new=287 | sample=tsh:287 | parse=unparseable | correct=None | batch=1
[2026-08-28 19:53:18] DONE  vidhalluc 288/600 | new=288 | sample=tsh:288 | parse=valid | correct=True | batch=1
[2026-08-28 19:53:32] DONE  vidhalluc 289/600 | new=289 | sample=tsh:289 | parse=valid | correct=True | batch=1
[2026-08-28 19:53:39] DONE  vidhalluc 290/600 | new=290 | sample=tsh:290 | parse=valid | correct=False | batch=1
[2026-08-28 19:53:48] DONE  vidhalluc 291/600 | new=291 | sample=tsh:291 | parse=valid | correct=True | batch=1
[2026-08-28 19:53:56] DONE  vidhalluc 292/600 | new=292 | sample=tsh:292 | parse=valid | correct=False | batch=1
[2026-08-28 19:54:06] DONE  vidhalluc 293/600 | new=293 | sample=tsh:293 | parse=valid | correct=True | batch=1
[2026-08-28 19:54:14] DONE  vidhalluc 294/600 | new=294 | sample=tsh:294 | parse=valid | correct=False | batch=1
[2026-08-28 19:54:24] DONE  vidhalluc 295/600 | new=295 | sample=tsh:295 | parse=valid | correct=True | batch=1
[2026-08-28 19:54:32] DONE  vidhalluc 296/600 | new=296 | sample=tsh:296 | parse=valid | correct=False | batch=1
[2026-08-28 19:54:39] DONE  vidhalluc 297/600 | new=297 | sample=tsh:297 | parse=valid | correct=False | batch=1
[2026-08-28 19:54:48] DONE  vidhalluc 298/600 | new=298 | sample=tsh:298 | parse=unparseable | correct=None | batch=1
[2026-08-28 19:54:57] DONE  vidhalluc 299/600 | new=299 | sample=tsh:299 | parse=valid | correct=False | batch=1
[2026-08-28 19:55:04] DONE  vidhalluc 300/600 | new=300 | sample=tsh:300 | parse=valid | correct=False | batch=1
[2026-08-28 19:55:13] DONE  vidhalluc 301/600 | new=301 | sample=tsh:301 | parse=valid | correct=False | batch=1
[2026-08-28 19:55:20] DONE  vidhalluc 302/600 | new=302 | sample=tsh:302 | parse=unparseable | correct=None | batch=1
[2026-08-28 19:55:29] DONE  vidhalluc 303/600 | new=303 | sample=tsh:303 | parse=valid | correct=False | batch=1
[2026-08-28 19:55:40] DONE  vidhalluc 304/600 | new=304 | sample=tsh:304 | parse=valid | correct=True | batch=1
[2026-08-28 19:55:47] DONE  vidhalluc 305/600 | new=305 | sample=tsh:305 | parse=unparseable | correct=None | batch=1
[2026-08-28 19:55:54] DONE  vidhalluc 306/600 | new=306 | sample=tsh:306 | parse=valid | correct=True | batch=1
[2026-08-28 19:56:05] DONE  vidhalluc 307/600 | new=307 | sample=tsh:307 | parse=valid | correct=False | batch=1
[2026-08-28 19:56:15] DONE  vidhalluc 308/600 | new=308 | sample=tsh:308 | parse=valid | correct=False | batch=1
[2026-08-28 19:56:22] DONE  vidhalluc 309/600 | new=309 | sample=tsh:309 | parse=valid | correct=True | batch=1
[2026-08-28 19:56:30] DONE  vidhalluc 310/600 | new=310 | sample=tsh:310 | parse=valid | correct=False | batch=1
[2026-08-28 19:56:39] DONE  vidhalluc 311/600 | new=311 | sample=tsh:311 | parse=valid | correct=False | batch=1
[2026-08-28 19:56:52] DONE  vidhalluc 312/600 | new=312 | sample=tsh:312 | parse=valid | correct=True | batch=1
[2026-08-28 19:57:02] DONE  vidhalluc 313/600 | new=313 | sample=tsh:313 | parse=valid | correct=True | batch=1
[2026-08-28 19:57:11] DONE  vidhalluc 314/600 | new=314 | sample=tsh:314 | parse=valid | correct=False | batch=1
[2026-08-28 19:57:23] DONE  vidhalluc 315/600 | new=315 | sample=tsh:315 | parse=valid | correct=False | batch=1
[2026-08-28 19:57:35] DONE  vidhalluc 316/600 | new=316 | sample=tsh:316 | parse=valid | correct=True | batch=1
[2026-08-28 19:57:43] DONE  vidhalluc 317/600 | new=317 | sample=tsh:317 | parse=valid | correct=False | batch=1
[2026-08-28 19:57:50] DONE  vidhalluc 318/600 | new=318 | sample=tsh:318 | parse=valid | correct=True | batch=1
