/scratch/jp09/dd9648/.venv-llava-video/lib64/python3.12/site-packages/transformers/utils/hub.py:124: FutureWarning: Using `TRANSFORMERS_CACHE` is deprecated and will be removed in v5 of Transformers. Use `HF_HOME` instead.
  warnings.warn(
/scratch/jp09/dd9648/.venv-llava-video/lib64/python3.12/site-packages/timm/models/layers/__init__.py:49: FutureWarning: Importing from timm.models.layers is deprecated, please import via timm.layers
  warnings.warn(f"Importing from {__name__} is deprecated, please import via timm.layers", FutureWarning)
Special tokens have been added in the vocabulary, make sure the associated word embeddings are fine-tuned or trained.
You are using a model of type llava to instantiate a model of type llava_qwen. This is not supported for all configurations of models and can yield errors.
/scratch/jp09/dd9648/.venv-llava-video/lib64/python3.12/site-packages/transformers/modeling_utils.py:622: UserWarning: for vision_model.embeddings.patch_embedding.weight: copying from a non-meta parameter in the checkpoint to a meta parameter in the current model, which is a no-op. (Did you mean to pass `assign=True` to assign items in the state dictionary to their corresponding key in the module instead of copying them in place?)
  module._load_from_state_dict(*args)
/scratch/jp09/dd9648/.venv-llava-video/lib64/python3.12/site-packages/transformers/modeling_utils.py:622: UserWarning: for vision_model.embeddings.patch_embedding.bias: copying from a non-meta parameter in the checkpoint to a meta parameter in the current model, which is a no-op. (Did you mean to pass `assign=True` to assign items in the state dictionary to their corresponding key in the module instead of copying them in place?)
  module._load_from_state_dict(*args)
/scratch/jp09/dd9648/.venv-llava-video/lib64/python3.12/site-packages/transformers/modeling_utils.py:622: UserWarning: for vision_model.embeddings.position_embedding.weight: copying from a non-meta parameter in the checkpoint to a meta parameter in the current model, which is a no-op. (Did you mean to pass `assign=True` to assign items in the state dictionary to their corresponding key in the module instead of copying them in place?)
  module._load_from_state_dict(*args)
/scratch/jp09/dd9648/.venv-llava-video/lib64/python3.12/site-packages/transformers/modeling_utils.py:622: UserWarning: for vision_model.encoder.layers.0.self_attn.k_proj.weight: copying from a non-meta parameter in the checkpoint to a meta parameter in the current model, which is a no-op. (Did you mean to pass `assign=True` to assign items in the state dictionary to their corresponding key in the module instead of copying them in place?)
  module._load_from_state_dict(*args)
/scratch/jp09/dd9648/.venv-llava-video/lib64/python3.12/site-packages/transformers/modeling_utils.py:622: UserWarning: for vision_model.encoder.layers.0.self_attn.k_proj.bias: copying from a non-meta parameter in the checkpoint to a meta parameter in the current model, which is a no-op. (Did you mean to pass `assign=True` to assign items in the state dictionary to their corresponding key in the module instead of copying them in place?)
  module._load_from_state_dict(*args)
/scratch/jp09/dd9648/.venv-llava-video/lib64/python3.12/site-packages/transformers/modeling_utils.py:622: UserWarning: for vision_model.encoder.layers.0.self_attn.v_proj.weight: copying from a non-meta parameter in the checkpoint to a meta parameter in the current model, which is a no-op. (Did you mean to pass `assign=True` to assign items in the state dictionary to their corresponding key in the module instead of copying them in place?)
  module._load_from_state_dict(*args)
/scratch/jp09/dd9648/.venv-llava-video/lib64/python3.12/site-packages/transformers/modeling_utils.py:622: UserWarning: for vision_model.encoder.layers.0.self_attn.v_proj.bias: copying from a non-meta parameter in the checkpoint to a meta parameter in the current model, which is a no-op. (Did you mean to pass `assign=True` to assign items in the state dictionary to their corresponding key in the module instead of copying them in place?)
  module._load_from_state_dict(*args)
/scratch/jp09/dd9648/.venv-llava-video/lib64/python3.12/site-packages/transformers/modeling_utils.py:622: UserWarning: for vision_model.encoder.layers.0.self_attn.q_proj.weight: copying from a non-meta parameter in the checkpoint to a meta parameter in the current model, which is a no-op. (Did you mean to pass `assign=True` to assign items in the state dictionary to their corresponding key in the module instead of copying them in place?)
  module._load_from_state_dict(*args)
/scratch/jp09/dd9648/.venv-llava-video/lib64/python3.12/site-packages/transformers/modeling_utils.py:622: UserWarning: for vision_model.encoder.layers.0.self_attn.q_proj.bias: copying from a non-meta parameter in the checkpoint to a meta parameter in the current model, which is a no-op. (Did you mean to pass `assign=True` to assign items in the state dictionary to their corresponding key in the module instead of copying them in place?)
  module._load_from_state_dict(*args)
/scratch/jp09/dd9648/.venv-llava-video/lib64/python3.12/site-packages/transformers/modeling_utils.py:622: UserWarning: for vision_model.encoder.layers.0.self_attn.out_proj.weight: copying from a non-meta parameter in the checkpoint to a meta parameter in the current model, which is a no-op. (Did you mean to pass `assign=True` to assign items in the state dictionary to their corresponding key in the module instead of copying them in place?)
  module._load_from_state_dict(*args)
/scratch/jp09/dd9648/.venv-llava-video/lib64/python3.12/site-packages/transformers/modeling_utils.py:622: UserWarning: for vision_model.encoder.layers.0.self_attn.out_proj.bias: copying from a non-meta parameter in the checkpoint to a meta parameter in the current model, which is a no-op. (Did you mean to pass `assign=True` to assign items in the state dictionary to their corresponding key in the module instead of copying them in place?)
  module._load_from_state_dict(*args)
/scratch/jp09/dd9648/.venv-llava-video/lib64/python3.12/site-packages/transformers/modeling_utils.py:622: UserWarning: for vision_model.encoder.layers.0.layer_norm1.weight: copying from a non-meta parameter in the checkpoint to a meta parameter in the current model, which is a no-op. (Did you mean to pass `assign=True` to assign items in the state dictionary to their corresponding key in the module instead of copying them in place?)
  module._load_from_state_dict(*args)
/scratch/jp09/dd9648/.venv-llava-video/lib64/python3.12/site-packages/transformers/modeling_utils.py:622: UserWarning: for vision_model.encoder.layers.0.layer_norm1.bias: copying from a non-meta parameter in the checkpoint to a meta parameter in the current model, which is a no-op. (Did you mean to pass `assign=True` to assign items in the state dictionary to their corresponding key in the module instead of copying them in place?)
  module._load_from_state_dict(*args)
/scratch/jp09/dd9648/.venv-llava-video/lib64/python3.12/site-packages/transformers/modeling_utils.py:622: UserWarning: for vision_model.encoder.layers.0.mlp.fc1.weight: copying from a non-meta parameter in the checkpoint to a meta parameter in the current model, which is a no-op. (Did you mean to pass `assign=True` to assign items in the state dictionary to their corresponding key in the module instead of copying them in place?)
  module._load_from_state_dict(*args)
/scratch/jp09/dd9648/.venv-llava-video/lib64/python3.12/site-packages/transformers/modeling_utils.py:622: UserWarning: for vision_model.encoder.layers.0.mlp.fc1.bias: copying from a non-meta parameter in the checkpoint to a meta parameter in the current model, which is a no-op. (Did you mean to pass `assign=True` to assign items in the state dictionary to their corresponding key in the module instead of copying them in place?)
  module._load_from_state_dict(*args)
/scratch/jp09/dd9648/.venv-llava-video/lib64/python3.12/site-packages/transformers/modeling_utils.py:622: UserWarning: for vision_model.encoder.layers.0.mlp.fc2.weight: copying from a non-meta parameter in the checkpoint to a meta parameter in the current model, which is a no-op. (Did you mean to pass `assign=True` to assign items in the state dictionary to their corresponding key in the module instead of copying them in place?)
  module._load_from_state_dict(*args)
/scratch/jp09/dd9648/.venv-llava-video/lib64/python3.12/site-packages/transformers/modeling_utils.py:622: UserWarning: for vision_model.encoder.layers.0.mlp.fc2.bias: copying from a non-meta parameter in the checkpoint to a meta parameter in the current model, which is a no-op. (Did you mean to pass `assign=True` to assign items in the state dictionary to their corresponding key in the module instead of copying them in place?)
  module._load_from_state_dict(*args)
/scratch/jp09/dd9648/.venv-llava-video/lib64/python3.12/site-packages/transformers/modeling_utils.py:622: UserWarning: for vision_model.encoder.layers.0.layer_norm2.weight: copying from a non-meta parameter in the checkpoint to a meta parameter in the current model, which is a no-op. (Did you mean to pass `assign=True` to assign items in the state dictionary to their corresponding key in the module instead of copying them in place?)
  module._load_from_state_dict(*args)
/scratch/jp09/dd9648/.venv-llava-video/lib64/python3.12/site-packages/transformers/modeling_utils.py:622: UserWarning: for vision_model.encoder.layers.0.layer_norm2.bias: copying from a non-meta parameter in the checkpoint to a meta parameter in the current model, which is a no-op. (Did you mean to pass `assign=True` to assign items in the state dictionary to their corresponding key in the module instead of copying them in place?)
  module._load_from_state_dict(*args)
/scratch/jp09/dd9648/.venv-llava-video/lib64/python3.12/site-packages/transformers/modeling_utils.py:622: UserWarning: for vision_model.encoder.layers.1.self_attn.k_proj.weight: copying from a non-meta parameter in the checkpoint to a meta parameter in the current model, which is a no-op. (Did you mean to pass `assign=True` to assign items in the state dictionary to their corresponding key in the module instead of copying them in place?)
  module._load_from_state_dict(*args)
/scratch/jp09/dd9648/.venv-llava-video/lib64/python3.12/site-packages/transformers/modeling_utils.py:622: UserWarning: for vision_model.encoder.layers.1.self_attn.k_proj.bias: copying from a non-meta parameter in the checkpoint to a meta parameter in the current model, which is a no-op. (Did you mean to pass `assign=True` to assign items in the state dictionary to their corresponding key in the module instead of copying them in place?)
  module._load_from_state_dict(*args)
/scratch/jp09/dd9648/.venv-llava-video/lib64/python3.12/site-packages/transformers/modeling_utils.py:622: UserWarning: for vision_model.encoder.layers.1.self_attn.v_proj.weight: copying from a non-meta parameter in the checkpoint to a meta parameter in the current model, which is a no-op. (Did you mean to pass `assign=True` to assign items in the state dictionary to their corresponding key in the module instead of copying them in place?)
  module._load_from_state_dict(*args)
/scratch/jp09/dd9648/.venv-llava-video/lib64/python3.12/site-packages/transformers/modeling_utils.py:622: UserWarning: for vision_model.encoder.layers.1.self_attn.v_proj.bias: copying from a non-meta parameter in the checkpoint to a meta parameter in the current model, which is a no-op. (Did you mean to pass `assign=True` to assign items in the state dictionary to their corresponding key in the module instead of copying them in place?)
  module._load_from_state_dict(*args)
/scratch/jp09/dd9648/.venv-llava-video/lib64/python3.12/site-packages/transformers/modeling_utils.py:622: UserWarning: for vision_model.encoder.layers.1.self_attn.q_proj.weight: copying from a non-meta parameter in the checkpoint to a meta parameter in the current model, which is a no-op. (Did you mean to pass `assign=True` to assign items in the state dictionary to their corresponding key in the module instead of copying them in place?)
  module._load_from_state_dict(*args)
/scratch/jp09/dd9648/.venv-llava-video/lib64/python3.12/site-packages/transformers/modeling_utils.py:622: UserWarning: for vision_model.encoder.layers.1.self_attn.q_proj.bias: copying from a non-meta parameter in the checkpoint to a meta parameter in the current model, which is a no-op. (Did you mean to pass `assign=True` to assign items in the state dictionary to their corresponding key in the module instead of copying them in place?)
  module._load_from_state_dict(*args)
/scratch/jp09/dd9648/.venv-llava-video/lib64/python3.12/site-packages/transformers/modeling_utils.py:622: UserWarning: for vision_model.encoder.layers.1.self_attn.out_proj.weight: copying from a non-meta parameter in the checkpoint to a meta parameter in the current model, which is a no-op. (Did you mean to pass `assign=True` to assign items in the state dictionary to their corresponding key in the module instead of copying them in place?)
  module._load_from_state_dict(*args)
/scratch/jp09/dd9648/.venv-llava-video/lib64/python3.12/site-packages/transformers/modeling_utils.py:622: UserWarning: for vision_model.encoder.layers.1.self_attn.out_proj.bias: copying from a non-meta parameter in the checkpoint to a meta parameter in the current model, which is a no-op. (Did you mean to pass `assign=True` to assign items in the state dictionary to their corresponding key in the module instead of copying them in place?)
  module._load_from_state_dict(*args)
/scratch/jp09/dd9648/.venv-llava-video/lib64/python3.12/site-packages/transformers/modeling_utils.py:622: UserWarning: for vision_model.encoder.layers.1.layer_norm1.weight: copying from a non-meta parameter in the checkpoint to a meta parameter in the current model, which is a no-op. (Did you mean to pass `assign=True` to assign items in the state dictionary to their corresponding key in the module instead of copying them in place?)
  module._load_from_state_dict(*args)
/scratch/jp09/dd9648/.venv-llava-video/lib64/python3.12/site-packages/transformers/modeling_utils.py:622: UserWarning: for vision_model.encoder.layers.1.layer_norm1.bias: copying from a non-meta parameter in the checkpoint to a meta parameter in the current model, which is a no-op. (Did you mean to pass `assign=True` to assign items in the state dictionary to their corresponding key in the module instead of copying them in place?)
  module._load_from_state_dict(*args)
/scratch/jp09/dd9648/.venv-llava-video/lib64/python3.12/site-packages/transformers/modeling_utils.py:622: UserWarning: for vision_model.encoder.layers.1.mlp.fc1.weight: copying from a non-meta parameter in the checkpoint to a meta parameter in the current model, which is a no-op. (Did you mean to pass `assign=True` to assign items in the state dictionary to their corresponding key in the module instead of copying them in place?)
  module._load_from_state_dict(*args)
/scratch/jp09/dd9648/.venv-llava-video/lib64/python3.12/site-packages/transformers/modeling_utils.py:622: UserWarning: for vision_model.encoder.layers.1.mlp.fc1.bias: copying from a non-meta parameter in the checkpoint to a meta parameter in the current model, which is a no-op. (Did you mean to pass `assign=True` to assign items in the state dictionary to their corresponding key in the module instead of copying them in place?)
  module._load_from_state_dict(*args)
/scratch/jp09/dd9648/.venv-llava-video/lib64/python3.12/site-packages/transformers/modeling_utils.py:622: UserWarning: for vision_model.encoder.layers.1.mlp.fc2.weight: copying from a non-meta parameter in the checkpoint to a meta parameter in the current model, which is a no-op. (Did you mean to pass `assign=True` to assign items in the state dictionary to their corresponding key in the module instead of copying them in place?)
  module._load_from_state_dict(*args)
/scratch/jp09/dd9648/.venv-llava-video/lib64/python3.12/site-packages/transformers/modeling_utils.py:622: UserWarning: for vision_model.encoder.layers.1.mlp.fc2.bias: copying from a non-meta parameter in the checkpoint to a meta parameter in the current model, which is a no-op. (Did you mean to pass `assign=True` to assign items in the state dictionary to their corresponding key in the module instead of copying them in place?)
  module._load_from_state_dict(*args)
/scratch/jp09/dd9648/.venv-llava-video/lib64/python3.12/site-packages/transformers/modeling_utils.py:622: UserWarning: for vision_model.encoder.layers.1.layer_norm2.weight: copying from a non-meta parameter in the checkpoint to a meta parameter in the current model, which is a no-op. (Did you mean to pass `assign=True` to assign items in the state dictionary to their corresponding key in the module instead of copying them in place?)
  module._load_from_state_dict(*args)
/scratch/jp09/dd9648/.venv-llava-video/lib64/python3.12/site-packages/transformers/modeling_utils.py:622: UserWarning: for vision_model.encoder.layers.1.layer_norm2.bias: copying from a non-meta parameter in the checkpoint to a meta parameter in the current model, which is a no-op. (Did you mean to pass `assign=True` to assign items in the state dictionary to their corresponding key in the module instead of copying them in place?)
  module._load_from_state_dict(*args)
/scratch/jp09/dd9648/.venv-llava-video/lib64/python3.12/site-packages/transformers/modeling_utils.py:622: UserWarning: for vision_model.encoder.layers.2.self_attn.k_proj.weight: copying from a non-meta parameter in the checkpoint to a meta parameter in the current model, which is a no-op. (Did you mean to pass `assign=True` to assign items in the state dictionary to their corresponding key in the module instead of copying them in place?)
  module._load_from_state_dict(*args)
/scratch/jp09/dd9648/.venv-llava-video/lib64/python3.12/site-packages/transformers/modeling_utils.py:622: UserWarning: for vision_model.encoder.layers.2.self_attn.k_proj.bias: copying from a non-meta parameter in the checkpoint to a meta parameter in the current model, which is a no-op. (Did you mean to pass `assign=True` to assign items in the state dictionary to their corresponding key in the module instead of copying them in place?)
  module._load_from_state_dict(*args)
/scratch/jp09/dd9648/.venv-llava-video/lib64/python3.12/site-packages/transformers/modeling_utils.py:622: UserWarning: for vision_model.encoder.layers.2.self_attn.v_proj.weight: copying from a non-meta parameter in the checkpoint to a meta parameter in the current model, which is a no-op. (Did you mean to pass `assign=True` to assign items in the state dictionary to their corresponding key in the module instead of copying them in place?)
  module._load_from_state_dict(*args)
/scratch/jp09/dd9648/.venv-llava-video/lib64/python3.12/site-packages/transformers/modeling_utils.py:622: UserWarning: for vision_model.encoder.layers.2.self_attn.v_proj.bias: copying from a non-meta parameter in the checkpoint to a meta parameter in the current model, which is a no-op. (Did you mean to pass `assign=True` to assign items in the state dictionary to their corresponding key in the module instead of copying them in place?)
  module._load_from_state_dict(*args)
/scratch/jp09/dd9648/.venv-llava-video/lib64/python3.12/site-packages/transformers/modeling_utils.py:622: UserWarning: for vision_model.encoder.layers.2.self_attn.q_proj.weight: copying from a non-meta parameter in the checkpoint to a meta parameter in the current model, which is a no-op. (Did you mean to pass `assign=True` to assign items in the state dictionary to their corresponding key in the module instead of copying them in place?)
  module._load_from_state_dict(*args)
/scratch/jp09/dd9648/.venv-llava-video/lib64/python3.12/site-packages/transformers/modeling_utils.py:622: UserWarning: for vision_model.encoder.layers.2.self_attn.q_proj.bias: copying from a non-meta parameter in the checkpoint to a meta parameter in the current model, which is a no-op. (Did you mean to pass `assign=True` to assign items in the state dictionary to their corresponding key in the module instead of copying them in place?)
  module._load_from_state_dict(*args)
/scratch/jp09/dd9648/.venv-llava-video/lib64/python3.12/site-packages/transformers/modeling_utils.py:622: UserWarning: for vision_model.encoder.layers.2.self_attn.out_proj.weight: copying from a non-meta parameter in the checkpoint to a meta parameter in the current model, which is a no-op. (Did you mean to pass `assign=True` to assign items in the state dictionary to their corresponding key in the module instead of copying them in place?)
  module._load_from_state_dict(*args)
/scratch/jp09/dd9648/.venv-llava-video/lib64/python3.12/site-packages/transformers/modeling_utils.py:622: UserWarning: for vision_model.encoder.layers.2.self_attn.out_proj.bias: copying from a non-meta parameter in the checkpoint to a meta parameter in the current model, which is a no-op. (Did you mean to pass `assign=True` to assign items in the state dictionary to their corresponding key in the module instead of copying them in place?)
  module._load_from_state_dict(*args)
/scratch/jp09/dd9648/.venv-llava-video/lib64/python3.12/site-packages/transformers/modeling_utils.py:622: UserWarning: for vision_model.encoder.layers.2.layer_norm1.weight: copying from a non-meta parameter in the checkpoint to a meta parameter in the current model, which is a no-op. (Did you mean to pass `assign=True` to assign items in the state dictionary to their corresponding key in the module instead of copying them in place?)
  module._load_from_state_dict(*args)
/scratch/jp09/dd9648/.venv-llava-video/lib64/python3.12/site-packages/transformers/modeling_utils.py:622: UserWarning: for vision_model.encoder.layers.2.layer_norm1.bias: copying from a non-meta parameter in the checkpoint to a meta parameter in the current model, which is a no-op. (Did you mean to pass `assign=True` to assign items in the state dictionary to their corresponding key in the module instead of copying them in place?)
  module._load_from_state_dict(*args)
/scratch/jp09/dd9648/.venv-llava-video/lib64/python3.12/site-packages/transformers/modeling_utils.py:622: UserWarning: for vision_model.encoder.layers.2.mlp.fc1.weight: copying from a non-meta parameter in the checkpoint to a meta parameter in the current model, which is a no-op. (Did you mean to pass `assign=True` to assign items in the state dictionary to their corresponding key in the module instead of copying them in place?)
  module._load_from_state_dict(*args)
/scratch/jp09/dd9648/.venv-llava-video/lib64/python3.12/site-packages/transformers/modeling_utils.py:622: UserWarning: for vision_model.encoder.layers.2.mlp.fc1.bias: copying from a non-meta parameter in the checkpoint to a meta parameter in the current model, which is a no-op. (Did you mean to pass `assign=True` to assign items in the state dictionary to their corresponding key in the module instead of copying them in place?)
  module._load_from_state_dict(*args)
/scratch/jp09/dd9648/.venv-llava-video/lib64/python3.12/site-packages/transformers/modeling_utils.py:622: UserWarning: for vision_model.encoder.layers.2.mlp.fc2.weight: copying from a non-meta parameter in the checkpoint to a meta parameter in the current model, which is a no-op. (Did you mean to pass `assign=True` to assign items in the state dictionary to their corresponding key in the module instead of copying them in place?)
  module._load_from_state_dict(*args)
/scratch/jp09/dd9648/.venv-llava-video/lib64/python3.12/site-packages/transformers/modeling_utils.py:622: UserWarning: for vision_model.encoder.layers.2.mlp.fc2.bias: copying from a non-meta parameter in the checkpoint to a meta parameter in the current model, which is a no-op. (Did you mean to pass `assign=True` to assign items in the state dictionary to their corresponding key in the module instead of copying them in place?)
  module._load_from_state_dict(*args)
/scratch/jp09/dd9648/.venv-llava-video/lib64/python3.12/site-packages/transformers/modeling_utils.py:622: UserWarning: for vision_model.encoder.layers.2.layer_norm2.weight: copying from a non-meta parameter in the checkpoint to a meta parameter in the current model, which is a no-op. (Did you mean to pass `assign=True` to assign items in the state dictionary to their corresponding key in the module instead of copying them in place?)
  module._load_from_state_dict(*args)
/scratch/jp09/dd9648/.venv-llava-video/lib64/python3.12/site-packages/transformers/modeling_utils.py:622: UserWarning: for vision_model.encoder.layers.2.layer_norm2.bias: copying from a non-meta parameter in the checkpoint to a meta parameter in the current model, which is a no-op. (Did you mean to pass `assign=True` to assign items in the state dictionary to their corresponding key in the module instead of copying them in place?)
  module._load_from_state_dict(*args)
/scratch/jp09/dd9648/.venv-llava-video/lib64/python3.12/site-packages/transformers/modeling_utils.py:622: UserWarning: for vision_model.encoder.layers.3.self_attn.k_proj.weight: copying from a non-meta parameter in the checkpoint to a meta parameter in the current model, which is a no-op. (Did you mean to pass `assign=True` to assign items in the state dictionary to their corresponding key in the module instead of copying them in place?)
  module._load_from_state_dict(*args)
/scratch/jp09/dd9648/.venv-llava-video/lib64/python3.12/site-packages/transformers/modeling_utils.py:622: UserWarning: for vision_model.encoder.layers.3.self_attn.k_proj.bias: copying from a non-meta parameter in the checkpoint to a meta parameter in the current model, which is a no-op. (Did you mean to pass `assign=True` to assign items in the state dictionary to their corresponding key in the module instead of copying them in place?)
  module._load_from_state_dict(*args)
/scratch/jp09/dd9648/.venv-llava-video/lib64/python3.12/site-packages/transformers/modeling_utils.py:622: UserWarning: for vision_model.encoder.layers.3.self_attn.v_proj.weight: copying from a non-meta parameter in the checkpoint to a meta parameter in the current model, which is a no-op. (Did you mean to pass `assign=True` to assign items in the state dictionary to their corresponding key in the module instead of copying them in place?)
  module._load_from_state_dict(*args)
/scratch/jp09/dd9648/.venv-llava-video/lib64/python3.12/site-packages/transformers/modeling_utils.py:622: UserWarning: for vision_model.encoder.layers.3.self_attn.v_proj.bias: copying from a non-meta parameter in the checkpoint to a meta parameter in the current model, which is a no-op. (Did you mean to pass `assign=True` to assign items in the state dictionary to their corresponding key in the module instead of copying them in place?)
  module._load_from_state_dict(*args)
/scratch/jp09/dd9648/.venv-llava-video/lib64/python3.12/site-packages/transformers/modeling_utils.py:622: UserWarning: for vision_model.encoder.layers.3.self_attn.q_proj.weight: copying from a non-meta parameter in the checkpoint to a meta parameter in the current model, which is a no-op. (Did you mean to pass `assign=True` to assign items in the state dictionary to their corresponding key in the module instead of copying them in place?)
  module._load_from_state_dict(*args)
/scratch/jp09/dd9648/.venv-llava-video/lib64/python3.12/site-packages/transformers/modeling_utils.py:622: UserWarning: for vision_model.encoder.layers.3.self_attn.q_proj.bias: copying from a non-meta parameter in the checkpoint to a meta parameter in the current model, which is a no-op. (Did you mean to pass `assign=True` to assign items in the state dictionary to their corresponding key in the module instead of copying them in place?)
  module._load_from_state_dict(*args)
/scratch/jp09/dd9648/.venv-llava-video/lib64/python3.12/site-packages/transformers/modeling_utils.py:622: UserWarning: for vision_model.encoder.layers.3.self_attn.out_proj.weight: copying from a non-meta parameter in the checkpoint to a meta parameter in the current model, which is a no-op. (Did you mean to pass `assign=True` to assign items in the state dictionary to their corresponding key in the module instead of copying them in place?)
  module._load_from_state_dict(*args)
/scratch/jp09/dd9648/.venv-llava-video/lib64/python3.12/site-packages/transformers/modeling_utils.py:622: UserWarning: for vision_model.encoder.layers.3.self_attn.out_proj.bias: copying from a non-meta parameter in the checkpoint to a meta parameter in the current model, which is a no-op. (Did you mean to pass `assign=True` to assign items in the state dictionary to their corresponding key in the module instead of copying them in place?)
  module._load_from_state_dict(*args)
/scratch/jp09/dd9648/.venv-llava-video/lib64/python3.12/site-packages/transformers/modeling_utils.py:622: UserWarning: for vision_model.encoder.layers.3.layer_norm1.weight: copying from a non-meta parameter in the checkpoint to a meta parameter in the current model, which is a no-op. (Did you mean to pass `assign=True` to assign items in the state dictionary to their corresponding key in the module instead of copying them in place?)
  module._load_from_state_dict(*args)
/scratch/jp09/dd9648/.venv-llava-video/lib64/python3.12/site-packages/transformers/modeling_utils.py:622: UserWarning: for vision_model.encoder.layers.3.layer_norm1.bias: copying from a non-meta parameter in the checkpoint to a meta parameter in the current model, which is a no-op. (Did you mean to pass `assign=True` to assign items in the state dictionary to their corresponding key in the module instead of copying them in place?)
  module._load_from_state_dict(*args)
/scratch/jp09/dd9648/.venv-llava-video/lib64/python3.12/site-packages/transformers/modeling_utils.py:622: UserWarning: for vision_model.encoder.layers.3.mlp.fc1.weight: copying from a non-meta parameter in the checkpoint to a meta parameter in the current model, which is a no-op. (Did you mean to pass `assign=True` to assign items in the state dictionary to their corresponding key in the module instead of copying them in place?)
  module._load_from_state_dict(*args)
/scratch/jp09/dd9648/.venv-llava-video/lib64/python3.12/site-packages/transformers/modeling_utils.py:622: UserWarning: for vision_model.encoder.layers.3.mlp.fc1.bias: copying from a non-meta parameter in the checkpoint to a meta parameter in the current model, which is a no-op. (Did you mean to pass `assign=True` to assign items in the state dictionary to their corresponding key in the module instead of copying them in place?)
  module._load_from_state_dict(*args)
/scratch/jp09/dd9648/.venv-llava-video/lib64/python3.12/site-packages/transformers/modeling_utils.py:622: UserWarning: for vision_model.encoder.layers.3.mlp.fc2.weight: copying from a non-meta parameter in the checkpoint to a meta parameter in the current model, which is a no-op. (Did you mean to pass `assign=True` to assign items in the state dictionary to their corresponding key in the module instead of copying them in place?)
  module._load_from_state_dict(*args)
/scratch/jp09/dd9648/.venv-llava-video/lib64/python3.12/site-packages/transformers/modeling_utils.py:622: UserWarning: for vision_model.encoder.layers.3.mlp.fc2.bias: copying from a non-meta parameter in the checkpoint to a meta parameter in the current model, which is a no-op. (Did you mean to pass `assign=True` to assign items in the state dictionary to their corresponding key in the module instead of copying them in place?)
  module._load_from_state_dict(*args)
/scratch/jp09/dd9648/.venv-llava-video/lib64/python3.12/site-packages/transformers/modeling_utils.py:622: UserWarning: for vision_model.encoder.layers.3.layer_norm2.weight: copying from a non-meta parameter in the checkpoint to a meta parameter in the current model, which is a no-op. (Did you mean to pass `assign=True` to assign items in the state dictionary to their corresponding key in the module instead of copying them in place?)
  module._load_from_state_dict(*args)
/scratch/jp09/dd9648/.venv-llava-video/lib64/python3.12/site-packages/transformers/modeling_utils.py:622: UserWarning: for vision_model.encoder.layers.3.layer_norm2.bias: copying from a non-meta parameter in the checkpoint to a meta parameter in the current model, which is a no-op. (Did you mean to pass `assign=True` to assign items in the state dictionary to their corresponding key in the module instead of copying them in place?)
  module._load_from_state_dict(*args)
/scratch/jp09/dd9648/.venv-llava-video/lib64/python3.12/site-packages/transformers/modeling_utils.py:622: UserWarning: for vision_model.encoder.layers.4.self_attn.k_proj.weight: copying from a non-meta parameter in the checkpoint to a meta parameter in the current model, which is a no-op. (Did you mean to pass `assign=True` to assign items in the state dictionary to their corresponding key in the module instead of copying them in place?)
  module._load_from_state_dict(*args)
/scratch/jp09/dd9648/.venv-llava-video/lib64/python3.12/site-packages/transformers/modeling_utils.py:622: UserWarning: for vision_model.encoder.layers.4.self_attn.k_proj.bias: copying from a non-meta parameter in the checkpoint to a meta parameter in the current model, which is a no-op. (Did you mean to pass `assign=True` to assign items in the state dictionary to their corresponding key in the module instead of copying them in place?)
  module._load_from_state_dict(*args)
/scratch/jp09/dd9648/.venv-llava-video/lib64/python3.12/site-packages/transformers/modeling_utils.py:622: UserWarning: for vision_model.encoder.layers.4.self_attn.v_proj.weight: copying from a non-meta parameter in the checkpoint to a meta parameter in the current model, which is a no-op. (Did you mean to pass `assign=True` to assign items in the state dictionary to their corresponding key in the module instead of copying them in place?)
  module._load_from_state_dict(*args)
/scratch/jp09/dd9648/.venv-llava-video/lib64/python3.12/site-packages/transformers/modeling_utils.py:622: UserWarning: for vision_model.encoder.layers.4.self_attn.v_proj.bias: copying from a non-meta parameter in the checkpoint to a meta parameter in the current model, which is a no-op. (Did you mean to pass `assign=True` to assign items in the state dictionary to their corresponding key in the module instead of copying them in place?)
  module._load_from_state_dict(*args)
/scratch/jp09/dd9648/.venv-llava-video/lib64/python3.12/site-packages/transformers/modeling_utils.py:622: UserWarning: for vision_model.encoder.layers.4.self_attn.q_proj.weight: copying from a non-meta parameter in the checkpoint to a meta parameter in the current model, which is a no-op. (Did you mean to pass `assign=True` to assign items in the state dictionary to their corresponding key in the module instead of copying them in place?)
  module._load_from_state_dict(*args)
/scratch/jp09/dd9648/.venv-llava-video/lib64/python3.12/site-packages/transformers/modeling_utils.py:622: UserWarning: for vision_model.encoder.layers.4.self_attn.q_proj.bias: copying from a non-meta parameter in the checkpoint to a meta parameter in the current model, which is a no-op. (Did you mean to pass `assign=True` to assign items in the state dictionary to their corresponding key in the module instead of copying them in place?)
  module._load_from_state_dict(*args)
/scratch/jp09/dd9648/.venv-llava-video/lib64/python3.12/site-packages/transformers/modeling_utils.py:622: UserWarning: for vision_model.encoder.layers.4.self_attn.out_proj.weight: copying from a non-meta parameter in the checkpoint to a meta parameter in the current model, which is a no-op. (Did you mean to pass `assign=True` to assign items in the state dictionary to their corresponding key in the module instead of copying them in place?)
  module._load_from_state_dict(*args)
/scratch/jp09/dd9648/.venv-llava-video/lib64/python3.12/site-packages/transformers/modeling_utils.py:622: UserWarning: for vision_model.encoder.layers.4.self_attn.out_proj.bias: copying from a non-meta parameter in the checkpoint to a meta parameter in the current model, which is a no-op. (Did you mean to pass `assign=True` to assign items in the state dictionary to their corresponding key in the module instead of copying them in place?)
  module._load_from_state_dict(*args)
/scratch/jp09/dd9648/.venv-llava-video/lib64/python3.12/site-packages/transformers/modeling_utils.py:622: UserWarning: for vision_model.encoder.layers.4.layer_norm1.weight: copying from a non-meta parameter in the checkpoint to a meta parameter in the current model, which is a no-op. (Did you mean to pass `assign=True` to assign items in the state dictionary to their corresponding key in the module instead of copying them in place?)
  module._load_from_state_dict(*args)
/scratch/jp09/dd9648/.venv-llava-video/lib64/python3.12/site-packages/transformers/modeling_utils.py:622: UserWarning: for vision_model.encoder.layers.4.layer_norm1.bias: copying from a non-meta parameter in the checkpoint to a meta parameter in the current model, which is a no-op. (Did you mean to pass `assign=True` to assign items in the state dictionary to their corresponding key in the module instead of copying them in place?)
  module._load_from_state_dict(*args)
/scratch/jp09/dd9648/.venv-llava-video/lib64/python3.12/site-packages/transformers/modeling_utils.py:622: UserWarning: for vision_model.encoder.layers.4.mlp.fc1.weight: copying from a non-meta parameter in the checkpoint to a meta parameter in the current model, which is a no-op. (Did you mean to pass `assign=True` to assign items in the state dictionary to their corresponding key in the module instead of copying them in place?)
  module._load_from_state_dict(*args)
/scratch/jp09/dd9648/.venv-llava-video/lib64/python3.12/site-packages/transformers/modeling_utils.py:622: UserWarning: for vision_model.encoder.layers.4.mlp.fc1.bias: copying from a non-meta parameter in the checkpoint to a meta parameter in the current model, which is a no-op. (Did you mean to pass `assign=True` to assign items in the state dictionary to their corresponding key in the module instead of copying them in place?)
  module._load_from_state_dict(*args)
/scratch/jp09/dd9648/.venv-llava-video/lib64/python3.12/site-packages/transformers/modeling_utils.py:622: UserWarning: for vision_model.encoder.layers.4.mlp.fc2.weight: copying from a non-meta parameter in the checkpoint to a meta parameter in the current model, which is a no-op. (Did you mean to pass `assign=True` to assign items in the state dictionary to their corresponding key in the module instead of copying them in place?)
  module._load_from_state_dict(*args)
/scratch/jp09/dd9648/.venv-llava-video/lib64/python3.12/site-packages/transformers/modeling_utils.py:622: UserWarning: for vision_model.encoder.layers.4.mlp.fc2.bias: copying from a non-meta parameter in the checkpoint to a meta parameter in the current model, which is a no-op. (Did you mean to pass `assign=True` to assign items in the state dictionary to their corresponding key in the module instead of copying them in place?)
  module._load_from_state_dict(*args)
/scratch/jp09/dd9648/.venv-llava-video/lib64/python3.12/site-packages/transformers/modeling_utils.py:622: UserWarning: for vision_model.encoder.layers.4.layer_norm2.weight: copying from a non-meta parameter in the checkpoint to a meta parameter in the current model, which is a no-op. (Did you mean to pass `assign=True` to assign items in the state dictionary to their corresponding key in the module instead of copying them in place?)
  module._load_from_state_dict(*args)
/scratch/jp09/dd9648/.venv-llava-video/lib64/python3.12/site-packages/transformers/modeling_utils.py:622: UserWarning: for vision_model.encoder.layers.4.layer_norm2.bias: copying from a non-meta parameter in the checkpoint to a meta parameter in the current model, which is a no-op. (Did you mean to pass `assign=True` to assign items in the state dictionary to their corresponding key in the module instead of copying them in place?)
  module._load_from_state_dict(*args)
/scratch/jp09/dd9648/.venv-llava-video/lib64/python3.12/site-packages/transformers/modeling_utils.py:622: UserWarning: for vision_model.encoder.layers.5.self_attn.k_proj.weight: copying from a non-meta parameter in the checkpoint to a meta parameter in the current model, which is a no-op. (Did you mean to pass `assign=True` to assign items in the state dictionary to their corresponding key in the module instead of copying them in place?)
  module._load_from_state_dict(*args)
/scratch/jp09/dd9648/.venv-llava-video/lib64/python3.12/site-packages/transformers/modeling_utils.py:622: UserWarning: for vision_model.encoder.layers.5.self_attn.k_proj.bias: copying from a non-meta parameter in the checkpoint to a meta parameter in the current model, which is a no-op. (Did you mean to pass `assign=True` to assign items in the state dictionary to their corresponding key in the module instead of copying them in place?)
  module._load_from_state_dict(*args)
/scratch/jp09/dd9648/.venv-llava-video/lib64/python3.12/site-packages/transformers/modeling_utils.py:622: UserWarning: for vision_model.encoder.layers.5.self_attn.v_proj.weight: copying from a non-meta parameter in the checkpoint to a meta parameter in the current model, which is a no-op. (Did you mean to pass `assign=True` to assign items in the state dictionary to their corresponding key in the module instead of copying them in place?)
  module._load_from_state_dict(*args)
/scratch/jp09/dd9648/.venv-llava-video/lib64/python3.12/site-packages/transformers/modeling_utils.py:622: UserWarning: for vision_model.encoder.layers.5.self_attn.v_proj.bias: copying from a non-meta parameter in the checkpoint to a meta parameter in the current model, which is a no-op. (Did you mean to pass `assign=True` to assign items in the state dictionary to their corresponding key in the module instead of copying them in place?)
  module._load_from_state_dict(*args)
/scratch/jp09/dd9648/.venv-llava-video/lib64/python3.12/site-packages/transformers/modeling_utils.py:622: UserWarning: for vision_model.encoder.layers.5.self_attn.q_proj.weight: copying from a non-meta parameter in the checkpoint to a meta parameter in the current model, which is a no-op. (Did you mean to pass `assign=True` to assign items in the state dictionary to their corresponding key in the module instead of copying them in place?)
  module._load_from_state_dict(*args)
/scratch/jp09/dd9648/.venv-llava-video/lib64/python3.12/site-packages/transformers/modeling_utils.py:622: UserWarning: for vision_model.encoder.layers.5.self_attn.q_proj.bias: copying from a non-meta parameter in the checkpoint to a meta parameter in the current model, which is a no-op. (Did you mean to pass `assign=True` to assign items in the state dictionary to their corresponding key in the module instead of copying them in place?)
  module._load_from_state_dict(*args)
/scratch/jp09/dd9648/.venv-llava-video/lib64/python3.12/site-packages/transformers/modeling_utils.py:622: UserWarning: for vision_model.encoder.layers.5.self_attn.out_proj.weight: copying from a non-meta parameter in the checkpoint to a meta parameter in the current model, which is a no-op. (Did you mean to pass `assign=True` to assign items in the state dictionary to their corresponding key in the module instead of copying them in place?)
  module._load_from_state_dict(*args)
/scratch/jp09/dd9648/.venv-llava-video/lib64/python3.12/site-packages/transformers/modeling_utils.py:622: UserWarning: for vision_model.encoder.layers.5.self_attn.out_proj.bias: copying from a non-meta parameter in the checkpoint to a meta parameter in the current model, which is a no-op. (Did you mean to pass `assign=True` to assign items in the state dictionary to their corresponding key in the module instead of copying them in place?)
  module._load_from_state_dict(*args)
/scratch/jp09/dd9648/.venv-llava-video/lib64/python3.12/site-packages/transformers/modeling_utils.py:622: UserWarning: for vision_model.encoder.layers.5.layer_norm1.weight: copying from a non-meta parameter in the checkpoint to a meta parameter in the current model, which is a no-op. (Did you mean to pass `assign=True` to assign items in the state dictionary to their corresponding key in the module instead of copying them in place?)
  module._load_from_state_dict(*args)
/scratch/jp09/dd9648/.venv-llava-video/lib64/python3.12/site-packages/transformers/modeling_utils.py:622: UserWarning: for vision_model.encoder.layers.5.layer_norm1.bias: copying from a non-meta parameter in the checkpoint to a meta parameter in the current model, which is a no-op. (Did you mean to pass `assign=True` to assign items in the state dictionary to their corresponding key in the module instead of copying them in place?)
  module._load_from_state_dict(*args)
/scratch/jp09/dd9648/.venv-llava-video/lib64/python3.12/site-packages/transformers/modeling_utils.py:622: UserWarning: for vision_model.encoder.layers.5.mlp.fc1.weight: copying from a non-meta parameter in the checkpoint to a meta parameter in the current model, which is a no-op. (Did you mean to pass `assign=True` to assign items in the state dictionary to their corresponding key in the module instead of copying them in place?)
  module._load_from_state_dict(*args)
/scratch/jp09/dd9648/.venv-llava-video/lib64/python3.12/site-packages/transformers/modeling_utils.py:622: UserWarning: for vision_model.encoder.layers.5.mlp.fc1.bias: copying from a non-meta parameter in the checkpoint to a meta parameter in the current model, which is a no-op. (Did you mean to pass `assign=True` to assign items in the state dictionary to their corresponding key in the module instead of copying them in place?)
  module._load_from_state_dict(*args)
/scratch/jp09/dd9648/.venv-llava-video/lib64/python3.12/site-packages/transformers/modeling_utils.py:622: UserWarning: for vision_model.encoder.layers.5.mlp.fc2.weight: copying from a non-meta parameter in the checkpoint to a meta parameter in the current model, which is a no-op. (Did you mean to pass `assign=True` to assign items in the state dictionary to their corresponding key in the module instead of copying them in place?)
  module._load_from_state_dict(*args)
/scratch/jp09/dd9648/.venv-llava-video/lib64/python3.12/site-packages/transformers/modeling_utils.py:622: UserWarning: for vision_model.encoder.layers.5.mlp.fc2.bias: copying from a non-meta parameter in the checkpoint to a meta parameter in the current model, which is a no-op. (Did you mean to pass `assign=True` to assign items in the state dictionary to their corresponding key in the module instead of copying them in place?)
  module._load_from_state_dict(*args)
/scratch/jp09/dd9648/.venv-llava-video/lib64/python3.12/site-packages/transformers/modeling_utils.py:622: UserWarning: for vision_model.encoder.layers.5.layer_norm2.weight: copying from a non-meta parameter in the checkpoint to a meta parameter in the current model, which is a no-op. (Did you mean to pass `assign=True` to assign items in the state dictionary to their corresponding key in the module instead of copying them in place?)
  module._load_from_state_dict(*args)
/scratch/jp09/dd9648/.venv-llava-video/lib64/python3.12/site-packages/transformers/modeling_utils.py:622: UserWarning: for vision_model.encoder.layers.5.layer_norm2.bias: copying from a non-meta parameter in the checkpoint to a meta parameter in the current model, which is a no-op. (Did you mean to pass `assign=True` to assign items in the state dictionary to their corresponding key in the module instead of copying them in place?)
  module._load_from_state_dict(*args)
/scratch/jp09/dd9648/.venv-llava-video/lib64/python3.12/site-packages/transformers/modeling_utils.py:622: UserWarning: for vision_model.encoder.layers.6.self_attn.k_proj.weight: copying from a non-meta parameter in the checkpoint to a meta parameter in the current model, which is a no-op. (Did you mean to pass `assign=True` to assign items in the state dictionary to their corresponding key in the module instead of copying them in place?)
  module._load_from_state_dict(*args)
/scratch/jp09/dd9648/.venv-llava-video/lib64/python3.12/site-packages/transformers/modeling_utils.py:622: UserWarning: for vision_model.encoder.layers.6.self_attn.k_proj.bias: copying from a non-meta parameter in the checkpoint to a meta parameter in the current model, which is a no-op. (Did you mean to pass `assign=True` to assign items in the state dictionary to their corresponding key in the module instead of copying them in place?)
  module._load_from_state_dict(*args)
/scratch/jp09/dd9648/.venv-llava-video/lib64/python3.12/site-packages/transformers/modeling_utils.py:622: UserWarning: for vision_model.encoder.layers.6.self_attn.v_proj.weight: copying from a non-meta parameter in the checkpoint to a meta parameter in the current model, which is a no-op. (Did you mean to pass `assign=True` to assign items in the state dictionary to their corresponding key in the module instead of copying them in place?)
  module._load_from_state_dict(*args)
/scratch/jp09/dd9648/.venv-llava-video/lib64/python3.12/site-packages/transformers/modeling_utils.py:622: UserWarning: for vision_model.encoder.layers.6.self_attn.v_proj.bias: copying from a non-meta parameter in the checkpoint to a meta parameter in the current model, which is a no-op. (Did you mean to pass `assign=True` to assign items in the state dictionary to their corresponding key in the module instead of copying them in place?)
  module._load_from_state_dict(*args)
/scratch/jp09/dd9648/.venv-llava-video/lib64/python3.12/site-packages/transformers/modeling_utils.py:622: UserWarning: for vision_model.encoder.layers.6.self_attn.q_proj.weight: copying from a non-meta parameter in the checkpoint to a meta parameter in the current model, which is a no-op. (Did you mean to pass `assign=True` to assign items in the state dictionary to their corresponding key in the module instead of copying them in place?)
  module._load_from_state_dict(*args)
/scratch/jp09/dd9648/.venv-llava-video/lib64/python3.12/site-packages/transformers/modeling_utils.py:622: UserWarning: for vision_model.encoder.layers.6.self_attn.q_proj.bias: copying from a non-meta parameter in the checkpoint to a meta parameter in the current model, which is a no-op. (Did you mean to pass `assign=True` to assign items in the state dictionary to their corresponding key in the module instead of copying them in place?)
  module._load_from_state_dict(*args)
/scratch/jp09/dd9648/.venv-llava-video/lib64/python3.12/site-packages/transformers/modeling_utils.py:622: UserWarning: for vision_model.encoder.layers.6.self_attn.out_proj.weight: copying from a non-meta parameter in the checkpoint to a meta parameter in the current model, which is a no-op. (Did you mean to pass `assign=True` to assign items in the state dictionary to their corresponding key in the module instead of copying them in place?)
  module._load_from_state_dict(*args)
/scratch/jp09/dd9648/.venv-llava-video/lib64/python3.12/site-packages/transformers/modeling_utils.py:622: UserWarning: for vision_model.encoder.layers.6.self_attn.out_proj.bias: copying from a non-meta parameter in the checkpoint to a meta parameter in the current model, which is a no-op. (Did you mean to pass `assign=True` to assign items in the state dictionary to their corresponding key in the module instead of copying them in place?)
  module._load_from_state_dict(*args)
/scratch/jp09/dd9648/.venv-llava-video/lib64/python3.12/site-packages/transformers/modeling_utils.py:622: UserWarning: for vision_model.encoder.layers.6.layer_norm1.weight: copying from a non-meta parameter in the checkpoint to a meta parameter in the current model, which is a no-op. (Did you mean to pass `assign=True` to assign items in the state dictionary to their corresponding key in the module instead of copying them in place?)
  module._load_from_state_dict(*args)
/scratch/jp09/dd9648/.venv-llava-video/lib64/python3.12/site-packages/transformers/modeling_utils.py:622: UserWarning: for vision_model.encoder.layers.6.layer_norm1.bias: copying from a non-meta parameter in the checkpoint to a meta parameter in the current model, which is a no-op. (Did you mean to pass `assign=True` to assign items in the state dictionary to their corresponding key in the module instead of copying them in place?)
  module._load_from_state_dict(*args)
/scratch/jp09/dd9648/.venv-llava-video/lib64/python3.12/site-packages/transformers/modeling_utils.py:622: UserWarning: for vision_model.encoder.layers.6.mlp.fc1.weight: copying from a non-meta parameter in the checkpoint to a meta parameter in the current model, which is a no-op. (Did you mean to pass `assign=True` to assign items in the state dictionary to their corresponding key in the module instead of copying them in place?)
  module._load_from_state_dict(*args)
/scratch/jp09/dd9648/.venv-llava-video/lib64/python3.12/site-packages/transformers/modeling_utils.py:622: UserWarning: for vision_model.encoder.layers.6.mlp.fc1.bias: copying from a non-meta parameter in the checkpoint to a meta parameter in the current model, which is a no-op. (Did you mean to pass `assign=True` to assign items in the state dictionary to their corresponding key in the module instead of copying them in place?)
  module._load_from_state_dict(*args)
/scratch/jp09/dd9648/.venv-llava-video/lib64/python3.12/site-packages/transformers/modeling_utils.py:622: UserWarning: for vision_model.encoder.layers.6.mlp.fc2.weight: copying from a non-meta parameter in the checkpoint to a meta parameter in the current model, which is a no-op. (Did you mean to pass `assign=True` to assign items in the state dictionary to their corresponding key in the module instead of copying them in place?)
  module._load_from_state_dict(*args)
/scratch/jp09/dd9648/.venv-llava-video/lib64/python3.12/site-packages/transformers/modeling_utils.py:622: UserWarning: for vision_model.encoder.layers.6.mlp.fc2.bias: copying from a non-meta parameter in the checkpoint to a meta parameter in the current model, which is a no-op. (Did you mean to pass `assign=True` to assign items in the state dictionary to their corresponding key in the module instead of copying them in place?)
  module._load_from_state_dict(*args)
/scratch/jp09/dd9648/.venv-llava-video/lib64/python3.12/site-packages/transformers/modeling_utils.py:622: UserWarning: for vision_model.encoder.layers.6.layer_norm2.weight: copying from a non-meta parameter in the checkpoint to a meta parameter in the current model, which is a no-op. (Did you mean to pass `assign=True` to assign items in the state dictionary to their corresponding key in the module instead of copying them in place?)
  module._load_from_state_dict(*args)
/scratch/jp09/dd9648/.venv-llava-video/lib64/python3.12/site-packages/transformers/modeling_utils.py:622: UserWarning: for vision_model.encoder.layers.6.layer_norm2.bias: copying from a non-meta parameter in the checkpoint to a meta parameter in the current model, which is a no-op. (Did you mean to pass `assign=True` to assign items in the state dictionary to their corresponding key in the module instead of copying them in place?)
  module._load_from_state_dict(*args)
/scratch/jp09/dd9648/.venv-llava-video/lib64/python3.12/site-packages/transformers/modeling_utils.py:622: UserWarning: for vision_model.encoder.layers.7.self_attn.k_proj.weight: copying from a non-meta parameter in the checkpoint to a meta parameter in the current model, which is a no-op. (Did you mean to pass `assign=True` to assign items in the state dictionary to their corresponding key in the module instead of copying them in place?)
  module._load_from_state_dict(*args)
/scratch/jp09/dd9648/.venv-llava-video/lib64/python3.12/site-packages/transformers/modeling_utils.py:622: UserWarning: for vision_model.encoder.layers.7.self_attn.k_proj.bias: copying from a non-meta parameter in the checkpoint to a meta parameter in the current model, which is a no-op. (Did you mean to pass `assign=True` to assign items in the state dictionary to their corresponding key in the module instead of copying them in place?)
  module._load_from_state_dict(*args)
/scratch/jp09/dd9648/.venv-llava-video/lib64/python3.12/site-packages/transformers/modeling_utils.py:622: UserWarning: for vision_model.encoder.layers.7.self_attn.v_proj.weight: copying from a non-meta parameter in the checkpoint to a meta parameter in the current model, which is a no-op. (Did you mean to pass `assign=True` to assign items in the state dictionary to their corresponding key in the module instead of copying them in place?)
  module._load_from_state_dict(*args)
/scratch/jp09/dd9648/.venv-llava-video/lib64/python3.12/site-packages/transformers/modeling_utils.py:622: UserWarning: for vision_model.encoder.layers.7.self_attn.v_proj.bias: copying from a non-meta parameter in the checkpoint to a meta parameter in the current model, which is a no-op. (Did you mean to pass `assign=True` to assign items in the state dictionary to their corresponding key in the module instead of copying them in place?)
  module._load_from_state_dict(*args)
/scratch/jp09/dd9648/.venv-llava-video/lib64/python3.12/site-packages/transformers/modeling_utils.py:622: UserWarning: for vision_model.encoder.layers.7.self_attn.q_proj.weight: copying from a non-meta parameter in the checkpoint to a meta parameter in the current model, which is a no-op. (Did you mean to pass `assign=True` to assign items in the state dictionary to their corresponding key in the module instead of copying them in place?)
  module._load_from_state_dict(*args)
/scratch/jp09/dd9648/.venv-llava-video/lib64/python3.12/site-packages/transformers/modeling_utils.py:622: UserWarning: for vision_model.encoder.layers.7.self_attn.q_proj.bias: copying from a non-meta parameter in the checkpoint to a meta parameter in the current model, which is a no-op. (Did you mean to pass `assign=True` to assign items in the state dictionary to their corresponding key in the module instead of copying them in place?)
  module._load_from_state_dict(*args)
/scratch/jp09/dd9648/.venv-llava-video/lib64/python3.12/site-packages/transformers/modeling_utils.py:622: UserWarning: for vision_model.encoder.layers.7.self_attn.out_proj.weight: copying from a non-meta parameter in the checkpoint to a meta parameter in the current model, which is a no-op. (Did you mean to pass `assign=True` to assign items in the state dictionary to their corresponding key in the module instead of copying them in place?)
  module._load_from_state_dict(*args)
/scratch/jp09/dd9648/.venv-llava-video/lib64/python3.12/site-packages/transformers/modeling_utils.py:622: UserWarning: for vision_model.encoder.layers.7.self_attn.out_proj.bias: copying from a non-meta parameter in the checkpoint to a meta parameter in the current model, which is a no-op. (Did you mean to pass `assign=True` to assign items in the state dictionary to their corresponding key in the module instead of copying them in place?)
  module._load_from_state_dict(*args)
/scratch/jp09/dd9648/.venv-llava-video/lib64/python3.12/site-packages/transformers/modeling_utils.py:622: UserWarning: for vision_model.encoder.layers.7.layer_norm1.weight: copying from a non-meta parameter in the checkpoint to a meta parameter in the current model, which is a no-op. (Did you mean to pass `assign=True` to assign items in the state dictionary to their corresponding key in the module instead of copying them in place?)
  module._load_from_state_dict(*args)
/scratch/jp09/dd9648/.venv-llava-video/lib64/python3.12/site-packages/transformers/modeling_utils.py:622: UserWarning: for vision_model.encoder.layers.7.layer_norm1.bias: copying from a non-meta parameter in the checkpoint to a meta parameter in the current model, which is a no-op. (Did you mean to pass `assign=True` to assign items in the state dictionary to their corresponding key in the module instead of copying them in place?)
  module._load_from_state_dict(*args)
/scratch/jp09/dd9648/.venv-llava-video/lib64/python3.12/site-packages/transformers/modeling_utils.py:622: UserWarning: for vision_model.encoder.layers.7.mlp.fc1.weight: copying from a non-meta parameter in the checkpoint to a meta parameter in the current model, which is a no-op. (Did you mean to pass `assign=True` to assign items in the state dictionary to their corresponding key in the module instead of copying them in place?)
  module._load_from_state_dict(*args)
/scratch/jp09/dd9648/.venv-llava-video/lib64/python3.12/site-packages/transformers/modeling_utils.py:622: UserWarning: for vision_model.encoder.layers.7.mlp.fc1.bias: copying from a non-meta parameter in the checkpoint to a meta parameter in the current model, which is a no-op. (Did you mean to pass `assign=True` to assign items in the state dictionary to their corresponding key in the module instead of copying them in place?)
  module._load_from_state_dict(*args)
/scratch/jp09/dd9648/.venv-llava-video/lib64/python3.12/site-packages/transformers/modeling_utils.py:622: UserWarning: for vision_model.encoder.layers.7.mlp.fc2.weight: copying from a non-meta parameter in the checkpoint to a meta parameter in the current model, which is a no-op. (Did you mean to pass `assign=True` to assign items in the state dictionary to their corresponding key in the module instead of copying them in place?)
  module._load_from_state_dict(*args)
/scratch/jp09/dd9648/.venv-llava-video/lib64/python3.12/site-packages/transformers/modeling_utils.py:622: UserWarning: for vision_model.encoder.layers.7.mlp.fc2.bias: copying from a non-meta parameter in the checkpoint to a meta parameter in the current model, which is a no-op. (Did you mean to pass `assign=True` to assign items in the state dictionary to their corresponding key in the module instead of copying them in place?)
  module._load_from_state_dict(*args)
/scratch/jp09/dd9648/.venv-llava-video/lib64/python3.12/site-packages/transformers/modeling_utils.py:622: UserWarning: for vision_model.encoder.layers.7.layer_norm2.weight: copying from a non-meta parameter in the checkpoint to a meta parameter in the current model, which is a no-op. (Did you mean to pass `assign=True` to assign items in the state dictionary to their corresponding key in the module instead of copying them in place?)
  module._load_from_state_dict(*args)
/scratch/jp09/dd9648/.venv-llava-video/lib64/python3.12/site-packages/transformers/modeling_utils.py:622: UserWarning: for vision_model.encoder.layers.7.layer_norm2.bias: copying from a non-meta parameter in the checkpoint to a meta parameter in the current model, which is a no-op. (Did you mean to pass `assign=True` to assign items in the state dictionary to their corresponding key in the module instead of copying them in place?)
  module._load_from_state_dict(*args)
/scratch/jp09/dd9648/.venv-llava-video/lib64/python3.12/site-packages/transformers/modeling_utils.py:622: UserWarning: for vision_model.encoder.layers.8.self_attn.k_proj.weight: copying from a non-meta parameter in the checkpoint to a meta parameter in the current model, which is a no-op. (Did you mean to pass `assign=True` to assign items in the state dictionary to their corresponding key in the module instead of copying them in place?)
  module._load_from_state_dict(*args)
/scratch/jp09/dd9648/.venv-llava-video/lib64/python3.12/site-packages/transformers/modeling_utils.py:622: UserWarning: for vision_model.encoder.layers.8.self_attn.k_proj.bias: copying from a non-meta parameter in the checkpoint to a meta parameter in the current model, which is a no-op. (Did you mean to pass `assign=True` to assign items in the state dictionary to their corresponding key in the module instead of copying them in place?)
  module._load_from_state_dict(*args)
/scratch/jp09/dd9648/.venv-llava-video/lib64/python3.12/site-packages/transformers/modeling_utils.py:622: UserWarning: for vision_model.encoder.layers.8.self_attn.v_proj.weight: copying from a non-meta parameter in the checkpoint to a meta parameter in the current model, which is a no-op. (Did you mean to pass `assign=True` to assign items in the state dictionary to their corresponding key in the module instead of copying them in place?)
  module._load_from_state_dict(*args)
/scratch/jp09/dd9648/.venv-llava-video/lib64/python3.12/site-packages/transformers/modeling_utils.py:622: UserWarning: for vision_model.encoder.layers.8.self_attn.v_proj.bias: copying from a non-meta parameter in the checkpoint to a meta parameter in the current model, which is a no-op. (Did you mean to pass `assign=True` to assign items in the state dictionary to their corresponding key in the module instead of copying them in place?)
  module._load_from_state_dict(*args)
/scratch/jp09/dd9648/.venv-llava-video/lib64/python3.12/site-packages/transformers/modeling_utils.py:622: UserWarning: for vision_model.encoder.layers.8.self_attn.q_proj.weight: copying from a non-meta parameter in the checkpoint to a meta parameter in the current model, which is a no-op. (Did you mean to pass `assign=True` to assign items in the state dictionary to their corresponding key in the module instead of copying them in place?)
  module._load_from_state_dict(*args)
/scratch/jp09/dd9648/.venv-llava-video/lib64/python3.12/site-packages/transformers/modeling_utils.py:622: UserWarning: for vision_model.encoder.layers.8.self_attn.q_proj.bias: copying from a non-meta parameter in the checkpoint to a meta parameter in the current model, which is a no-op. (Did you mean to pass `assign=True` to assign items in the state dictionary to their corresponding key in the module instead of copying them in place?)
  module._load_from_state_dict(*args)
/scratch/jp09/dd9648/.venv-llava-video/lib64/python3.12/site-packages/transformers/modeling_utils.py:622: UserWarning: for vision_model.encoder.layers.8.self_attn.out_proj.weight: copying from a non-meta parameter in the checkpoint to a meta parameter in the current model, which is a no-op. (Did you mean to pass `assign=True` to assign items in the state dictionary to their corresponding key in the module instead of copying them in place?)
  module._load_from_state_dict(*args)
/scratch/jp09/dd9648/.venv-llava-video/lib64/python3.12/site-packages/transformers/modeling_utils.py:622: UserWarning: for vision_model.encoder.layers.8.self_attn.out_proj.bias: copying from a non-meta parameter in the checkpoint to a meta parameter in the current model, which is a no-op. (Did you mean to pass `assign=True` to assign items in the state dictionary to their corresponding key in the module instead of copying them in place?)
  module._load_from_state_dict(*args)
/scratch/jp09/dd9648/.venv-llava-video/lib64/python3.12/site-packages/transformers/modeling_utils.py:622: UserWarning: for vision_model.encoder.layers.8.layer_norm1.weight: copying from a non-meta parameter in the checkpoint to a meta parameter in the current model, which is a no-op. (Did you mean to pass `assign=True` to assign items in the state dictionary to their corresponding key in the module instead of copying them in place?)
  module._load_from_state_dict(*args)
/scratch/jp09/dd9648/.venv-llava-video/lib64/python3.12/site-packages/transformers/modeling_utils.py:622: UserWarning: for vision_model.encoder.layers.8.layer_norm1.bias: copying from a non-meta parameter in the checkpoint to a meta parameter in the current model, which is a no-op. (Did you mean to pass `assign=True` to assign items in the state dictionary to their corresponding key in the module instead of copying them in place?)
  module._load_from_state_dict(*args)
/scratch/jp09/dd9648/.venv-llava-video/lib64/python3.12/site-packages/transformers/modeling_utils.py:622: UserWarning: for vision_model.encoder.layers.8.mlp.fc1.weight: copying from a non-meta parameter in the checkpoint to a meta parameter in the current model, which is a no-op. (Did you mean to pass `assign=True` to assign items in the state dictionary to their corresponding key in the module instead of copying them in place?)
  module._load_from_state_dict(*args)
/scratch/jp09/dd9648/.venv-llava-video/lib64/python3.12/site-packages/transformers/modeling_utils.py:622: UserWarning: for vision_model.encoder.layers.8.mlp.fc1.bias: copying from a non-meta parameter in the checkpoint to a meta parameter in the current model, which is a no-op. (Did you mean to pass `assign=True` to assign items in the state dictionary to their corresponding key in the module instead of copying them in place?)
  module._load_from_state_dict(*args)
/scratch/jp09/dd9648/.venv-llava-video/lib64/python3.12/site-packages/transformers/modeling_utils.py:622: UserWarning: for vision_model.encoder.layers.8.mlp.fc2.weight: copying from a non-meta parameter in the checkpoint to a meta parameter in the current model, which is a no-op. (Did you mean to pass `assign=True` to assign items in the state dictionary to their corresponding key in the module instead of copying them in place?)
  module._load_from_state_dict(*args)
/scratch/jp09/dd9648/.venv-llava-video/lib64/python3.12/site-packages/transformers/modeling_utils.py:622: UserWarning: for vision_model.encoder.layers.8.mlp.fc2.bias: copying from a non-meta parameter in the checkpoint to a meta parameter in the current model, which is a no-op. (Did you mean to pass `assign=True` to assign items in the state dictionary to their corresponding key in the module instead of copying them in place?)
  module._load_from_state_dict(*args)
/scratch/jp09/dd9648/.venv-llava-video/lib64/python3.12/site-packages/transformers/modeling_utils.py:622: UserWarning: for vision_model.encoder.layers.8.layer_norm2.weight: copying from a non-meta parameter in the checkpoint to a meta parameter in the current model, which is a no-op. (Did you mean to pass `assign=True` to assign items in the state dictionary to their corresponding key in the module instead of copying them in place?)
  module._load_from_state_dict(*args)
/scratch/jp09/dd9648/.venv-llava-video/lib64/python3.12/site-packages/transformers/modeling_utils.py:622: UserWarning: for vision_model.encoder.layers.8.layer_norm2.bias: copying from a non-meta parameter in the checkpoint to a meta parameter in the current model, which is a no-op. (Did you mean to pass `assign=True` to assign items in the state dictionary to their corresponding key in the module instead of copying them in place?)
  module._load_from_state_dict(*args)
/scratch/jp09/dd9648/.venv-llava-video/lib64/python3.12/site-packages/transformers/modeling_utils.py:622: UserWarning: for vision_model.encoder.layers.9.self_attn.k_proj.weight: copying from a non-meta parameter in the checkpoint to a meta parameter in the current model, which is a no-op. (Did you mean to pass `assign=True` to assign items in the state dictionary to their corresponding key in the module instead of copying them in place?)
  module._load_from_state_dict(*args)
/scratch/jp09/dd9648/.venv-llava-video/lib64/python3.12/site-packages/transformers/modeling_utils.py:622: UserWarning: for vision_model.encoder.layers.9.self_attn.k_proj.bias: copying from a non-meta parameter in the checkpoint to a meta parameter in the current model, which is a no-op. (Did you mean to pass `assign=True` to assign items in the state dictionary to their corresponding key in the module instead of copying them in place?)
  module._load_from_state_dict(*args)
/scratch/jp09/dd9648/.venv-llava-video/lib64/python3.12/site-packages/transformers/modeling_utils.py:622: UserWarning: for vision_model.encoder.layers.9.self_attn.v_proj.weight: copying from a non-meta parameter in the checkpoint to a meta parameter in the current model, which is a no-op. (Did you mean to pass `assign=True` to assign items in the state dictionary to their corresponding key in the module instead of copying them in place?)
  module._load_from_state_dict(*args)
/scratch/jp09/dd9648/.venv-llava-video/lib64/python3.12/site-packages/transformers/modeling_utils.py:622: UserWarning: for vision_model.encoder.layers.9.self_attn.v_proj.bias: copying from a non-meta parameter in the checkpoint to a meta parameter in the current model, which is a no-op. (Did you mean to pass `assign=True` to assign items in the state dictionary to their corresponding key in the module instead of copying them in place?)
  module._load_from_state_dict(*args)
/scratch/jp09/dd9648/.venv-llava-video/lib64/python3.12/site-packages/transformers/modeling_utils.py:622: UserWarning: for vision_model.encoder.layers.9.self_attn.q_proj.weight: copying from a non-meta parameter in the checkpoint to a meta parameter in the current model, which is a no-op. (Did you mean to pass `assign=True` to assign items in the state dictionary to their corresponding key in the module instead of copying them in place?)
  module._load_from_state_dict(*args)
/scratch/jp09/dd9648/.venv-llava-video/lib64/python3.12/site-packages/transformers/modeling_utils.py:622: UserWarning: for vision_model.encoder.layers.9.self_attn.q_proj.bias: copying from a non-meta parameter in the checkpoint to a meta parameter in the current model, which is a no-op. (Did you mean to pass `assign=True` to assign items in the state dictionary to their corresponding key in the module instead of copying them in place?)
  module._load_from_state_dict(*args)
/scratch/jp09/dd9648/.venv-llava-video/lib64/python3.12/site-packages/transformers/modeling_utils.py:622: UserWarning: for vision_model.encoder.layers.9.self_attn.out_proj.weight: copying from a non-meta parameter in the checkpoint to a meta parameter in the current model, which is a no-op. (Did you mean to pass `assign=True` to assign items in the state dictionary to their corresponding key in the module instead of copying them in place?)
  module._load_from_state_dict(*args)
/scratch/jp09/dd9648/.venv-llava-video/lib64/python3.12/site-packages/transformers/modeling_utils.py:622: UserWarning: for vision_model.encoder.layers.9.self_attn.out_proj.bias: copying from a non-meta parameter in the checkpoint to a meta parameter in the current model, which is a no-op. (Did you mean to pass `assign=True` to assign items in the state dictionary to their corresponding key in the module instead of copying them in place?)
  module._load_from_state_dict(*args)
/scratch/jp09/dd9648/.venv-llava-video/lib64/python3.12/site-packages/transformers/modeling_utils.py:622: UserWarning: for vision_model.encoder.layers.9.layer_norm1.weight: copying from a non-meta parameter in the checkpoint to a meta parameter in the current model, which is a no-op. (Did you mean to pass `assign=True` to assign items in the state dictionary to their corresponding key in the module instead of copying them in place?)
  module._load_from_state_dict(*args)
/scratch/jp09/dd9648/.venv-llava-video/lib64/python3.12/site-packages/transformers/modeling_utils.py:622: UserWarning: for vision_model.encoder.layers.9.layer_norm1.bias: copying from a non-meta parameter in the checkpoint to a meta parameter in the current model, which is a no-op. (Did you mean to pass `assign=True` to assign items in the state dictionary to their corresponding key in the module instead of copying them in place?)
  module._load_from_state_dict(*args)
/scratch/jp09/dd9648/.venv-llava-video/lib64/python3.12/site-packages/transformers/modeling_utils.py:622: UserWarning: for vision_model.encoder.layers.9.mlp.fc1.weight: copying from a non-meta parameter in the checkpoint to a meta parameter in the current model, which is a no-op. (Did you mean to pass `assign=True` to assign items in the state dictionary to their corresponding key in the module instead of copying them in place?)
  module._load_from_state_dict(*args)
/scratch/jp09/dd9648/.venv-llava-video/lib64/python3.12/site-packages/transformers/modeling_utils.py:622: UserWarning: for vision_model.encoder.layers.9.mlp.fc1.bias: copying from a non-meta parameter in the checkpoint to a meta parameter in the current model, which is a no-op. (Did you mean to pass `assign=True` to assign items in the state dictionary to their corresponding key in the module instead of copying them in place?)
  module._load_from_state_dict(*args)
/scratch/jp09/dd9648/.venv-llava-video/lib64/python3.12/site-packages/transformers/modeling_utils.py:622: UserWarning: for vision_model.encoder.layers.9.mlp.fc2.weight: copying from a non-meta parameter in the checkpoint to a meta parameter in the current model, which is a no-op. (Did you mean to pass `assign=True` to assign items in the state dictionary to their corresponding key in the module instead of copying them in place?)
  module._load_from_state_dict(*args)
/scratch/jp09/dd9648/.venv-llava-video/lib64/python3.12/site-packages/transformers/modeling_utils.py:622: UserWarning: for vision_model.encoder.layers.9.mlp.fc2.bias: copying from a non-meta parameter in the checkpoint to a meta parameter in the current model, which is a no-op. (Did you mean to pass `assign=True` to assign items in the state dictionary to their corresponding key in the module instead of copying them in place?)
  module._load_from_state_dict(*args)
/scratch/jp09/dd9648/.venv-llava-video/lib64/python3.12/site-packages/transformers/modeling_utils.py:622: UserWarning: for vision_model.encoder.layers.9.layer_norm2.weight: copying from a non-meta parameter in the checkpoint to a meta parameter in the current model, which is a no-op. (Did you mean to pass `assign=True` to assign items in the state dictionary to their corresponding key in the module instead of copying them in place?)
  module._load_from_state_dict(*args)
/scratch/jp09/dd9648/.venv-llava-video/lib64/python3.12/site-packages/transformers/modeling_utils.py:622: UserWarning: for vision_model.encoder.layers.9.layer_norm2.bias: copying from a non-meta parameter in the checkpoint to a meta parameter in the current model, which is a no-op. (Did you mean to pass `assign=True` to assign items in the state dictionary to their corresponding key in the module instead of copying them in place?)
  module._load_from_state_dict(*args)
/scratch/jp09/dd9648/.venv-llava-video/lib64/python3.12/site-packages/transformers/modeling_utils.py:622: UserWarning: for vision_model.encoder.layers.10.self_attn.k_proj.weight: copying from a non-meta parameter in the checkpoint to a meta parameter in the current model, which is a no-op. (Did you mean to pass `assign=True` to assign items in the state dictionary to their corresponding key in the module instead of copying them in place?)
  module._load_from_state_dict(*args)
/scratch/jp09/dd9648/.venv-llava-video/lib64/python3.12/site-packages/transformers/modeling_utils.py:622: UserWarning: for vision_model.encoder.layers.10.self_attn.k_proj.bias: copying from a non-meta parameter in the checkpoint to a meta parameter in the current model, which is a no-op. (Did you mean to pass `assign=True` to assign items in the state dictionary to their corresponding key in the module instead of copying them in place?)
  module._load_from_state_dict(*args)
/scratch/jp09/dd9648/.venv-llava-video/lib64/python3.12/site-packages/transformers/modeling_utils.py:622: UserWarning: for vision_model.encoder.layers.10.self_attn.v_proj.weight: copying from a non-meta parameter in the checkpoint to a meta parameter in the current model, which is a no-op. (Did you mean to pass `assign=True` to assign items in the state dictionary to their corresponding key in the module instead of copying them in place?)
  module._load_from_state_dict(*args)
/scratch/jp09/dd9648/.venv-llava-video/lib64/python3.12/site-packages/transformers/modeling_utils.py:622: UserWarning: for vision_model.encoder.layers.10.self_attn.v_proj.bias: copying from a non-meta parameter in the checkpoint to a meta parameter in the current model, which is a no-op. (Did you mean to pass `assign=True` to assign items in the state dictionary to their corresponding key in the module instead of copying them in place?)
  module._load_from_state_dict(*args)
/scratch/jp09/dd9648/.venv-llava-video/lib64/python3.12/site-packages/transformers/modeling_utils.py:622: UserWarning: for vision_model.encoder.layers.10.self_attn.q_proj.weight: copying from a non-meta parameter in the checkpoint to a meta parameter in the current model, which is a no-op. (Did you mean to pass `assign=True` to assign items in the state dictionary to their corresponding key in the module instead of copying them in place?)
  module._load_from_state_dict(*args)
/scratch/jp09/dd9648/.venv-llava-video/lib64/python3.12/site-packages/transformers/modeling_utils.py:622: UserWarning: for vision_model.encoder.layers.10.self_attn.q_proj.bias: copying from a non-meta parameter in the checkpoint to a meta parameter in the current model, which is a no-op. (Did you mean to pass `assign=True` to assign items in the state dictionary to their corresponding key in the module instead of copying them in place?)
  module._load_from_state_dict(*args)
/scratch/jp09/dd9648/.venv-llava-video/lib64/python3.12/site-packages/transformers/modeling_utils.py:622: UserWarning: for vision_model.encoder.layers.10.self_attn.out_proj.weight: copying from a non-meta parameter in the checkpoint to a meta parameter in the current model, which is a no-op. (Did you mean to pass `assign=True` to assign items in the state dictionary to their corresponding key in the module instead of copying them in place?)
  module._load_from_state_dict(*args)
/scratch/jp09/dd9648/.venv-llava-video/lib64/python3.12/site-packages/transformers/modeling_utils.py:622: UserWarning: for vision_model.encoder.layers.10.self_attn.out_proj.bias: copying from a non-meta parameter in the checkpoint to a meta parameter in the current model, which is a no-op. (Did you mean to pass `assign=True` to assign items in the state dictionary to their corresponding key in the module instead of copying them in place?)
  module._load_from_state_dict(*args)
/scratch/jp09/dd9648/.venv-llava-video/lib64/python3.12/site-packages/transformers/modeling_utils.py:622: UserWarning: for vision_model.encoder.layers.10.layer_norm1.weight: copying from a non-meta parameter in the checkpoint to a meta parameter in the current model, which is a no-op. (Did you mean to pass `assign=True` to assign items in the state dictionary to their corresponding key in the module instead of copying them in place?)
  module._load_from_state_dict(*args)
/scratch/jp09/dd9648/.venv-llava-video/lib64/python3.12/site-packages/transformers/modeling_utils.py:622: UserWarning: for vision_model.encoder.layers.10.layer_norm1.bias: copying from a non-meta parameter in the checkpoint to a meta parameter in the current model, which is a no-op. (Did you mean to pass `assign=True` to assign items in the state dictionary to their corresponding key in the module instead of copying them in place?)
  module._load_from_state_dict(*args)
/scratch/jp09/dd9648/.venv-llava-video/lib64/python3.12/site-packages/transformers/modeling_utils.py:622: UserWarning: for vision_model.encoder.layers.10.mlp.fc1.weight: copying from a non-meta parameter in the checkpoint to a meta parameter in the current model, which is a no-op. (Did you mean to pass `assign=True` to assign items in the state dictionary to their corresponding key in the module instead of copying them in place?)
  module._load_from_state_dict(*args)
/scratch/jp09/dd9648/.venv-llava-video/lib64/python3.12/site-packages/transformers/modeling_utils.py:622: UserWarning: for vision_model.encoder.layers.10.mlp.fc1.bias: copying from a non-meta parameter in the checkpoint to a meta parameter in the current model, which is a no-op. (Did you mean to pass `assign=True` to assign items in the state dictionary to their corresponding key in the module instead of copying them in place?)
  module._load_from_state_dict(*args)
/scratch/jp09/dd9648/.venv-llava-video/lib64/python3.12/site-packages/transformers/modeling_utils.py:622: UserWarning: for vision_model.encoder.layers.10.mlp.fc2.weight: copying from a non-meta parameter in the checkpoint to a meta parameter in the current model, which is a no-op. (Did you mean to pass `assign=True` to assign items in the state dictionary to their corresponding key in the module instead of copying them in place?)
  module._load_from_state_dict(*args)
/scratch/jp09/dd9648/.venv-llava-video/lib64/python3.12/site-packages/transformers/modeling_utils.py:622: UserWarning: for vision_model.encoder.layers.10.mlp.fc2.bias: copying from a non-meta parameter in the checkpoint to a meta parameter in the current model, which is a no-op. (Did you mean to pass `assign=True` to assign items in the state dictionary to their corresponding key in the module instead of copying them in place?)
  module._load_from_state_dict(*args)
/scratch/jp09/dd9648/.venv-llava-video/lib64/python3.12/site-packages/transformers/modeling_utils.py:622: UserWarning: for vision_model.encoder.layers.10.layer_norm2.weight: copying from a non-meta parameter in the checkpoint to a meta parameter in the current model, which is a no-op. (Did you mean to pass `assign=True` to assign items in the state dictionary to their corresponding key in the module instead of copying them in place?)
  module._load_from_state_dict(*args)
/scratch/jp09/dd9648/.venv-llava-video/lib64/python3.12/site-packages/transformers/modeling_utils.py:622: UserWarning: for vision_model.encoder.layers.10.layer_norm2.bias: copying from a non-meta parameter in the checkpoint to a meta parameter in the current model, which is a no-op. (Did you mean to pass `assign=True` to assign items in the state dictionary to their corresponding key in the module instead of copying them in place?)
  module._load_from_state_dict(*args)
/scratch/jp09/dd9648/.venv-llava-video/lib64/python3.12/site-packages/transformers/modeling_utils.py:622: UserWarning: for vision_model.encoder.layers.11.self_attn.k_proj.weight: copying from a non-meta parameter in the checkpoint to a meta parameter in the current model, which is a no-op. (Did you mean to pass `assign=True` to assign items in the state dictionary to their corresponding key in the module instead of copying them in place?)
  module._load_from_state_dict(*args)
/scratch/jp09/dd9648/.venv-llava-video/lib64/python3.12/site-packages/transformers/modeling_utils.py:622: UserWarning: for vision_model.encoder.layers.11.self_attn.k_proj.bias: copying from a non-meta parameter in the checkpoint to a meta parameter in the current model, which is a no-op. (Did you mean to pass `assign=True` to assign items in the state dictionary to their corresponding key in the module instead of copying them in place?)
  module._load_from_state_dict(*args)
/scratch/jp09/dd9648/.venv-llava-video/lib64/python3.12/site-packages/transformers/modeling_utils.py:622: UserWarning: for vision_model.encoder.layers.11.self_attn.v_proj.weight: copying from a non-meta parameter in the checkpoint to a meta parameter in the current model, which is a no-op. (Did you mean to pass `assign=True` to assign items in the state dictionary to their corresponding key in the module instead of copying them in place?)
  module._load_from_state_dict(*args)
/scratch/jp09/dd9648/.venv-llava-video/lib64/python3.12/site-packages/transformers/modeling_utils.py:622: UserWarning: for vision_model.encoder.layers.11.self_attn.v_proj.bias: copying from a non-meta parameter in the checkpoint to a meta parameter in the current model, which is a no-op. (Did you mean to pass `assign=True` to assign items in the state dictionary to their corresponding key in the module instead of copying them in place?)
  module._load_from_state_dict(*args)
/scratch/jp09/dd9648/.venv-llava-video/lib64/python3.12/site-packages/transformers/modeling_utils.py:622: UserWarning: for vision_model.encoder.layers.11.self_attn.q_proj.weight: copying from a non-meta parameter in the checkpoint to a meta parameter in the current model, which is a no-op. (Did you mean to pass `assign=True` to assign items in the state dictionary to their corresponding key in the module instead of copying them in place?)
  module._load_from_state_dict(*args)
/scratch/jp09/dd9648/.venv-llava-video/lib64/python3.12/site-packages/transformers/modeling_utils.py:622: UserWarning: for vision_model.encoder.layers.11.self_attn.q_proj.bias: copying from a non-meta parameter in the checkpoint to a meta parameter in the current model, which is a no-op. (Did you mean to pass `assign=True` to assign items in the state dictionary to their corresponding key in the module instead of copying them in place?)
  module._load_from_state_dict(*args)
/scratch/jp09/dd9648/.venv-llava-video/lib64/python3.12/site-packages/transformers/modeling_utils.py:622: UserWarning: for vision_model.encoder.layers.11.self_attn.out_proj.weight: copying from a non-meta parameter in the checkpoint to a meta parameter in the current model, which is a no-op. (Did you mean to pass `assign=True` to assign items in the state dictionary to their corresponding key in the module instead of copying them in place?)
  module._load_from_state_dict(*args)
/scratch/jp09/dd9648/.venv-llava-video/lib64/python3.12/site-packages/transformers/modeling_utils.py:622: UserWarning: for vision_model.encoder.layers.11.self_attn.out_proj.bias: copying from a non-meta parameter in the checkpoint to a meta parameter in the current model, which is a no-op. (Did you mean to pass `assign=True` to assign items in the state dictionary to their corresponding key in the module instead of copying them in place?)
  module._load_from_state_dict(*args)
/scratch/jp09/dd9648/.venv-llava-video/lib64/python3.12/site-packages/transformers/modeling_utils.py:622: UserWarning: for vision_model.encoder.layers.11.layer_norm1.weight: copying from a non-meta parameter in the checkpoint to a meta parameter in the current model, which is a no-op. (Did you mean to pass `assign=True` to assign items in the state dictionary to their corresponding key in the module instead of copying them in place?)
  module._load_from_state_dict(*args)
/scratch/jp09/dd9648/.venv-llava-video/lib64/python3.12/site-packages/transformers/modeling_utils.py:622: UserWarning: for vision_model.encoder.layers.11.layer_norm1.bias: copying from a non-meta parameter in the checkpoint to a meta parameter in the current model, which is a no-op. (Did you mean to pass `assign=True` to assign items in the state dictionary to their corresponding key in the module instead of copying them in place?)
  module._load_from_state_dict(*args)
/scratch/jp09/dd9648/.venv-llava-video/lib64/python3.12/site-packages/transformers/modeling_utils.py:622: UserWarning: for vision_model.encoder.layers.11.mlp.fc1.weight: copying from a non-meta parameter in the checkpoint to a meta parameter in the current model, which is a no-op. (Did you mean to pass `assign=True` to assign items in the state dictionary to their corresponding key in the module instead of copying them in place?)
  module._load_from_state_dict(*args)
/scratch/jp09/dd9648/.venv-llava-video/lib64/python3.12/site-packages/transformers/modeling_utils.py:622: UserWarning: for vision_model.encoder.layers.11.mlp.fc1.bias: copying from a non-meta parameter in the checkpoint to a meta parameter in the current model, which is a no-op. (Did you mean to pass `assign=True` to assign items in the state dictionary to their corresponding key in the module instead of copying them in place?)
  module._load_from_state_dict(*args)
/scratch/jp09/dd9648/.venv-llava-video/lib64/python3.12/site-packages/transformers/modeling_utils.py:622: UserWarning: for vision_model.encoder.layers.11.mlp.fc2.weight: copying from a non-meta parameter in the checkpoint to a meta parameter in the current model, which is a no-op. (Did you mean to pass `assign=True` to assign items in the state dictionary to their corresponding key in the module instead of copying them in place?)
  module._load_from_state_dict(*args)
/scratch/jp09/dd9648/.venv-llava-video/lib64/python3.12/site-packages/transformers/modeling_utils.py:622: UserWarning: for vision_model.encoder.layers.11.mlp.fc2.bias: copying from a non-meta parameter in the checkpoint to a meta parameter in the current model, which is a no-op. (Did you mean to pass `assign=True` to assign items in the state dictionary to their corresponding key in the module instead of copying them in place?)
  module._load_from_state_dict(*args)
/scratch/jp09/dd9648/.venv-llava-video/lib64/python3.12/site-packages/transformers/modeling_utils.py:622: UserWarning: for vision_model.encoder.layers.11.layer_norm2.weight: copying from a non-meta parameter in the checkpoint to a meta parameter in the current model, which is a no-op. (Did you mean to pass `assign=True` to assign items in the state dictionary to their corresponding key in the module instead of copying them in place?)
  module._load_from_state_dict(*args)
/scratch/jp09/dd9648/.venv-llava-video/lib64/python3.12/site-packages/transformers/modeling_utils.py:622: UserWarning: for vision_model.encoder.layers.11.layer_norm2.bias: copying from a non-meta parameter in the checkpoint to a meta parameter in the current model, which is a no-op. (Did you mean to pass `assign=True` to assign items in the state dictionary to their corresponding key in the module instead of copying them in place?)
  module._load_from_state_dict(*args)
/scratch/jp09/dd9648/.venv-llava-video/lib64/python3.12/site-packages/transformers/modeling_utils.py:622: UserWarning: for vision_model.encoder.layers.12.self_attn.k_proj.weight: copying from a non-meta parameter in the checkpoint to a meta parameter in the current model, which is a no-op. (Did you mean to pass `assign=True` to assign items in the state dictionary to their corresponding key in the module instead of copying them in place?)
  module._load_from_state_dict(*args)
/scratch/jp09/dd9648/.venv-llava-video/lib64/python3.12/site-packages/transformers/modeling_utils.py:622: UserWarning: for vision_model.encoder.layers.12.self_attn.k_proj.bias: copying from a non-meta parameter in the checkpoint to a meta parameter in the current model, which is a no-op. (Did you mean to pass `assign=True` to assign items in the state dictionary to their corresponding key in the module instead of copying them in place?)
  module._load_from_state_dict(*args)
/scratch/jp09/dd9648/.venv-llava-video/lib64/python3.12/site-packages/transformers/modeling_utils.py:622: UserWarning: for vision_model.encoder.layers.12.self_attn.v_proj.weight: copying from a non-meta parameter in the checkpoint to a meta parameter in the current model, which is a no-op. (Did you mean to pass `assign=True` to assign items in the state dictionary to their corresponding key in the module instead of copying them in place?)
  module._load_from_state_dict(*args)
/scratch/jp09/dd9648/.venv-llava-video/lib64/python3.12/site-packages/transformers/modeling_utils.py:622: UserWarning: for vision_model.encoder.layers.12.self_attn.v_proj.bias: copying from a non-meta parameter in the checkpoint to a meta parameter in the current model, which is a no-op. (Did you mean to pass `assign=True` to assign items in the state dictionary to their corresponding key in the module instead of copying them in place?)
  module._load_from_state_dict(*args)
/scratch/jp09/dd9648/.venv-llava-video/lib64/python3.12/site-packages/transformers/modeling_utils.py:622: UserWarning: for vision_model.encoder.layers.12.self_attn.q_proj.weight: copying from a non-meta parameter in the checkpoint to a meta parameter in the current model, which is a no-op. (Did you mean to pass `assign=True` to assign items in the state dictionary to their corresponding key in the module instead of copying them in place?)
  module._load_from_state_dict(*args)
/scratch/jp09/dd9648/.venv-llava-video/lib64/python3.12/site-packages/transformers/modeling_utils.py:622: UserWarning: for vision_model.encoder.layers.12.self_attn.q_proj.bias: copying from a non-meta parameter in the checkpoint to a meta parameter in the current model, which is a no-op. (Did you mean to pass `assign=True` to assign items in the state dictionary to their corresponding key in the module instead of copying them in place?)
  module._load_from_state_dict(*args)
/scratch/jp09/dd9648/.venv-llava-video/lib64/python3.12/site-packages/transformers/modeling_utils.py:622: UserWarning: for vision_model.encoder.layers.12.self_attn.out_proj.weight: copying from a non-meta parameter in the checkpoint to a meta parameter in the current model, which is a no-op. (Did you mean to pass `assign=True` to assign items in the state dictionary to their corresponding key in the module instead of copying them in place?)
  module._load_from_state_dict(*args)
/scratch/jp09/dd9648/.venv-llava-video/lib64/python3.12/site-packages/transformers/modeling_utils.py:622: UserWarning: for vision_model.encoder.layers.12.self_attn.out_proj.bias: copying from a non-meta parameter in the checkpoint to a meta parameter in the current model, which is a no-op. (Did you mean to pass `assign=True` to assign items in the state dictionary to their corresponding key in the module instead of copying them in place?)
  module._load_from_state_dict(*args)
/scratch/jp09/dd9648/.venv-llava-video/lib64/python3.12/site-packages/transformers/modeling_utils.py:622: UserWarning: for vision_model.encoder.layers.12.layer_norm1.weight: copying from a non-meta parameter in the checkpoint to a meta parameter in the current model, which is a no-op. (Did you mean to pass `assign=True` to assign items in the state dictionary to their corresponding key in the module instead of copying them in place?)
  module._load_from_state_dict(*args)
/scratch/jp09/dd9648/.venv-llava-video/lib64/python3.12/site-packages/transformers/modeling_utils.py:622: UserWarning: for vision_model.encoder.layers.12.layer_norm1.bias: copying from a non-meta parameter in the checkpoint to a meta parameter in the current model, which is a no-op. (Did you mean to pass `assign=True` to assign items in the state dictionary to their corresponding key in the module instead of copying them in place?)
  module._load_from_state_dict(*args)
/scratch/jp09/dd9648/.venv-llava-video/lib64/python3.12/site-packages/transformers/modeling_utils.py:622: UserWarning: for vision_model.encoder.layers.12.mlp.fc1.weight: copying from a non-meta parameter in the checkpoint to a meta parameter in the current model, which is a no-op. (Did you mean to pass `assign=True` to assign items in the state dictionary to their corresponding key in the module instead of copying them in place?)
  module._load_from_state_dict(*args)
/scratch/jp09/dd9648/.venv-llava-video/lib64/python3.12/site-packages/transformers/modeling_utils.py:622: UserWarning: for vision_model.encoder.layers.12.mlp.fc1.bias: copying from a non-meta parameter in the checkpoint to a meta parameter in the current model, which is a no-op. (Did you mean to pass `assign=True` to assign items in the state dictionary to their corresponding key in the module instead of copying them in place?)
  module._load_from_state_dict(*args)
/scratch/jp09/dd9648/.venv-llava-video/lib64/python3.12/site-packages/transformers/modeling_utils.py:622: UserWarning: for vision_model.encoder.layers.12.mlp.fc2.weight: copying from a non-meta parameter in the checkpoint to a meta parameter in the current model, which is a no-op. (Did you mean to pass `assign=True` to assign items in the state dictionary to their corresponding key in the module instead of copying them in place?)
  module._load_from_state_dict(*args)
/scratch/jp09/dd9648/.venv-llava-video/lib64/python3.12/site-packages/transformers/modeling_utils.py:622: UserWarning: for vision_model.encoder.layers.12.mlp.fc2.bias: copying from a non-meta parameter in the checkpoint to a meta parameter in the current model, which is a no-op. (Did you mean to pass `assign=True` to assign items in the state dictionary to their corresponding key in the module instead of copying them in place?)
  module._load_from_state_dict(*args)
/scratch/jp09/dd9648/.venv-llava-video/lib64/python3.12/site-packages/transformers/modeling_utils.py:622: UserWarning: for vision_model.encoder.layers.12.layer_norm2.weight: copying from a non-meta parameter in the checkpoint to a meta parameter in the current model, which is a no-op. (Did you mean to pass `assign=True` to assign items in the state dictionary to their corresponding key in the module instead of copying them in place?)
  module._load_from_state_dict(*args)
/scratch/jp09/dd9648/.venv-llava-video/lib64/python3.12/site-packages/transformers/modeling_utils.py:622: UserWarning: for vision_model.encoder.layers.12.layer_norm2.bias: copying from a non-meta parameter in the checkpoint to a meta parameter in the current model, which is a no-op. (Did you mean to pass `assign=True` to assign items in the state dictionary to their corresponding key in the module instead of copying them in place?)
  module._load_from_state_dict(*args)
/scratch/jp09/dd9648/.venv-llava-video/lib64/python3.12/site-packages/transformers/modeling_utils.py:622: UserWarning: for vision_model.encoder.layers.13.self_attn.k_proj.weight: copying from a non-meta parameter in the checkpoint to a meta parameter in the current model, which is a no-op. (Did you mean to pass `assign=True` to assign items in the state dictionary to their corresponding key in the module instead of copying them in place?)
  module._load_from_state_dict(*args)
/scratch/jp09/dd9648/.venv-llava-video/lib64/python3.12/site-packages/transformers/modeling_utils.py:622: UserWarning: for vision_model.encoder.layers.13.self_attn.k_proj.bias: copying from a non-meta parameter in the checkpoint to a meta parameter in the current model, which is a no-op. (Did you mean to pass `assign=True` to assign items in the state dictionary to their corresponding key in the module instead of copying them in place?)
  module._load_from_state_dict(*args)
/scratch/jp09/dd9648/.venv-llava-video/lib64/python3.12/site-packages/transformers/modeling_utils.py:622: UserWarning: for vision_model.encoder.layers.13.self_attn.v_proj.weight: copying from a non-meta parameter in the checkpoint to a meta parameter in the current model, which is a no-op. (Did you mean to pass `assign=True` to assign items in the state dictionary to their corresponding key in the module instead of copying them in place?)
  module._load_from_state_dict(*args)
/scratch/jp09/dd9648/.venv-llava-video/lib64/python3.12/site-packages/transformers/modeling_utils.py:622: UserWarning: for vision_model.encoder.layers.13.self_attn.v_proj.bias: copying from a non-meta parameter in the checkpoint to a meta parameter in the current model, which is a no-op. (Did you mean to pass `assign=True` to assign items in the state dictionary to their corresponding key in the module instead of copying them in place?)
  module._load_from_state_dict(*args)
/scratch/jp09/dd9648/.venv-llava-video/lib64/python3.12/site-packages/transformers/modeling_utils.py:622: UserWarning: for vision_model.encoder.layers.13.self_attn.q_proj.weight: copying from a non-meta parameter in the checkpoint to a meta parameter in the current model, which is a no-op. (Did you mean to pass `assign=True` to assign items in the state dictionary to their corresponding key in the module instead of copying them in place?)
  module._load_from_state_dict(*args)
/scratch/jp09/dd9648/.venv-llava-video/lib64/python3.12/site-packages/transformers/modeling_utils.py:622: UserWarning: for vision_model.encoder.layers.13.self_attn.q_proj.bias: copying from a non-meta parameter in the checkpoint to a meta parameter in the current model, which is a no-op. (Did you mean to pass `assign=True` to assign items in the state dictionary to their corresponding key in the module instead of copying them in place?)
  module._load_from_state_dict(*args)
/scratch/jp09/dd9648/.venv-llava-video/lib64/python3.12/site-packages/transformers/modeling_utils.py:622: UserWarning: for vision_model.encoder.layers.13.self_attn.out_proj.weight: copying from a non-meta parameter in the checkpoint to a meta parameter in the current model, which is a no-op. (Did you mean to pass `assign=True` to assign items in the state dictionary to their corresponding key in the module instead of copying them in place?)
  module._load_from_state_dict(*args)
/scratch/jp09/dd9648/.venv-llava-video/lib64/python3.12/site-packages/transformers/modeling_utils.py:622: UserWarning: for vision_model.encoder.layers.13.self_attn.out_proj.bias: copying from a non-meta parameter in the checkpoint to a meta parameter in the current model, which is a no-op. (Did you mean to pass `assign=True` to assign items in the state dictionary to their corresponding key in the module instead of copying them in place?)
  module._load_from_state_dict(*args)
/scratch/jp09/dd9648/.venv-llava-video/lib64/python3.12/site-packages/transformers/modeling_utils.py:622: UserWarning: for vision_model.encoder.layers.13.layer_norm1.weight: copying from a non-meta parameter in the checkpoint to a meta parameter in the current model, which is a no-op. (Did you mean to pass `assign=True` to assign items in the state dictionary to their corresponding key in the module instead of copying them in place?)
  module._load_from_state_dict(*args)
/scratch/jp09/dd9648/.venv-llava-video/lib64/python3.12/site-packages/transformers/modeling_utils.py:622: UserWarning: for vision_model.encoder.layers.13.layer_norm1.bias: copying from a non-meta parameter in the checkpoint to a meta parameter in the current model, which is a no-op. (Did you mean to pass `assign=True` to assign items in the state dictionary to their corresponding key in the module instead of copying them in place?)
  module._load_from_state_dict(*args)
/scratch/jp09/dd9648/.venv-llava-video/lib64/python3.12/site-packages/transformers/modeling_utils.py:622: UserWarning: for vision_model.encoder.layers.13.mlp.fc1.weight: copying from a non-meta parameter in the checkpoint to a meta parameter in the current model, which is a no-op. (Did you mean to pass `assign=True` to assign items in the state dictionary to their corresponding key in the module instead of copying them in place?)
  module._load_from_state_dict(*args)
/scratch/jp09/dd9648/.venv-llava-video/lib64/python3.12/site-packages/transformers/modeling_utils.py:622: UserWarning: for vision_model.encoder.layers.13.mlp.fc1.bias: copying from a non-meta parameter in the checkpoint to a meta parameter in the current model, which is a no-op. (Did you mean to pass `assign=True` to assign items in the state dictionary to their corresponding key in the module instead of copying them in place?)
  module._load_from_state_dict(*args)
/scratch/jp09/dd9648/.venv-llava-video/lib64/python3.12/site-packages/transformers/modeling_utils.py:622: UserWarning: for vision_model.encoder.layers.13.mlp.fc2.weight: copying from a non-meta parameter in the checkpoint to a meta parameter in the current model, which is a no-op. (Did you mean to pass `assign=True` to assign items in the state dictionary to their corresponding key in the module instead of copying them in place?)
  module._load_from_state_dict(*args)
/scratch/jp09/dd9648/.venv-llava-video/lib64/python3.12/site-packages/transformers/modeling_utils.py:622: UserWarning: for vision_model.encoder.layers.13.mlp.fc2.bias: copying from a non-meta parameter in the checkpoint to a meta parameter in the current model, which is a no-op. (Did you mean to pass `assign=True` to assign items in the state dictionary to their corresponding key in the module instead of copying them in place?)
  module._load_from_state_dict(*args)
/scratch/jp09/dd9648/.venv-llava-video/lib64/python3.12/site-packages/transformers/modeling_utils.py:622: UserWarning: for vision_model.encoder.layers.13.layer_norm2.weight: copying from a non-meta parameter in the checkpoint to a meta parameter in the current model, which is a no-op. (Did you mean to pass `assign=True` to assign items in the state dictionary to their corresponding key in the module instead of copying them in place?)
  module._load_from_state_dict(*args)
/scratch/jp09/dd9648/.venv-llava-video/lib64/python3.12/site-packages/transformers/modeling_utils.py:622: UserWarning: for vision_model.encoder.layers.13.layer_norm2.bias: copying from a non-meta parameter in the checkpoint to a meta parameter in the current model, which is a no-op. (Did you mean to pass `assign=True` to assign items in the state dictionary to their corresponding key in the module instead of copying them in place?)
  module._load_from_state_dict(*args)
/scratch/jp09/dd9648/.venv-llava-video/lib64/python3.12/site-packages/transformers/modeling_utils.py:622: UserWarning: for vision_model.encoder.layers.14.self_attn.k_proj.weight: copying from a non-meta parameter in the checkpoint to a meta parameter in the current model, which is a no-op. (Did you mean to pass `assign=True` to assign items in the state dictionary to their corresponding key in the module instead of copying them in place?)
  module._load_from_state_dict(*args)
/scratch/jp09/dd9648/.venv-llava-video/lib64/python3.12/site-packages/transformers/modeling_utils.py:622: UserWarning: for vision_model.encoder.layers.14.self_attn.k_proj.bias: copying from a non-meta parameter in the checkpoint to a meta parameter in the current model, which is a no-op. (Did you mean to pass `assign=True` to assign items in the state dictionary to their corresponding key in the module instead of copying them in place?)
  module._load_from_state_dict(*args)
/scratch/jp09/dd9648/.venv-llava-video/lib64/python3.12/site-packages/transformers/modeling_utils.py:622: UserWarning: for vision_model.encoder.layers.14.self_attn.v_proj.weight: copying from a non-meta parameter in the checkpoint to a meta parameter in the current model, which is a no-op. (Did you mean to pass `assign=True` to assign items in the state dictionary to their corresponding key in the module instead of copying them in place?)
  module._load_from_state_dict(*args)
/scratch/jp09/dd9648/.venv-llava-video/lib64/python3.12/site-packages/transformers/modeling_utils.py:622: UserWarning: for vision_model.encoder.layers.14.self_attn.v_proj.bias: copying from a non-meta parameter in the checkpoint to a meta parameter in the current model, which is a no-op. (Did you mean to pass `assign=True` to assign items in the state dictionary to their corresponding key in the module instead of copying them in place?)
  module._load_from_state_dict(*args)
/scratch/jp09/dd9648/.venv-llava-video/lib64/python3.12/site-packages/transformers/modeling_utils.py:622: UserWarning: for vision_model.encoder.layers.14.self_attn.q_proj.weight: copying from a non-meta parameter in the checkpoint to a meta parameter in the current model, which is a no-op. (Did you mean to pass `assign=True` to assign items in the state dictionary to their corresponding key in the module instead of copying them in place?)
  module._load_from_state_dict(*args)
/scratch/jp09/dd9648/.venv-llava-video/lib64/python3.12/site-packages/transformers/modeling_utils.py:622: UserWarning: for vision_model.encoder.layers.14.self_attn.q_proj.bias: copying from a non-meta parameter in the checkpoint to a meta parameter in the current model, which is a no-op. (Did you mean to pass `assign=True` to assign items in the state dictionary to their corresponding key in the module instead of copying them in place?)
  module._load_from_state_dict(*args)
/scratch/jp09/dd9648/.venv-llava-video/lib64/python3.12/site-packages/transformers/modeling_utils.py:622: UserWarning: for vision_model.encoder.layers.14.self_attn.out_proj.weight: copying from a non-meta parameter in the checkpoint to a meta parameter in the current model, which is a no-op. (Did you mean to pass `assign=True` to assign items in the state dictionary to their corresponding key in the module instead of copying them in place?)
  module._load_from_state_dict(*args)
/scratch/jp09/dd9648/.venv-llava-video/lib64/python3.12/site-packages/transformers/modeling_utils.py:622: UserWarning: for vision_model.encoder.layers.14.self_attn.out_proj.bias: copying from a non-meta parameter in the checkpoint to a meta parameter in the current model, which is a no-op. (Did you mean to pass `assign=True` to assign items in the state dictionary to their corresponding key in the module instead of copying them in place?)
  module._load_from_state_dict(*args)
/scratch/jp09/dd9648/.venv-llava-video/lib64/python3.12/site-packages/transformers/modeling_utils.py:622: UserWarning: for vision_model.encoder.layers.14.layer_norm1.weight: copying from a non-meta parameter in the checkpoint to a meta parameter in the current model, which is a no-op. (Did you mean to pass `assign=True` to assign items in the state dictionary to their corresponding key in the module instead of copying them in place?)
  module._load_from_state_dict(*args)
/scratch/jp09/dd9648/.venv-llava-video/lib64/python3.12/site-packages/transformers/modeling_utils.py:622: UserWarning: for vision_model.encoder.layers.14.layer_norm1.bias: copying from a non-meta parameter in the checkpoint to a meta parameter in the current model, which is a no-op. (Did you mean to pass `assign=True` to assign items in the state dictionary to their corresponding key in the module instead of copying them in place?)
  module._load_from_state_dict(*args)
/scratch/jp09/dd9648/.venv-llava-video/lib64/python3.12/site-packages/transformers/modeling_utils.py:622: UserWarning: for vision_model.encoder.layers.14.mlp.fc1.weight: copying from a non-meta parameter in the checkpoint to a meta parameter in the current model, which is a no-op. (Did you mean to pass `assign=True` to assign items in the state dictionary to their corresponding key in the module instead of copying them in place?)
  module._load_from_state_dict(*args)
/scratch/jp09/dd9648/.venv-llava-video/lib64/python3.12/site-packages/transformers/modeling_utils.py:622: UserWarning: for vision_model.encoder.layers.14.mlp.fc1.bias: copying from a non-meta parameter in the checkpoint to a meta parameter in the current model, which is a no-op. (Did you mean to pass `assign=True` to assign items in the state dictionary to their corresponding key in the module instead of copying them in place?)
  module._load_from_state_dict(*args)
/scratch/jp09/dd9648/.venv-llava-video/lib64/python3.12/site-packages/transformers/modeling_utils.py:622: UserWarning: for vision_model.encoder.layers.14.mlp.fc2.weight: copying from a non-meta parameter in the checkpoint to a meta parameter in the current model, which is a no-op. (Did you mean to pass `assign=True` to assign items in the state dictionary to their corresponding key in the module instead of copying them in place?)
  module._load_from_state_dict(*args)
/scratch/jp09/dd9648/.venv-llava-video/lib64/python3.12/site-packages/transformers/modeling_utils.py:622: UserWarning: for vision_model.encoder.layers.14.mlp.fc2.bias: copying from a non-meta parameter in the checkpoint to a meta parameter in the current model, which is a no-op. (Did you mean to pass `assign=True` to assign items in the state dictionary to their corresponding key in the module instead of copying them in place?)
  module._load_from_state_dict(*args)
/scratch/jp09/dd9648/.venv-llava-video/lib64/python3.12/site-packages/transformers/modeling_utils.py:622: UserWarning: for vision_model.encoder.layers.14.layer_norm2.weight: copying from a non-meta parameter in the checkpoint to a meta parameter in the current model, which is a no-op. (Did you mean to pass `assign=True` to assign items in the state dictionary to their corresponding key in the module instead of copying them in place?)
  module._load_from_state_dict(*args)
/scratch/jp09/dd9648/.venv-llava-video/lib64/python3.12/site-packages/transformers/modeling_utils.py:622: UserWarning: for vision_model.encoder.layers.14.layer_norm2.bias: copying from a non-meta parameter in the checkpoint to a meta parameter in the current model, which is a no-op. (Did you mean to pass `assign=True` to assign items in the state dictionary to their corresponding key in the module instead of copying them in place?)
  module._load_from_state_dict(*args)
/scratch/jp09/dd9648/.venv-llava-video/lib64/python3.12/site-packages/transformers/modeling_utils.py:622: UserWarning: for vision_model.encoder.layers.15.self_attn.k_proj.weight: copying from a non-meta parameter in the checkpoint to a meta parameter in the current model, which is a no-op. (Did you mean to pass `assign=True` to assign items in the state dictionary to their corresponding key in the module instead of copying them in place?)
  module._load_from_state_dict(*args)
/scratch/jp09/dd9648/.venv-llava-video/lib64/python3.12/site-packages/transformers/modeling_utils.py:622: UserWarning: for vision_model.encoder.layers.15.self_attn.k_proj.bias: copying from a non-meta parameter in the checkpoint to a meta parameter in the current model, which is a no-op. (Did you mean to pass `assign=True` to assign items in the state dictionary to their corresponding key in the module instead of copying them in place?)
  module._load_from_state_dict(*args)
/scratch/jp09/dd9648/.venv-llava-video/lib64/python3.12/site-packages/transformers/modeling_utils.py:622: UserWarning: for vision_model.encoder.layers.15.self_attn.v_proj.weight: copying from a non-meta parameter in the checkpoint to a meta parameter in the current model, which is a no-op. (Did you mean to pass `assign=True` to assign items in the state dictionary to their corresponding key in the module instead of copying them in place?)
  module._load_from_state_dict(*args)
/scratch/jp09/dd9648/.venv-llava-video/lib64/python3.12/site-packages/transformers/modeling_utils.py:622: UserWarning: for vision_model.encoder.layers.15.self_attn.v_proj.bias: copying from a non-meta parameter in the checkpoint to a meta parameter in the current model, which is a no-op. (Did you mean to pass `assign=True` to assign items in the state dictionary to their corresponding key in the module instead of copying them in place?)
  module._load_from_state_dict(*args)
/scratch/jp09/dd9648/.venv-llava-video/lib64/python3.12/site-packages/transformers/modeling_utils.py:622: UserWarning: for vision_model.encoder.layers.15.self_attn.q_proj.weight: copying from a non-meta parameter in the checkpoint to a meta parameter in the current model, which is a no-op. (Did you mean to pass `assign=True` to assign items in the state dictionary to their corresponding key in the module instead of copying them in place?)
  module._load_from_state_dict(*args)
/scratch/jp09/dd9648/.venv-llava-video/lib64/python3.12/site-packages/transformers/modeling_utils.py:622: UserWarning: for vision_model.encoder.layers.15.self_attn.q_proj.bias: copying from a non-meta parameter in the checkpoint to a meta parameter in the current model, which is a no-op. (Did you mean to pass `assign=True` to assign items in the state dictionary to their corresponding key in the module instead of copying them in place?)
  module._load_from_state_dict(*args)
/scratch/jp09/dd9648/.venv-llava-video/lib64/python3.12/site-packages/transformers/modeling_utils.py:622: UserWarning: for vision_model.encoder.layers.15.self_attn.out_proj.weight: copying from a non-meta parameter in the checkpoint to a meta parameter in the current model, which is a no-op. (Did you mean to pass `assign=True` to assign items in the state dictionary to their corresponding key in the module instead of copying them in place?)
  module._load_from_state_dict(*args)
/scratch/jp09/dd9648/.venv-llava-video/lib64/python3.12/site-packages/transformers/modeling_utils.py:622: UserWarning: for vision_model.encoder.layers.15.self_attn.out_proj.bias: copying from a non-meta parameter in the checkpoint to a meta parameter in the current model, which is a no-op. (Did you mean to pass `assign=True` to assign items in the state dictionary to their corresponding key in the module instead of copying them in place?)
  module._load_from_state_dict(*args)
/scratch/jp09/dd9648/.venv-llava-video/lib64/python3.12/site-packages/transformers/modeling_utils.py:622: UserWarning: for vision_model.encoder.layers.15.layer_norm1.weight: copying from a non-meta parameter in the checkpoint to a meta parameter in the current model, which is a no-op. (Did you mean to pass `assign=True` to assign items in the state dictionary to their corresponding key in the module instead of copying them in place?)
  module._load_from_state_dict(*args)
/scratch/jp09/dd9648/.venv-llava-video/lib64/python3.12/site-packages/transformers/modeling_utils.py:622: UserWarning: for vision_model.encoder.layers.15.layer_norm1.bias: copying from a non-meta parameter in the checkpoint to a meta parameter in the current model, which is a no-op. (Did you mean to pass `assign=True` to assign items in the state dictionary to their corresponding key in the module instead of copying them in place?)
  module._load_from_state_dict(*args)
/scratch/jp09/dd9648/.venv-llava-video/lib64/python3.12/site-packages/transformers/modeling_utils.py:622: UserWarning: for vision_model.encoder.layers.15.mlp.fc1.weight: copying from a non-meta parameter in the checkpoint to a meta parameter in the current model, which is a no-op. (Did you mean to pass `assign=True` to assign items in the state dictionary to their corresponding key in the module instead of copying them in place?)
  module._load_from_state_dict(*args)
/scratch/jp09/dd9648/.venv-llava-video/lib64/python3.12/site-packages/transformers/modeling_utils.py:622: UserWarning: for vision_model.encoder.layers.15.mlp.fc1.bias: copying from a non-meta parameter in the checkpoint to a meta parameter in the current model, which is a no-op. (Did you mean to pass `assign=True` to assign items in the state dictionary to their corresponding key in the module instead of copying them in place?)
  module._load_from_state_dict(*args)
/scratch/jp09/dd9648/.venv-llava-video/lib64/python3.12/site-packages/transformers/modeling_utils.py:622: UserWarning: for vision_model.encoder.layers.15.mlp.fc2.weight: copying from a non-meta parameter in the checkpoint to a meta parameter in the current model, which is a no-op. (Did you mean to pass `assign=True` to assign items in the state dictionary to their corresponding key in the module instead of copying them in place?)
  module._load_from_state_dict(*args)
/scratch/jp09/dd9648/.venv-llava-video/lib64/python3.12/site-packages/transformers/modeling_utils.py:622: UserWarning: for vision_model.encoder.layers.15.mlp.fc2.bias: copying from a non-meta parameter in the checkpoint to a meta parameter in the current model, which is a no-op. (Did you mean to pass `assign=True` to assign items in the state dictionary to their corresponding key in the module instead of copying them in place?)
  module._load_from_state_dict(*args)
/scratch/jp09/dd9648/.venv-llava-video/lib64/python3.12/site-packages/transformers/modeling_utils.py:622: UserWarning: for vision_model.encoder.layers.15.layer_norm2.weight: copying from a non-meta parameter in the checkpoint to a meta parameter in the current model, which is a no-op. (Did you mean to pass `assign=True` to assign items in the state dictionary to their corresponding key in the module instead of copying them in place?)
  module._load_from_state_dict(*args)
/scratch/jp09/dd9648/.venv-llava-video/lib64/python3.12/site-packages/transformers/modeling_utils.py:622: UserWarning: for vision_model.encoder.layers.15.layer_norm2.bias: copying from a non-meta parameter in the checkpoint to a meta parameter in the current model, which is a no-op. (Did you mean to pass `assign=True` to assign items in the state dictionary to their corresponding key in the module instead of copying them in place?)
  module._load_from_state_dict(*args)
/scratch/jp09/dd9648/.venv-llava-video/lib64/python3.12/site-packages/transformers/modeling_utils.py:622: UserWarning: for vision_model.encoder.layers.16.self_attn.k_proj.weight: copying from a non-meta parameter in the checkpoint to a meta parameter in the current model, which is a no-op. (Did you mean to pass `assign=True` to assign items in the state dictionary to their corresponding key in the module instead of copying them in place?)
  module._load_from_state_dict(*args)
/scratch/jp09/dd9648/.venv-llava-video/lib64/python3.12/site-packages/transformers/modeling_utils.py:622: UserWarning: for vision_model.encoder.layers.16.self_attn.k_proj.bias: copying from a non-meta parameter in the checkpoint to a meta parameter in the current model, which is a no-op. (Did you mean to pass `assign=True` to assign items in the state dictionary to their corresponding key in the module instead of copying them in place?)
  module._load_from_state_dict(*args)
/scratch/jp09/dd9648/.venv-llava-video/lib64/python3.12/site-packages/transformers/modeling_utils.py:622: UserWarning: for vision_model.encoder.layers.16.self_attn.v_proj.weight: copying from a non-meta parameter in the checkpoint to a meta parameter in the current model, which is a no-op. (Did you mean to pass `assign=True` to assign items in the state dictionary to their corresponding key in the module instead of copying them in place?)
  module._load_from_state_dict(*args)
/scratch/jp09/dd9648/.venv-llava-video/lib64/python3.12/site-packages/transformers/modeling_utils.py:622: UserWarning: for vision_model.encoder.layers.16.self_attn.v_proj.bias: copying from a non-meta parameter in the checkpoint to a meta parameter in the current model, which is a no-op. (Did you mean to pass `assign=True` to assign items in the state dictionary to their corresponding key in the module instead of copying them in place?)
  module._load_from_state_dict(*args)
/scratch/jp09/dd9648/.venv-llava-video/lib64/python3.12/site-packages/transformers/modeling_utils.py:622: UserWarning: for vision_model.encoder.layers.16.self_attn.q_proj.weight: copying from a non-meta parameter in the checkpoint to a meta parameter in the current model, which is a no-op. (Did you mean to pass `assign=True` to assign items in the state dictionary to their corresponding key in the module instead of copying them in place?)
  module._load_from_state_dict(*args)
/scratch/jp09/dd9648/.venv-llava-video/lib64/python3.12/site-packages/transformers/modeling_utils.py:622: UserWarning: for vision_model.encoder.layers.16.self_attn.q_proj.bias: copying from a non-meta parameter in the checkpoint to a meta parameter in the current model, which is a no-op. (Did you mean to pass `assign=True` to assign items in the state dictionary to their corresponding key in the module instead of copying them in place?)
  module._load_from_state_dict(*args)
/scratch/jp09/dd9648/.venv-llava-video/lib64/python3.12/site-packages/transformers/modeling_utils.py:622: UserWarning: for vision_model.encoder.layers.16.self_attn.out_proj.weight: copying from a non-meta parameter in the checkpoint to a meta parameter in the current model, which is a no-op. (Did you mean to pass `assign=True` to assign items in the state dictionary to their corresponding key in the module instead of copying them in place?)
  module._load_from_state_dict(*args)
/scratch/jp09/dd9648/.venv-llava-video/lib64/python3.12/site-packages/transformers/modeling_utils.py:622: UserWarning: for vision_model.encoder.layers.16.self_attn.out_proj.bias: copying from a non-meta parameter in the checkpoint to a meta parameter in the current model, which is a no-op. (Did you mean to pass `assign=True` to assign items in the state dictionary to their corresponding key in the module instead of copying them in place?)
  module._load_from_state_dict(*args)
/scratch/jp09/dd9648/.venv-llava-video/lib64/python3.12/site-packages/transformers/modeling_utils.py:622: UserWarning: for vision_model.encoder.layers.16.layer_norm1.weight: copying from a non-meta parameter in the checkpoint to a meta parameter in the current model, which is a no-op. (Did you mean to pass `assign=True` to assign items in the state dictionary to their corresponding key in the module instead of copying them in place?)
  module._load_from_state_dict(*args)
/scratch/jp09/dd9648/.venv-llava-video/lib64/python3.12/site-packages/transformers/modeling_utils.py:622: UserWarning: for vision_model.encoder.layers.16.layer_norm1.bias: copying from a non-meta parameter in the checkpoint to a meta parameter in the current model, which is a no-op. (Did you mean to pass `assign=True` to assign items in the state dictionary to their corresponding key in the module instead of copying them in place?)
  module._load_from_state_dict(*args)
/scratch/jp09/dd9648/.venv-llava-video/lib64/python3.12/site-packages/transformers/modeling_utils.py:622: UserWarning: for vision_model.encoder.layers.16.mlp.fc1.weight: copying from a non-meta parameter in the checkpoint to a meta parameter in the current model, which is a no-op. (Did you mean to pass `assign=True` to assign items in the state dictionary to their corresponding key in the module instead of copying them in place?)
  module._load_from_state_dict(*args)
/scratch/jp09/dd9648/.venv-llava-video/lib64/python3.12/site-packages/transformers/modeling_utils.py:622: UserWarning: for vision_model.encoder.layers.16.mlp.fc1.bias: copying from a non-meta parameter in the checkpoint to a meta parameter in the current model, which is a no-op. (Did you mean to pass `assign=True` to assign items in the state dictionary to their corresponding key in the module instead of copying them in place?)
  module._load_from_state_dict(*args)
/scratch/jp09/dd9648/.venv-llava-video/lib64/python3.12/site-packages/transformers/modeling_utils.py:622: UserWarning: for vision_model.encoder.layers.16.mlp.fc2.weight: copying from a non-meta parameter in the checkpoint to a meta parameter in the current model, which is a no-op. (Did you mean to pass `assign=True` to assign items in the state dictionary to their corresponding key in the module instead of copying them in place?)
  module._load_from_state_dict(*args)
/scratch/jp09/dd9648/.venv-llava-video/lib64/python3.12/site-packages/transformers/modeling_utils.py:622: UserWarning: for vision_model.encoder.layers.16.mlp.fc2.bias: copying from a non-meta parameter in the checkpoint to a meta parameter in the current model, which is a no-op. (Did you mean to pass `assign=True` to assign items in the state dictionary to their corresponding key in the module instead of copying them in place?)
  module._load_from_state_dict(*args)
/scratch/jp09/dd9648/.venv-llava-video/lib64/python3.12/site-packages/transformers/modeling_utils.py:622: UserWarning: for vision_model.encoder.layers.16.layer_norm2.weight: copying from a non-meta parameter in the checkpoint to a meta parameter in the current model, which is a no-op. (Did you mean to pass `assign=True` to assign items in the state dictionary to their corresponding key in the module instead of copying them in place?)
  module._load_from_state_dict(*args)
/scratch/jp09/dd9648/.venv-llava-video/lib64/python3.12/site-packages/transformers/modeling_utils.py:622: UserWarning: for vision_model.encoder.layers.16.layer_norm2.bias: copying from a non-meta parameter in the checkpoint to a meta parameter in the current model, which is a no-op. (Did you mean to pass `assign=True` to assign items in the state dictionary to their corresponding key in the module instead of copying them in place?)
  module._load_from_state_dict(*args)
/scratch/jp09/dd9648/.venv-llava-video/lib64/python3.12/site-packages/transformers/modeling_utils.py:622: UserWarning: for vision_model.encoder.layers.17.self_attn.k_proj.weight: copying from a non-meta parameter in the checkpoint to a meta parameter in the current model, which is a no-op. (Did you mean to pass `assign=True` to assign items in the state dictionary to their corresponding key in the module instead of copying them in place?)
  module._load_from_state_dict(*args)
/scratch/jp09/dd9648/.venv-llava-video/lib64/python3.12/site-packages/transformers/modeling_utils.py:622: UserWarning: for vision_model.encoder.layers.17.self_attn.k_proj.bias: copying from a non-meta parameter in the checkpoint to a meta parameter in the current model, which is a no-op. (Did you mean to pass `assign=True` to assign items in the state dictionary to their corresponding key in the module instead of copying them in place?)
  module._load_from_state_dict(*args)
/scratch/jp09/dd9648/.venv-llava-video/lib64/python3.12/site-packages/transformers/modeling_utils.py:622: UserWarning: for vision_model.encoder.layers.17.self_attn.v_proj.weight: copying from a non-meta parameter in the checkpoint to a meta parameter in the current model, which is a no-op. (Did you mean to pass `assign=True` to assign items in the state dictionary to their corresponding key in the module instead of copying them in place?)
  module._load_from_state_dict(*args)
/scratch/jp09/dd9648/.venv-llava-video/lib64/python3.12/site-packages/transformers/modeling_utils.py:622: UserWarning: for vision_model.encoder.layers.17.self_attn.v_proj.bias: copying from a non-meta parameter in the checkpoint to a meta parameter in the current model, which is a no-op. (Did you mean to pass `assign=True` to assign items in the state dictionary to their corresponding key in the module instead of copying them in place?)
  module._load_from_state_dict(*args)
/scratch/jp09/dd9648/.venv-llava-video/lib64/python3.12/site-packages/transformers/modeling_utils.py:622: UserWarning: for vision_model.encoder.layers.17.self_attn.q_proj.weight: copying from a non-meta parameter in the checkpoint to a meta parameter in the current model, which is a no-op. (Did you mean to pass `assign=True` to assign items in the state dictionary to their corresponding key in the module instead of copying them in place?)
  module._load_from_state_dict(*args)
/scratch/jp09/dd9648/.venv-llava-video/lib64/python3.12/site-packages/transformers/modeling_utils.py:622: UserWarning: for vision_model.encoder.layers.17.self_attn.q_proj.bias: copying from a non-meta parameter in the checkpoint to a meta parameter in the current model, which is a no-op. (Did you mean to pass `assign=True` to assign items in the state dictionary to their corresponding key in the module instead of copying them in place?)
  module._load_from_state_dict(*args)
/scratch/jp09/dd9648/.venv-llava-video/lib64/python3.12/site-packages/transformers/modeling_utils.py:622: UserWarning: for vision_model.encoder.layers.17.self_attn.out_proj.weight: copying from a non-meta parameter in the checkpoint to a meta parameter in the current model, which is a no-op. (Did you mean to pass `assign=True` to assign items in the state dictionary to their corresponding key in the module instead of copying them in place?)
  module._load_from_state_dict(*args)
/scratch/jp09/dd9648/.venv-llava-video/lib64/python3.12/site-packages/transformers/modeling_utils.py:622: UserWarning: for vision_model.encoder.layers.17.self_attn.out_proj.bias: copying from a non-meta parameter in the checkpoint to a meta parameter in the current model, which is a no-op. (Did you mean to pass `assign=True` to assign items in the state dictionary to their corresponding key in the module instead of copying them in place?)
  module._load_from_state_dict(*args)
/scratch/jp09/dd9648/.venv-llava-video/lib64/python3.12/site-packages/transformers/modeling_utils.py:622: UserWarning: for vision_model.encoder.layers.17.layer_norm1.weight: copying from a non-meta parameter in the checkpoint to a meta parameter in the current model, which is a no-op. (Did you mean to pass `assign=True` to assign items in the state dictionary to their corresponding key in the module instead of copying them in place?)
  module._load_from_state_dict(*args)
/scratch/jp09/dd9648/.venv-llava-video/lib64/python3.12/site-packages/transformers/modeling_utils.py:622: UserWarning: for vision_model.encoder.layers.17.layer_norm1.bias: copying from a non-meta parameter in the checkpoint to a meta parameter in the current model, which is a no-op. (Did you mean to pass `assign=True` to assign items in the state dictionary to their corresponding key in the module instead of copying them in place?)
  module._load_from_state_dict(*args)
/scratch/jp09/dd9648/.venv-llava-video/lib64/python3.12/site-packages/transformers/modeling_utils.py:622: UserWarning: for vision_model.encoder.layers.17.mlp.fc1.weight: copying from a non-meta parameter in the checkpoint to a meta parameter in the current model, which is a no-op. (Did you mean to pass `assign=True` to assign items in the state dictionary to their corresponding key in the module instead of copying them in place?)
  module._load_from_state_dict(*args)
/scratch/jp09/dd9648/.venv-llava-video/lib64/python3.12/site-packages/transformers/modeling_utils.py:622: UserWarning: for vision_model.encoder.layers.17.mlp.fc1.bias: copying from a non-meta parameter in the checkpoint to a meta parameter in the current model, which is a no-op. (Did you mean to pass `assign=True` to assign items in the state dictionary to their corresponding key in the module instead of copying them in place?)
  module._load_from_state_dict(*args)
/scratch/jp09/dd9648/.venv-llava-video/lib64/python3.12/site-packages/transformers/modeling_utils.py:622: UserWarning: for vision_model.encoder.layers.17.mlp.fc2.weight: copying from a non-meta parameter in the checkpoint to a meta parameter in the current model, which is a no-op. (Did you mean to pass `assign=True` to assign items in the state dictionary to their corresponding key in the module instead of copying them in place?)
  module._load_from_state_dict(*args)
/scratch/jp09/dd9648/.venv-llava-video/lib64/python3.12/site-packages/transformers/modeling_utils.py:622: UserWarning: for vision_model.encoder.layers.17.mlp.fc2.bias: copying from a non-meta parameter in the checkpoint to a meta parameter in the current model, which is a no-op. (Did you mean to pass `assign=True` to assign items in the state dictionary to their corresponding key in the module instead of copying them in place?)
  module._load_from_state_dict(*args)
/scratch/jp09/dd9648/.venv-llava-video/lib64/python3.12/site-packages/transformers/modeling_utils.py:622: UserWarning: for vision_model.encoder.layers.17.layer_norm2.weight: copying from a non-meta parameter in the checkpoint to a meta parameter in the current model, which is a no-op. (Did you mean to pass `assign=True` to assign items in the state dictionary to their corresponding key in the module instead of copying them in place?)
  module._load_from_state_dict(*args)
/scratch/jp09/dd9648/.venv-llava-video/lib64/python3.12/site-packages/transformers/modeling_utils.py:622: UserWarning: for vision_model.encoder.layers.17.layer_norm2.bias: copying from a non-meta parameter in the checkpoint to a meta parameter in the current model, which is a no-op. (Did you mean to pass `assign=True` to assign items in the state dictionary to their corresponding key in the module instead of copying them in place?)
  module._load_from_state_dict(*args)
/scratch/jp09/dd9648/.venv-llava-video/lib64/python3.12/site-packages/transformers/modeling_utils.py:622: UserWarning: for vision_model.encoder.layers.18.self_attn.k_proj.weight: copying from a non-meta parameter in the checkpoint to a meta parameter in the current model, which is a no-op. (Did you mean to pass `assign=True` to assign items in the state dictionary to their corresponding key in the module instead of copying them in place?)
  module._load_from_state_dict(*args)
/scratch/jp09/dd9648/.venv-llava-video/lib64/python3.12/site-packages/transformers/modeling_utils.py:622: UserWarning: for vision_model.encoder.layers.18.self_attn.k_proj.bias: copying from a non-meta parameter in the checkpoint to a meta parameter in the current model, which is a no-op. (Did you mean to pass `assign=True` to assign items in the state dictionary to their corresponding key in the module instead of copying them in place?)
  module._load_from_state_dict(*args)
/scratch/jp09/dd9648/.venv-llava-video/lib64/python3.12/site-packages/transformers/modeling_utils.py:622: UserWarning: for vision_model.encoder.layers.18.self_attn.v_proj.weight: copying from a non-meta parameter in the checkpoint to a meta parameter in the current model, which is a no-op. (Did you mean to pass `assign=True` to assign items in the state dictionary to their corresponding key in the module instead of copying them in place?)
  module._load_from_state_dict(*args)
/scratch/jp09/dd9648/.venv-llava-video/lib64/python3.12/site-packages/transformers/modeling_utils.py:622: UserWarning: for vision_model.encoder.layers.18.self_attn.v_proj.bias: copying from a non-meta parameter in the checkpoint to a meta parameter in the current model, which is a no-op. (Did you mean to pass `assign=True` to assign items in the state dictionary to their corresponding key in the module instead of copying them in place?)
  module._load_from_state_dict(*args)
/scratch/jp09/dd9648/.venv-llava-video/lib64/python3.12/site-packages/transformers/modeling_utils.py:622: UserWarning: for vision_model.encoder.layers.18.self_attn.q_proj.weight: copying from a non-meta parameter in the checkpoint to a meta parameter in the current model, which is a no-op. (Did you mean to pass `assign=True` to assign items in the state dictionary to their corresponding key in the module instead of copying them in place?)
  module._load_from_state_dict(*args)
/scratch/jp09/dd9648/.venv-llava-video/lib64/python3.12/site-packages/transformers/modeling_utils.py:622: UserWarning: for vision_model.encoder.layers.18.self_attn.q_proj.bias: copying from a non-meta parameter in the checkpoint to a meta parameter in the current model, which is a no-op. (Did you mean to pass `assign=True` to assign items in the state dictionary to their corresponding key in the module instead of copying them in place?)
  module._load_from_state_dict(*args)
/scratch/jp09/dd9648/.venv-llava-video/lib64/python3.12/site-packages/transformers/modeling_utils.py:622: UserWarning: for vision_model.encoder.layers.18.self_attn.out_proj.weight: copying from a non-meta parameter in the checkpoint to a meta parameter in the current model, which is a no-op. (Did you mean to pass `assign=True` to assign items in the state dictionary to their corresponding key in the module instead of copying them in place?)
  module._load_from_state_dict(*args)
/scratch/jp09/dd9648/.venv-llava-video/lib64/python3.12/site-packages/transformers/modeling_utils.py:622: UserWarning: for vision_model.encoder.layers.18.self_attn.out_proj.bias: copying from a non-meta parameter in the checkpoint to a meta parameter in the current model, which is a no-op. (Did you mean to pass `assign=True` to assign items in the state dictionary to their corresponding key in the module instead of copying them in place?)
  module._load_from_state_dict(*args)
/scratch/jp09/dd9648/.venv-llava-video/lib64/python3.12/site-packages/transformers/modeling_utils.py:622: UserWarning: for vision_model.encoder.layers.18.layer_norm1.weight: copying from a non-meta parameter in the checkpoint to a meta parameter in the current model, which is a no-op. (Did you mean to pass `assign=True` to assign items in the state dictionary to their corresponding key in the module instead of copying them in place?)
  module._load_from_state_dict(*args)
/scratch/jp09/dd9648/.venv-llava-video/lib64/python3.12/site-packages/transformers/modeling_utils.py:622: UserWarning: for vision_model.encoder.layers.18.layer_norm1.bias: copying from a non-meta parameter in the checkpoint to a meta parameter in the current model, which is a no-op. (Did you mean to pass `assign=True` to assign items in the state dictionary to their corresponding key in the module instead of copying them in place?)
  module._load_from_state_dict(*args)
/scratch/jp09/dd9648/.venv-llava-video/lib64/python3.12/site-packages/transformers/modeling_utils.py:622: UserWarning: for vision_model.encoder.layers.18.mlp.fc1.weight: copying from a non-meta parameter in the checkpoint to a meta parameter in the current model, which is a no-op. (Did you mean to pass `assign=True` to assign items in the state dictionary to their corresponding key in the module instead of copying them in place?)
  module._load_from_state_dict(*args)
/scratch/jp09/dd9648/.venv-llava-video/lib64/python3.12/site-packages/transformers/modeling_utils.py:622: UserWarning: for vision_model.encoder.layers.18.mlp.fc1.bias: copying from a non-meta parameter in the checkpoint to a meta parameter in the current model, which is a no-op. (Did you mean to pass `assign=True` to assign items in the state dictionary to their corresponding key in the module instead of copying them in place?)
  module._load_from_state_dict(*args)
/scratch/jp09/dd9648/.venv-llava-video/lib64/python3.12/site-packages/transformers/modeling_utils.py:622: UserWarning: for vision_model.encoder.layers.18.mlp.fc2.weight: copying from a non-meta parameter in the checkpoint to a meta parameter in the current model, which is a no-op. (Did you mean to pass `assign=True` to assign items in the state dictionary to their corresponding key in the module instead of copying them in place?)
  module._load_from_state_dict(*args)
/scratch/jp09/dd9648/.venv-llava-video/lib64/python3.12/site-packages/transformers/modeling_utils.py:622: UserWarning: for vision_model.encoder.layers.18.mlp.fc2.bias: copying from a non-meta parameter in the checkpoint to a meta parameter in the current model, which is a no-op. (Did you mean to pass `assign=True` to assign items in the state dictionary to their corresponding key in the module instead of copying them in place?)
  module._load_from_state_dict(*args)
/scratch/jp09/dd9648/.venv-llava-video/lib64/python3.12/site-packages/transformers/modeling_utils.py:622: UserWarning: for vision_model.encoder.layers.18.layer_norm2.weight: copying from a non-meta parameter in the checkpoint to a meta parameter in the current model, which is a no-op. (Did you mean to pass `assign=True` to assign items in the state dictionary to their corresponding key in the module instead of copying them in place?)
  module._load_from_state_dict(*args)
/scratch/jp09/dd9648/.venv-llava-video/lib64/python3.12/site-packages/transformers/modeling_utils.py:622: UserWarning: for vision_model.encoder.layers.18.layer_norm2.bias: copying from a non-meta parameter in the checkpoint to a meta parameter in the current model, which is a no-op. (Did you mean to pass `assign=True` to assign items in the state dictionary to their corresponding key in the module instead of copying them in place?)
  module._load_from_state_dict(*args)
/scratch/jp09/dd9648/.venv-llava-video/lib64/python3.12/site-packages/transformers/modeling_utils.py:622: UserWarning: for vision_model.encoder.layers.19.self_attn.k_proj.weight: copying from a non-meta parameter in the checkpoint to a meta parameter in the current model, which is a no-op. (Did you mean to pass `assign=True` to assign items in the state dictionary to their corresponding key in the module instead of copying them in place?)
  module._load_from_state_dict(*args)
/scratch/jp09/dd9648/.venv-llava-video/lib64/python3.12/site-packages/transformers/modeling_utils.py:622: UserWarning: for vision_model.encoder.layers.19.self_attn.k_proj.bias: copying from a non-meta parameter in the checkpoint to a meta parameter in the current model, which is a no-op. (Did you mean to pass `assign=True` to assign items in the state dictionary to their corresponding key in the module instead of copying them in place?)
  module._load_from_state_dict(*args)
/scratch/jp09/dd9648/.venv-llava-video/lib64/python3.12/site-packages/transformers/modeling_utils.py:622: UserWarning: for vision_model.encoder.layers.19.self_attn.v_proj.weight: copying from a non-meta parameter in the checkpoint to a meta parameter in the current model, which is a no-op. (Did you mean to pass `assign=True` to assign items in the state dictionary to their corresponding key in the module instead of copying them in place?)
  module._load_from_state_dict(*args)
/scratch/jp09/dd9648/.venv-llava-video/lib64/python3.12/site-packages/transformers/modeling_utils.py:622: UserWarning: for vision_model.encoder.layers.19.self_attn.v_proj.bias: copying from a non-meta parameter in the checkpoint to a meta parameter in the current model, which is a no-op. (Did you mean to pass `assign=True` to assign items in the state dictionary to their corresponding key in the module instead of copying them in place?)
  module._load_from_state_dict(*args)
/scratch/jp09/dd9648/.venv-llava-video/lib64/python3.12/site-packages/transformers/modeling_utils.py:622: UserWarning: for vision_model.encoder.layers.19.self_attn.q_proj.weight: copying from a non-meta parameter in the checkpoint to a meta parameter in the current model, which is a no-op. (Did you mean to pass `assign=True` to assign items in the state dictionary to their corresponding key in the module instead of copying them in place?)
  module._load_from_state_dict(*args)
/scratch/jp09/dd9648/.venv-llava-video/lib64/python3.12/site-packages/transformers/modeling_utils.py:622: UserWarning: for vision_model.encoder.layers.19.self_attn.q_proj.bias: copying from a non-meta parameter in the checkpoint to a meta parameter in the current model, which is a no-op. (Did you mean to pass `assign=True` to assign items in the state dictionary to their corresponding key in the module instead of copying them in place?)
  module._load_from_state_dict(*args)
/scratch/jp09/dd9648/.venv-llava-video/lib64/python3.12/site-packages/transformers/modeling_utils.py:622: UserWarning: for vision_model.encoder.layers.19.self_attn.out_proj.weight: copying from a non-meta parameter in the checkpoint to a meta parameter in the current model, which is a no-op. (Did you mean to pass `assign=True` to assign items in the state dictionary to their corresponding key in the module instead of copying them in place?)
  module._load_from_state_dict(*args)
/scratch/jp09/dd9648/.venv-llava-video/lib64/python3.12/site-packages/transformers/modeling_utils.py:622: UserWarning: for vision_model.encoder.layers.19.self_attn.out_proj.bias: copying from a non-meta parameter in the checkpoint to a meta parameter in the current model, which is a no-op. (Did you mean to pass `assign=True` to assign items in the state dictionary to their corresponding key in the module instead of copying them in place?)
  module._load_from_state_dict(*args)
/scratch/jp09/dd9648/.venv-llava-video/lib64/python3.12/site-packages/transformers/modeling_utils.py:622: UserWarning: for vision_model.encoder.layers.19.layer_norm1.weight: copying from a non-meta parameter in the checkpoint to a meta parameter in the current model, which is a no-op. (Did you mean to pass `assign=True` to assign items in the state dictionary to their corresponding key in the module instead of copying them in place?)
  module._load_from_state_dict(*args)
/scratch/jp09/dd9648/.venv-llava-video/lib64/python3.12/site-packages/transformers/modeling_utils.py:622: UserWarning: for vision_model.encoder.layers.19.layer_norm1.bias: copying from a non-meta parameter in the checkpoint to a meta parameter in the current model, which is a no-op. (Did you mean to pass `assign=True` to assign items in the state dictionary to their corresponding key in the module instead of copying them in place?)
  module._load_from_state_dict(*args)
/scratch/jp09/dd9648/.venv-llava-video/lib64/python3.12/site-packages/transformers/modeling_utils.py:622: UserWarning: for vision_model.encoder.layers.19.mlp.fc1.weight: copying from a non-meta parameter in the checkpoint to a meta parameter in the current model, which is a no-op. (Did you mean to pass `assign=True` to assign items in the state dictionary to their corresponding key in the module instead of copying them in place?)
  module._load_from_state_dict(*args)
/scratch/jp09/dd9648/.venv-llava-video/lib64/python3.12/site-packages/transformers/modeling_utils.py:622: UserWarning: for vision_model.encoder.layers.19.mlp.fc1.bias: copying from a non-meta parameter in the checkpoint to a meta parameter in the current model, which is a no-op. (Did you mean to pass `assign=True` to assign items in the state dictionary to their corresponding key in the module instead of copying them in place?)
  module._load_from_state_dict(*args)
/scratch/jp09/dd9648/.venv-llava-video/lib64/python3.12/site-packages/transformers/modeling_utils.py:622: UserWarning: for vision_model.encoder.layers.19.mlp.fc2.weight: copying from a non-meta parameter in the checkpoint to a meta parameter in the current model, which is a no-op. (Did you mean to pass `assign=True` to assign items in the state dictionary to their corresponding key in the module instead of copying them in place?)
  module._load_from_state_dict(*args)
/scratch/jp09/dd9648/.venv-llava-video/lib64/python3.12/site-packages/transformers/modeling_utils.py:622: UserWarning: for vision_model.encoder.layers.19.mlp.fc2.bias: copying from a non-meta parameter in the checkpoint to a meta parameter in the current model, which is a no-op. (Did you mean to pass `assign=True` to assign items in the state dictionary to their corresponding key in the module instead of copying them in place?)
  module._load_from_state_dict(*args)
/scratch/jp09/dd9648/.venv-llava-video/lib64/python3.12/site-packages/transformers/modeling_utils.py:622: UserWarning: for vision_model.encoder.layers.19.layer_norm2.weight: copying from a non-meta parameter in the checkpoint to a meta parameter in the current model, which is a no-op. (Did you mean to pass `assign=True` to assign items in the state dictionary to their corresponding key in the module instead of copying them in place?)
  module._load_from_state_dict(*args)
/scratch/jp09/dd9648/.venv-llava-video/lib64/python3.12/site-packages/transformers/modeling_utils.py:622: UserWarning: for vision_model.encoder.layers.19.layer_norm2.bias: copying from a non-meta parameter in the checkpoint to a meta parameter in the current model, which is a no-op. (Did you mean to pass `assign=True` to assign items in the state dictionary to their corresponding key in the module instead of copying them in place?)
  module._load_from_state_dict(*args)
/scratch/jp09/dd9648/.venv-llava-video/lib64/python3.12/site-packages/transformers/modeling_utils.py:622: UserWarning: for vision_model.encoder.layers.20.self_attn.k_proj.weight: copying from a non-meta parameter in the checkpoint to a meta parameter in the current model, which is a no-op. (Did you mean to pass `assign=True` to assign items in the state dictionary to their corresponding key in the module instead of copying them in place?)
  module._load_from_state_dict(*args)
/scratch/jp09/dd9648/.venv-llava-video/lib64/python3.12/site-packages/transformers/modeling_utils.py:622: UserWarning: for vision_model.encoder.layers.20.self_attn.k_proj.bias: copying from a non-meta parameter in the checkpoint to a meta parameter in the current model, which is a no-op. (Did you mean to pass `assign=True` to assign items in the state dictionary to their corresponding key in the module instead of copying them in place?)
  module._load_from_state_dict(*args)
/scratch/jp09/dd9648/.venv-llava-video/lib64/python3.12/site-packages/transformers/modeling_utils.py:622: UserWarning: for vision_model.encoder.layers.20.self_attn.v_proj.weight: copying from a non-meta parameter in the checkpoint to a meta parameter in the current model, which is a no-op. (Did you mean to pass `assign=True` to assign items in the state dictionary to their corresponding key in the module instead of copying them in place?)
  module._load_from_state_dict(*args)
/scratch/jp09/dd9648/.venv-llava-video/lib64/python3.12/site-packages/transformers/modeling_utils.py:622: UserWarning: for vision_model.encoder.layers.20.self_attn.v_proj.bias: copying from a non-meta parameter in the checkpoint to a meta parameter in the current model, which is a no-op. (Did you mean to pass `assign=True` to assign items in the state dictionary to their corresponding key in the module instead of copying them in place?)
  module._load_from_state_dict(*args)
/scratch/jp09/dd9648/.venv-llava-video/lib64/python3.12/site-packages/transformers/modeling_utils.py:622: UserWarning: for vision_model.encoder.layers.20.self_attn.q_proj.weight: copying from a non-meta parameter in the checkpoint to a meta parameter in the current model, which is a no-op. (Did you mean to pass `assign=True` to assign items in the state dictionary to their corresponding key in the module instead of copying them in place?)
  module._load_from_state_dict(*args)
/scratch/jp09/dd9648/.venv-llava-video/lib64/python3.12/site-packages/transformers/modeling_utils.py:622: UserWarning: for vision_model.encoder.layers.20.self_attn.q_proj.bias: copying from a non-meta parameter in the checkpoint to a meta parameter in the current model, which is a no-op. (Did you mean to pass `assign=True` to assign items in the state dictionary to their corresponding key in the module instead of copying them in place?)
  module._load_from_state_dict(*args)
/scratch/jp09/dd9648/.venv-llava-video/lib64/python3.12/site-packages/transformers/modeling_utils.py:622: UserWarning: for vision_model.encoder.layers.20.self_attn.out_proj.weight: copying from a non-meta parameter in the checkpoint to a meta parameter in the current model, which is a no-op. (Did you mean to pass `assign=True` to assign items in the state dictionary to their corresponding key in the module instead of copying them in place?)
  module._load_from_state_dict(*args)
/scratch/jp09/dd9648/.venv-llava-video/lib64/python3.12/site-packages/transformers/modeling_utils.py:622: UserWarning: for vision_model.encoder.layers.20.self_attn.out_proj.bias: copying from a non-meta parameter in the checkpoint to a meta parameter in the current model, which is a no-op. (Did you mean to pass `assign=True` to assign items in the state dictionary to their corresponding key in the module instead of copying them in place?)
  module._load_from_state_dict(*args)
/scratch/jp09/dd9648/.venv-llava-video/lib64/python3.12/site-packages/transformers/modeling_utils.py:622: UserWarning: for vision_model.encoder.layers.20.layer_norm1.weight: copying from a non-meta parameter in the checkpoint to a meta parameter in the current model, which is a no-op. (Did you mean to pass `assign=True` to assign items in the state dictionary to their corresponding key in the module instead of copying them in place?)
  module._load_from_state_dict(*args)
/scratch/jp09/dd9648/.venv-llava-video/lib64/python3.12/site-packages/transformers/modeling_utils.py:622: UserWarning: for vision_model.encoder.layers.20.layer_norm1.bias: copying from a non-meta parameter in the checkpoint to a meta parameter in the current model, which is a no-op. (Did you mean to pass `assign=True` to assign items in the state dictionary to their corresponding key in the module instead of copying them in place?)
  module._load_from_state_dict(*args)
/scratch/jp09/dd9648/.venv-llava-video/lib64/python3.12/site-packages/transformers/modeling_utils.py:622: UserWarning: for vision_model.encoder.layers.20.mlp.fc1.weight: copying from a non-meta parameter in the checkpoint to a meta parameter in the current model, which is a no-op. (Did you mean to pass `assign=True` to assign items in the state dictionary to their corresponding key in the module instead of copying them in place?)
  module._load_from_state_dict(*args)
/scratch/jp09/dd9648/.venv-llava-video/lib64/python3.12/site-packages/transformers/modeling_utils.py:622: UserWarning: for vision_model.encoder.layers.20.mlp.fc1.bias: copying from a non-meta parameter in the checkpoint to a meta parameter in the current model, which is a no-op. (Did you mean to pass `assign=True` to assign items in the state dictionary to their corresponding key in the module instead of copying them in place?)
  module._load_from_state_dict(*args)
/scratch/jp09/dd9648/.venv-llava-video/lib64/python3.12/site-packages/transformers/modeling_utils.py:622: UserWarning: for vision_model.encoder.layers.20.mlp.fc2.weight: copying from a non-meta parameter in the checkpoint to a meta parameter in the current model, which is a no-op. (Did you mean to pass `assign=True` to assign items in the state dictionary to their corresponding key in the module instead of copying them in place?)
  module._load_from_state_dict(*args)
/scratch/jp09/dd9648/.venv-llava-video/lib64/python3.12/site-packages/transformers/modeling_utils.py:622: UserWarning: for vision_model.encoder.layers.20.mlp.fc2.bias: copying from a non-meta parameter in the checkpoint to a meta parameter in the current model, which is a no-op. (Did you mean to pass `assign=True` to assign items in the state dictionary to their corresponding key in the module instead of copying them in place?)
  module._load_from_state_dict(*args)
/scratch/jp09/dd9648/.venv-llava-video/lib64/python3.12/site-packages/transformers/modeling_utils.py:622: UserWarning: for vision_model.encoder.layers.20.layer_norm2.weight: copying from a non-meta parameter in the checkpoint to a meta parameter in the current model, which is a no-op. (Did you mean to pass `assign=True` to assign items in the state dictionary to their corresponding key in the module instead of copying them in place?)
  module._load_from_state_dict(*args)
/scratch/jp09/dd9648/.venv-llava-video/lib64/python3.12/site-packages/transformers/modeling_utils.py:622: UserWarning: for vision_model.encoder.layers.20.layer_norm2.bias: copying from a non-meta parameter in the checkpoint to a meta parameter in the current model, which is a no-op. (Did you mean to pass `assign=True` to assign items in the state dictionary to their corresponding key in the module instead of copying them in place?)
  module._load_from_state_dict(*args)
/scratch/jp09/dd9648/.venv-llava-video/lib64/python3.12/site-packages/transformers/modeling_utils.py:622: UserWarning: for vision_model.encoder.layers.21.self_attn.k_proj.weight: copying from a non-meta parameter in the checkpoint to a meta parameter in the current model, which is a no-op. (Did you mean to pass `assign=True` to assign items in the state dictionary to their corresponding key in the module instead of copying them in place?)
  module._load_from_state_dict(*args)
/scratch/jp09/dd9648/.venv-llava-video/lib64/python3.12/site-packages/transformers/modeling_utils.py:622: UserWarning: for vision_model.encoder.layers.21.self_attn.k_proj.bias: copying from a non-meta parameter in the checkpoint to a meta parameter in the current model, which is a no-op. (Did you mean to pass `assign=True` to assign items in the state dictionary to their corresponding key in the module instead of copying them in place?)
  module._load_from_state_dict(*args)
/scratch/jp09/dd9648/.venv-llava-video/lib64/python3.12/site-packages/transformers/modeling_utils.py:622: UserWarning: for vision_model.encoder.layers.21.self_attn.v_proj.weight: copying from a non-meta parameter in the checkpoint to a meta parameter in the current model, which is a no-op. (Did you mean to pass `assign=True` to assign items in the state dictionary to their corresponding key in the module instead of copying them in place?)
  module._load_from_state_dict(*args)
/scratch/jp09/dd9648/.venv-llava-video/lib64/python3.12/site-packages/transformers/modeling_utils.py:622: UserWarning: for vision_model.encoder.layers.21.self_attn.v_proj.bias: copying from a non-meta parameter in the checkpoint to a meta parameter in the current model, which is a no-op. (Did you mean to pass `assign=True` to assign items in the state dictionary to their corresponding key in the module instead of copying them in place?)
  module._load_from_state_dict(*args)
/scratch/jp09/dd9648/.venv-llava-video/lib64/python3.12/site-packages/transformers/modeling_utils.py:622: UserWarning: for vision_model.encoder.layers.21.self_attn.q_proj.weight: copying from a non-meta parameter in the checkpoint to a meta parameter in the current model, which is a no-op. (Did you mean to pass `assign=True` to assign items in the state dictionary to their corresponding key in the module instead of copying them in place?)
  module._load_from_state_dict(*args)
/scratch/jp09/dd9648/.venv-llava-video/lib64/python3.12/site-packages/transformers/modeling_utils.py:622: UserWarning: for vision_model.encoder.layers.21.self_attn.q_proj.bias: copying from a non-meta parameter in the checkpoint to a meta parameter in the current model, which is a no-op. (Did you mean to pass `assign=True` to assign items in the state dictionary to their corresponding key in the module instead of copying them in place?)
  module._load_from_state_dict(*args)
/scratch/jp09/dd9648/.venv-llava-video/lib64/python3.12/site-packages/transformers/modeling_utils.py:622: UserWarning: for vision_model.encoder.layers.21.self_attn.out_proj.weight: copying from a non-meta parameter in the checkpoint to a meta parameter in the current model, which is a no-op. (Did you mean to pass `assign=True` to assign items in the state dictionary to their corresponding key in the module instead of copying them in place?)
  module._load_from_state_dict(*args)
/scratch/jp09/dd9648/.venv-llava-video/lib64/python3.12/site-packages/transformers/modeling_utils.py:622: UserWarning: for vision_model.encoder.layers.21.self_attn.out_proj.bias: copying from a non-meta parameter in the checkpoint to a meta parameter in the current model, which is a no-op. (Did you mean to pass `assign=True` to assign items in the state dictionary to their corresponding key in the module instead of copying them in place?)
  module._load_from_state_dict(*args)
/scratch/jp09/dd9648/.venv-llava-video/lib64/python3.12/site-packages/transformers/modeling_utils.py:622: UserWarning: for vision_model.encoder.layers.21.layer_norm1.weight: copying from a non-meta parameter in the checkpoint to a meta parameter in the current model, which is a no-op. (Did you mean to pass `assign=True` to assign items in the state dictionary to their corresponding key in the module instead of copying them in place?)
  module._load_from_state_dict(*args)
/scratch/jp09/dd9648/.venv-llava-video/lib64/python3.12/site-packages/transformers/modeling_utils.py:622: UserWarning: for vision_model.encoder.layers.21.layer_norm1.bias: copying from a non-meta parameter in the checkpoint to a meta parameter in the current model, which is a no-op. (Did you mean to pass `assign=True` to assign items in the state dictionary to their corresponding key in the module instead of copying them in place?)
  module._load_from_state_dict(*args)
/scratch/jp09/dd9648/.venv-llava-video/lib64/python3.12/site-packages/transformers/modeling_utils.py:622: UserWarning: for vision_model.encoder.layers.21.mlp.fc1.weight: copying from a non-meta parameter in the checkpoint to a meta parameter in the current model, which is a no-op. (Did you mean to pass `assign=True` to assign items in the state dictionary to their corresponding key in the module instead of copying them in place?)
  module._load_from_state_dict(*args)
/scratch/jp09/dd9648/.venv-llava-video/lib64/python3.12/site-packages/transformers/modeling_utils.py:622: UserWarning: for vision_model.encoder.layers.21.mlp.fc1.bias: copying from a non-meta parameter in the checkpoint to a meta parameter in the current model, which is a no-op. (Did you mean to pass `assign=True` to assign items in the state dictionary to their corresponding key in the module instead of copying them in place?)
  module._load_from_state_dict(*args)
/scratch/jp09/dd9648/.venv-llava-video/lib64/python3.12/site-packages/transformers/modeling_utils.py:622: UserWarning: for vision_model.encoder.layers.21.mlp.fc2.weight: copying from a non-meta parameter in the checkpoint to a meta parameter in the current model, which is a no-op. (Did you mean to pass `assign=True` to assign items in the state dictionary to their corresponding key in the module instead of copying them in place?)
  module._load_from_state_dict(*args)
/scratch/jp09/dd9648/.venv-llava-video/lib64/python3.12/site-packages/transformers/modeling_utils.py:622: UserWarning: for vision_model.encoder.layers.21.mlp.fc2.bias: copying from a non-meta parameter in the checkpoint to a meta parameter in the current model, which is a no-op. (Did you mean to pass `assign=True` to assign items in the state dictionary to their corresponding key in the module instead of copying them in place?)
  module._load_from_state_dict(*args)
/scratch/jp09/dd9648/.venv-llava-video/lib64/python3.12/site-packages/transformers/modeling_utils.py:622: UserWarning: for vision_model.encoder.layers.21.layer_norm2.weight: copying from a non-meta parameter in the checkpoint to a meta parameter in the current model, which is a no-op. (Did you mean to pass `assign=True` to assign items in the state dictionary to their corresponding key in the module instead of copying them in place?)
  module._load_from_state_dict(*args)
/scratch/jp09/dd9648/.venv-llava-video/lib64/python3.12/site-packages/transformers/modeling_utils.py:622: UserWarning: for vision_model.encoder.layers.21.layer_norm2.bias: copying from a non-meta parameter in the checkpoint to a meta parameter in the current model, which is a no-op. (Did you mean to pass `assign=True` to assign items in the state dictionary to their corresponding key in the module instead of copying them in place?)
  module._load_from_state_dict(*args)
/scratch/jp09/dd9648/.venv-llava-video/lib64/python3.12/site-packages/transformers/modeling_utils.py:622: UserWarning: for vision_model.encoder.layers.22.self_attn.k_proj.weight: copying from a non-meta parameter in the checkpoint to a meta parameter in the current model, which is a no-op. (Did you mean to pass `assign=True` to assign items in the state dictionary to their corresponding key in the module instead of copying them in place?)
  module._load_from_state_dict(*args)
/scratch/jp09/dd9648/.venv-llava-video/lib64/python3.12/site-packages/transformers/modeling_utils.py:622: UserWarning: for vision_model.encoder.layers.22.self_attn.k_proj.bias: copying from a non-meta parameter in the checkpoint to a meta parameter in the current model, which is a no-op. (Did you mean to pass `assign=True` to assign items in the state dictionary to their corresponding key in the module instead of copying them in place?)
  module._load_from_state_dict(*args)
/scratch/jp09/dd9648/.venv-llava-video/lib64/python3.12/site-packages/transformers/modeling_utils.py:622: UserWarning: for vision_model.encoder.layers.22.self_attn.v_proj.weight: copying from a non-meta parameter in the checkpoint to a meta parameter in the current model, which is a no-op. (Did you mean to pass `assign=True` to assign items in the state dictionary to their corresponding key in the module instead of copying them in place?)
  module._load_from_state_dict(*args)
/scratch/jp09/dd9648/.venv-llava-video/lib64/python3.12/site-packages/transformers/modeling_utils.py:622: UserWarning: for vision_model.encoder.layers.22.self_attn.v_proj.bias: copying from a non-meta parameter in the checkpoint to a meta parameter in the current model, which is a no-op. (Did you mean to pass `assign=True` to assign items in the state dictionary to their corresponding key in the module instead of copying them in place?)
  module._load_from_state_dict(*args)
/scratch/jp09/dd9648/.venv-llava-video/lib64/python3.12/site-packages/transformers/modeling_utils.py:622: UserWarning: for vision_model.encoder.layers.22.self_attn.q_proj.weight: copying from a non-meta parameter in the checkpoint to a meta parameter in the current model, which is a no-op. (Did you mean to pass `assign=True` to assign items in the state dictionary to their corresponding key in the module instead of copying them in place?)
  module._load_from_state_dict(*args)
/scratch/jp09/dd9648/.venv-llava-video/lib64/python3.12/site-packages/transformers/modeling_utils.py:622: UserWarning: for vision_model.encoder.layers.22.self_attn.q_proj.bias: copying from a non-meta parameter in the checkpoint to a meta parameter in the current model, which is a no-op. (Did you mean to pass `assign=True` to assign items in the state dictionary to their corresponding key in the module instead of copying them in place?)
  module._load_from_state_dict(*args)
/scratch/jp09/dd9648/.venv-llava-video/lib64/python3.12/site-packages/transformers/modeling_utils.py:622: UserWarning: for vision_model.encoder.layers.22.self_attn.out_proj.weight: copying from a non-meta parameter in the checkpoint to a meta parameter in the current model, which is a no-op. (Did you mean to pass `assign=True` to assign items in the state dictionary to their corresponding key in the module instead of copying them in place?)
  module._load_from_state_dict(*args)
/scratch/jp09/dd9648/.venv-llava-video/lib64/python3.12/site-packages/transformers/modeling_utils.py:622: UserWarning: for vision_model.encoder.layers.22.self_attn.out_proj.bias: copying from a non-meta parameter in the checkpoint to a meta parameter in the current model, which is a no-op. (Did you mean to pass `assign=True` to assign items in the state dictionary to their corresponding key in the module instead of copying them in place?)
  module._load_from_state_dict(*args)
/scratch/jp09/dd9648/.venv-llava-video/lib64/python3.12/site-packages/transformers/modeling_utils.py:622: UserWarning: for vision_model.encoder.layers.22.layer_norm1.weight: copying from a non-meta parameter in the checkpoint to a meta parameter in the current model, which is a no-op. (Did you mean to pass `assign=True` to assign items in the state dictionary to their corresponding key in the module instead of copying them in place?)
  module._load_from_state_dict(*args)
/scratch/jp09/dd9648/.venv-llava-video/lib64/python3.12/site-packages/transformers/modeling_utils.py:622: UserWarning: for vision_model.encoder.layers.22.layer_norm1.bias: copying from a non-meta parameter in the checkpoint to a meta parameter in the current model, which is a no-op. (Did you mean to pass `assign=True` to assign items in the state dictionary to their corresponding key in the module instead of copying them in place?)
  module._load_from_state_dict(*args)
/scratch/jp09/dd9648/.venv-llava-video/lib64/python3.12/site-packages/transformers/modeling_utils.py:622: UserWarning: for vision_model.encoder.layers.22.mlp.fc1.weight: copying from a non-meta parameter in the checkpoint to a meta parameter in the current model, which is a no-op. (Did you mean to pass `assign=True` to assign items in the state dictionary to their corresponding key in the module instead of copying them in place?)
  module._load_from_state_dict(*args)
/scratch/jp09/dd9648/.venv-llava-video/lib64/python3.12/site-packages/transformers/modeling_utils.py:622: UserWarning: for vision_model.encoder.layers.22.mlp.fc1.bias: copying from a non-meta parameter in the checkpoint to a meta parameter in the current model, which is a no-op. (Did you mean to pass `assign=True` to assign items in the state dictionary to their corresponding key in the module instead of copying them in place?)
  module._load_from_state_dict(*args)
/scratch/jp09/dd9648/.venv-llava-video/lib64/python3.12/site-packages/transformers/modeling_utils.py:622: UserWarning: for vision_model.encoder.layers.22.mlp.fc2.weight: copying from a non-meta parameter in the checkpoint to a meta parameter in the current model, which is a no-op. (Did you mean to pass `assign=True` to assign items in the state dictionary to their corresponding key in the module instead of copying them in place?)
  module._load_from_state_dict(*args)
/scratch/jp09/dd9648/.venv-llava-video/lib64/python3.12/site-packages/transformers/modeling_utils.py:622: UserWarning: for vision_model.encoder.layers.22.mlp.fc2.bias: copying from a non-meta parameter in the checkpoint to a meta parameter in the current model, which is a no-op. (Did you mean to pass `assign=True` to assign items in the state dictionary to their corresponding key in the module instead of copying them in place?)
  module._load_from_state_dict(*args)
/scratch/jp09/dd9648/.venv-llava-video/lib64/python3.12/site-packages/transformers/modeling_utils.py:622: UserWarning: for vision_model.encoder.layers.22.layer_norm2.weight: copying from a non-meta parameter in the checkpoint to a meta parameter in the current model, which is a no-op. (Did you mean to pass `assign=True` to assign items in the state dictionary to their corresponding key in the module instead of copying them in place?)
  module._load_from_state_dict(*args)
/scratch/jp09/dd9648/.venv-llava-video/lib64/python3.12/site-packages/transformers/modeling_utils.py:622: UserWarning: for vision_model.encoder.layers.22.layer_norm2.bias: copying from a non-meta parameter in the checkpoint to a meta parameter in the current model, which is a no-op. (Did you mean to pass `assign=True` to assign items in the state dictionary to their corresponding key in the module instead of copying them in place?)
  module._load_from_state_dict(*args)
/scratch/jp09/dd9648/.venv-llava-video/lib64/python3.12/site-packages/transformers/modeling_utils.py:622: UserWarning: for vision_model.encoder.layers.23.self_attn.k_proj.weight: copying from a non-meta parameter in the checkpoint to a meta parameter in the current model, which is a no-op. (Did you mean to pass `assign=True` to assign items in the state dictionary to their corresponding key in the module instead of copying them in place?)
  module._load_from_state_dict(*args)
/scratch/jp09/dd9648/.venv-llava-video/lib64/python3.12/site-packages/transformers/modeling_utils.py:622: UserWarning: for vision_model.encoder.layers.23.self_attn.k_proj.bias: copying from a non-meta parameter in the checkpoint to a meta parameter in the current model, which is a no-op. (Did you mean to pass `assign=True` to assign items in the state dictionary to their corresponding key in the module instead of copying them in place?)
  module._load_from_state_dict(*args)
/scratch/jp09/dd9648/.venv-llava-video/lib64/python3.12/site-packages/transformers/modeling_utils.py:622: UserWarning: for vision_model.encoder.layers.23.self_attn.v_proj.weight: copying from a non-meta parameter in the checkpoint to a meta parameter in the current model, which is a no-op. (Did you mean to pass `assign=True` to assign items in the state dictionary to their corresponding key in the module instead of copying them in place?)
  module._load_from_state_dict(*args)
/scratch/jp09/dd9648/.venv-llava-video/lib64/python3.12/site-packages/transformers/modeling_utils.py:622: UserWarning: for vision_model.encoder.layers.23.self_attn.v_proj.bias: copying from a non-meta parameter in the checkpoint to a meta parameter in the current model, which is a no-op. (Did you mean to pass `assign=True` to assign items in the state dictionary to their corresponding key in the module instead of copying them in place?)
  module._load_from_state_dict(*args)
/scratch/jp09/dd9648/.venv-llava-video/lib64/python3.12/site-packages/transformers/modeling_utils.py:622: UserWarning: for vision_model.encoder.layers.23.self_attn.q_proj.weight: copying from a non-meta parameter in the checkpoint to a meta parameter in the current model, which is a no-op. (Did you mean to pass `assign=True` to assign items in the state dictionary to their corresponding key in the module instead of copying them in place?)
  module._load_from_state_dict(*args)
/scratch/jp09/dd9648/.venv-llava-video/lib64/python3.12/site-packages/transformers/modeling_utils.py:622: UserWarning: for vision_model.encoder.layers.23.self_attn.q_proj.bias: copying from a non-meta parameter in the checkpoint to a meta parameter in the current model, which is a no-op. (Did you mean to pass `assign=True` to assign items in the state dictionary to their corresponding key in the module instead of copying them in place?)
  module._load_from_state_dict(*args)
/scratch/jp09/dd9648/.venv-llava-video/lib64/python3.12/site-packages/transformers/modeling_utils.py:622: UserWarning: for vision_model.encoder.layers.23.self_attn.out_proj.weight: copying from a non-meta parameter in the checkpoint to a meta parameter in the current model, which is a no-op. (Did you mean to pass `assign=True` to assign items in the state dictionary to their corresponding key in the module instead of copying them in place?)
  module._load_from_state_dict(*args)
/scratch/jp09/dd9648/.venv-llava-video/lib64/python3.12/site-packages/transformers/modeling_utils.py:622: UserWarning: for vision_model.encoder.layers.23.self_attn.out_proj.bias: copying from a non-meta parameter in the checkpoint to a meta parameter in the current model, which is a no-op. (Did you mean to pass `assign=True` to assign items in the state dictionary to their corresponding key in the module instead of copying them in place?)
  module._load_from_state_dict(*args)
/scratch/jp09/dd9648/.venv-llava-video/lib64/python3.12/site-packages/transformers/modeling_utils.py:622: UserWarning: for vision_model.encoder.layers.23.layer_norm1.weight: copying from a non-meta parameter in the checkpoint to a meta parameter in the current model, which is a no-op. (Did you mean to pass `assign=True` to assign items in the state dictionary to their corresponding key in the module instead of copying them in place?)
  module._load_from_state_dict(*args)
/scratch/jp09/dd9648/.venv-llava-video/lib64/python3.12/site-packages/transformers/modeling_utils.py:622: UserWarning: for vision_model.encoder.layers.23.layer_norm1.bias: copying from a non-meta parameter in the checkpoint to a meta parameter in the current model, which is a no-op. (Did you mean to pass `assign=True` to assign items in the state dictionary to their corresponding key in the module instead of copying them in place?)
  module._load_from_state_dict(*args)
/scratch/jp09/dd9648/.venv-llava-video/lib64/python3.12/site-packages/transformers/modeling_utils.py:622: UserWarning: for vision_model.encoder.layers.23.mlp.fc1.weight: copying from a non-meta parameter in the checkpoint to a meta parameter in the current model, which is a no-op. (Did you mean to pass `assign=True` to assign items in the state dictionary to their corresponding key in the module instead of copying them in place?)
  module._load_from_state_dict(*args)
/scratch/jp09/dd9648/.venv-llava-video/lib64/python3.12/site-packages/transformers/modeling_utils.py:622: UserWarning: for vision_model.encoder.layers.23.mlp.fc1.bias: copying from a non-meta parameter in the checkpoint to a meta parameter in the current model, which is a no-op. (Did you mean to pass `assign=True` to assign items in the state dictionary to their corresponding key in the module instead of copying them in place?)
  module._load_from_state_dict(*args)
/scratch/jp09/dd9648/.venv-llava-video/lib64/python3.12/site-packages/transformers/modeling_utils.py:622: UserWarning: for vision_model.encoder.layers.23.mlp.fc2.weight: copying from a non-meta parameter in the checkpoint to a meta parameter in the current model, which is a no-op. (Did you mean to pass `assign=True` to assign items in the state dictionary to their corresponding key in the module instead of copying them in place?)
  module._load_from_state_dict(*args)
/scratch/jp09/dd9648/.venv-llava-video/lib64/python3.12/site-packages/transformers/modeling_utils.py:622: UserWarning: for vision_model.encoder.layers.23.mlp.fc2.bias: copying from a non-meta parameter in the checkpoint to a meta parameter in the current model, which is a no-op. (Did you mean to pass `assign=True` to assign items in the state dictionary to their corresponding key in the module instead of copying them in place?)
  module._load_from_state_dict(*args)
/scratch/jp09/dd9648/.venv-llava-video/lib64/python3.12/site-packages/transformers/modeling_utils.py:622: UserWarning: for vision_model.encoder.layers.23.layer_norm2.weight: copying from a non-meta parameter in the checkpoint to a meta parameter in the current model, which is a no-op. (Did you mean to pass `assign=True` to assign items in the state dictionary to their corresponding key in the module instead of copying them in place?)
  module._load_from_state_dict(*args)
/scratch/jp09/dd9648/.venv-llava-video/lib64/python3.12/site-packages/transformers/modeling_utils.py:622: UserWarning: for vision_model.encoder.layers.23.layer_norm2.bias: copying from a non-meta parameter in the checkpoint to a meta parameter in the current model, which is a no-op. (Did you mean to pass `assign=True` to assign items in the state dictionary to their corresponding key in the module instead of copying them in place?)
  module._load_from_state_dict(*args)
/scratch/jp09/dd9648/.venv-llava-video/lib64/python3.12/site-packages/transformers/modeling_utils.py:622: UserWarning: for vision_model.encoder.layers.24.self_attn.k_proj.weight: copying from a non-meta parameter in the checkpoint to a meta parameter in the current model, which is a no-op. (Did you mean to pass `assign=True` to assign items in the state dictionary to their corresponding key in the module instead of copying them in place?)
  module._load_from_state_dict(*args)
/scratch/jp09/dd9648/.venv-llava-video/lib64/python3.12/site-packages/transformers/modeling_utils.py:622: UserWarning: for vision_model.encoder.layers.24.self_attn.k_proj.bias: copying from a non-meta parameter in the checkpoint to a meta parameter in the current model, which is a no-op. (Did you mean to pass `assign=True` to assign items in the state dictionary to their corresponding key in the module instead of copying them in place?)
  module._load_from_state_dict(*args)
/scratch/jp09/dd9648/.venv-llava-video/lib64/python3.12/site-packages/transformers/modeling_utils.py:622: UserWarning: for vision_model.encoder.layers.24.self_attn.v_proj.weight: copying from a non-meta parameter in the checkpoint to a meta parameter in the current model, which is a no-op. (Did you mean to pass `assign=True` to assign items in the state dictionary to their corresponding key in the module instead of copying them in place?)
  module._load_from_state_dict(*args)
/scratch/jp09/dd9648/.venv-llava-video/lib64/python3.12/site-packages/transformers/modeling_utils.py:622: UserWarning: for vision_model.encoder.layers.24.self_attn.v_proj.bias: copying from a non-meta parameter in the checkpoint to a meta parameter in the current model, which is a no-op. (Did you mean to pass `assign=True` to assign items in the state dictionary to their corresponding key in the module instead of copying them in place?)
  module._load_from_state_dict(*args)
/scratch/jp09/dd9648/.venv-llava-video/lib64/python3.12/site-packages/transformers/modeling_utils.py:622: UserWarning: for vision_model.encoder.layers.24.self_attn.q_proj.weight: copying from a non-meta parameter in the checkpoint to a meta parameter in the current model, which is a no-op. (Did you mean to pass `assign=True` to assign items in the state dictionary to their corresponding key in the module instead of copying them in place?)
  module._load_from_state_dict(*args)
/scratch/jp09/dd9648/.venv-llava-video/lib64/python3.12/site-packages/transformers/modeling_utils.py:622: UserWarning: for vision_model.encoder.layers.24.self_attn.q_proj.bias: copying from a non-meta parameter in the checkpoint to a meta parameter in the current model, which is a no-op. (Did you mean to pass `assign=True` to assign items in the state dictionary to their corresponding key in the module instead of copying them in place?)
  module._load_from_state_dict(*args)
/scratch/jp09/dd9648/.venv-llava-video/lib64/python3.12/site-packages/transformers/modeling_utils.py:622: UserWarning: for vision_model.encoder.layers.24.self_attn.out_proj.weight: copying from a non-meta parameter in the checkpoint to a meta parameter in the current model, which is a no-op. (Did you mean to pass `assign=True` to assign items in the state dictionary to their corresponding key in the module instead of copying them in place?)
  module._load_from_state_dict(*args)
/scratch/jp09/dd9648/.venv-llava-video/lib64/python3.12/site-packages/transformers/modeling_utils.py:622: UserWarning: for vision_model.encoder.layers.24.self_attn.out_proj.bias: copying from a non-meta parameter in the checkpoint to a meta parameter in the current model, which is a no-op. (Did you mean to pass `assign=True` to assign items in the state dictionary to their corresponding key in the module instead of copying them in place?)
  module._load_from_state_dict(*args)
/scratch/jp09/dd9648/.venv-llava-video/lib64/python3.12/site-packages/transformers/modeling_utils.py:622: UserWarning: for vision_model.encoder.layers.24.layer_norm1.weight: copying from a non-meta parameter in the checkpoint to a meta parameter in the current model, which is a no-op. (Did you mean to pass `assign=True` to assign items in the state dictionary to their corresponding key in the module instead of copying them in place?)
  module._load_from_state_dict(*args)
/scratch/jp09/dd9648/.venv-llava-video/lib64/python3.12/site-packages/transformers/modeling_utils.py:622: UserWarning: for vision_model.encoder.layers.24.layer_norm1.bias: copying from a non-meta parameter in the checkpoint to a meta parameter in the current model, which is a no-op. (Did you mean to pass `assign=True` to assign items in the state dictionary to their corresponding key in the module instead of copying them in place?)
  module._load_from_state_dict(*args)
/scratch/jp09/dd9648/.venv-llava-video/lib64/python3.12/site-packages/transformers/modeling_utils.py:622: UserWarning: for vision_model.encoder.layers.24.mlp.fc1.weight: copying from a non-meta parameter in the checkpoint to a meta parameter in the current model, which is a no-op. (Did you mean to pass `assign=True` to assign items in the state dictionary to their corresponding key in the module instead of copying them in place?)
  module._load_from_state_dict(*args)
/scratch/jp09/dd9648/.venv-llava-video/lib64/python3.12/site-packages/transformers/modeling_utils.py:622: UserWarning: for vision_model.encoder.layers.24.mlp.fc1.bias: copying from a non-meta parameter in the checkpoint to a meta parameter in the current model, which is a no-op. (Did you mean to pass `assign=True` to assign items in the state dictionary to their corresponding key in the module instead of copying them in place?)
  module._load_from_state_dict(*args)
/scratch/jp09/dd9648/.venv-llava-video/lib64/python3.12/site-packages/transformers/modeling_utils.py:622: UserWarning: for vision_model.encoder.layers.24.mlp.fc2.weight: copying from a non-meta parameter in the checkpoint to a meta parameter in the current model, which is a no-op. (Did you mean to pass `assign=True` to assign items in the state dictionary to their corresponding key in the module instead of copying them in place?)
  module._load_from_state_dict(*args)
/scratch/jp09/dd9648/.venv-llava-video/lib64/python3.12/site-packages/transformers/modeling_utils.py:622: UserWarning: for vision_model.encoder.layers.24.mlp.fc2.bias: copying from a non-meta parameter in the checkpoint to a meta parameter in the current model, which is a no-op. (Did you mean to pass `assign=True` to assign items in the state dictionary to their corresponding key in the module instead of copying them in place?)
  module._load_from_state_dict(*args)
/scratch/jp09/dd9648/.venv-llava-video/lib64/python3.12/site-packages/transformers/modeling_utils.py:622: UserWarning: for vision_model.encoder.layers.24.layer_norm2.weight: copying from a non-meta parameter in the checkpoint to a meta parameter in the current model, which is a no-op. (Did you mean to pass `assign=True` to assign items in the state dictionary to their corresponding key in the module instead of copying them in place?)
  module._load_from_state_dict(*args)
/scratch/jp09/dd9648/.venv-llava-video/lib64/python3.12/site-packages/transformers/modeling_utils.py:622: UserWarning: for vision_model.encoder.layers.24.layer_norm2.bias: copying from a non-meta parameter in the checkpoint to a meta parameter in the current model, which is a no-op. (Did you mean to pass `assign=True` to assign items in the state dictionary to their corresponding key in the module instead of copying them in place?)
  module._load_from_state_dict(*args)
/scratch/jp09/dd9648/.venv-llava-video/lib64/python3.12/site-packages/transformers/modeling_utils.py:622: UserWarning: for vision_model.encoder.layers.25.self_attn.k_proj.weight: copying from a non-meta parameter in the checkpoint to a meta parameter in the current model, which is a no-op. (Did you mean to pass `assign=True` to assign items in the state dictionary to their corresponding key in the module instead of copying them in place?)
  module._load_from_state_dict(*args)
/scratch/jp09/dd9648/.venv-llava-video/lib64/python3.12/site-packages/transformers/modeling_utils.py:622: UserWarning: for vision_model.encoder.layers.25.self_attn.k_proj.bias: copying from a non-meta parameter in the checkpoint to a meta parameter in the current model, which is a no-op. (Did you mean to pass `assign=True` to assign items in the state dictionary to their corresponding key in the module instead of copying them in place?)
  module._load_from_state_dict(*args)
/scratch/jp09/dd9648/.venv-llava-video/lib64/python3.12/site-packages/transformers/modeling_utils.py:622: UserWarning: for vision_model.encoder.layers.25.self_attn.v_proj.weight: copying from a non-meta parameter in the checkpoint to a meta parameter in the current model, which is a no-op. (Did you mean to pass `assign=True` to assign items in the state dictionary to their corresponding key in the module instead of copying them in place?)
  module._load_from_state_dict(*args)
/scratch/jp09/dd9648/.venv-llava-video/lib64/python3.12/site-packages/transformers/modeling_utils.py:622: UserWarning: for vision_model.encoder.layers.25.self_attn.v_proj.bias: copying from a non-meta parameter in the checkpoint to a meta parameter in the current model, which is a no-op. (Did you mean to pass `assign=True` to assign items in the state dictionary to their corresponding key in the module instead of copying them in place?)
  module._load_from_state_dict(*args)
/scratch/jp09/dd9648/.venv-llava-video/lib64/python3.12/site-packages/transformers/modeling_utils.py:622: UserWarning: for vision_model.encoder.layers.25.self_attn.q_proj.weight: copying from a non-meta parameter in the checkpoint to a meta parameter in the current model, which is a no-op. (Did you mean to pass `assign=True` to assign items in the state dictionary to their corresponding key in the module instead of copying them in place?)
  module._load_from_state_dict(*args)
/scratch/jp09/dd9648/.venv-llava-video/lib64/python3.12/site-packages/transformers/modeling_utils.py:622: UserWarning: for vision_model.encoder.layers.25.self_attn.q_proj.bias: copying from a non-meta parameter in the checkpoint to a meta parameter in the current model, which is a no-op. (Did you mean to pass `assign=True` to assign items in the state dictionary to their corresponding key in the module instead of copying them in place?)
  module._load_from_state_dict(*args)
/scratch/jp09/dd9648/.venv-llava-video/lib64/python3.12/site-packages/transformers/modeling_utils.py:622: UserWarning: for vision_model.encoder.layers.25.self_attn.out_proj.weight: copying from a non-meta parameter in the checkpoint to a meta parameter in the current model, which is a no-op. (Did you mean to pass `assign=True` to assign items in the state dictionary to their corresponding key in the module instead of copying them in place?)
  module._load_from_state_dict(*args)
/scratch/jp09/dd9648/.venv-llava-video/lib64/python3.12/site-packages/transformers/modeling_utils.py:622: UserWarning: for vision_model.encoder.layers.25.self_attn.out_proj.bias: copying from a non-meta parameter in the checkpoint to a meta parameter in the current model, which is a no-op. (Did you mean to pass `assign=True` to assign items in the state dictionary to their corresponding key in the module instead of copying them in place?)
  module._load_from_state_dict(*args)
/scratch/jp09/dd9648/.venv-llava-video/lib64/python3.12/site-packages/transformers/modeling_utils.py:622: UserWarning: for vision_model.encoder.layers.25.layer_norm1.weight: copying from a non-meta parameter in the checkpoint to a meta parameter in the current model, which is a no-op. (Did you mean to pass `assign=True` to assign items in the state dictionary to their corresponding key in the module instead of copying them in place?)
  module._load_from_state_dict(*args)
/scratch/jp09/dd9648/.venv-llava-video/lib64/python3.12/site-packages/transformers/modeling_utils.py:622: UserWarning: for vision_model.encoder.layers.25.layer_norm1.bias: copying from a non-meta parameter in the checkpoint to a meta parameter in the current model, which is a no-op. (Did you mean to pass `assign=True` to assign items in the state dictionary to their corresponding key in the module instead of copying them in place?)
  module._load_from_state_dict(*args)
/scratch/jp09/dd9648/.venv-llava-video/lib64/python3.12/site-packages/transformers/modeling_utils.py:622: UserWarning: for vision_model.encoder.layers.25.mlp.fc1.weight: copying from a non-meta parameter in the checkpoint to a meta parameter in the current model, which is a no-op. (Did you mean to pass `assign=True` to assign items in the state dictionary to their corresponding key in the module instead of copying them in place?)
  module._load_from_state_dict(*args)
/scratch/jp09/dd9648/.venv-llava-video/lib64/python3.12/site-packages/transformers/modeling_utils.py:622: UserWarning: for vision_model.encoder.layers.25.mlp.fc1.bias: copying from a non-meta parameter in the checkpoint to a meta parameter in the current model, which is a no-op. (Did you mean to pass `assign=True` to assign items in the state dictionary to their corresponding key in the module instead of copying them in place?)
  module._load_from_state_dict(*args)
/scratch/jp09/dd9648/.venv-llava-video/lib64/python3.12/site-packages/transformers/modeling_utils.py:622: UserWarning: for vision_model.encoder.layers.25.mlp.fc2.weight: copying from a non-meta parameter in the checkpoint to a meta parameter in the current model, which is a no-op. (Did you mean to pass `assign=True` to assign items in the state dictionary to their corresponding key in the module instead of copying them in place?)
  module._load_from_state_dict(*args)
/scratch/jp09/dd9648/.venv-llava-video/lib64/python3.12/site-packages/transformers/modeling_utils.py:622: UserWarning: for vision_model.encoder.layers.25.mlp.fc2.bias: copying from a non-meta parameter in the checkpoint to a meta parameter in the current model, which is a no-op. (Did you mean to pass `assign=True` to assign items in the state dictionary to their corresponding key in the module instead of copying them in place?)
  module._load_from_state_dict(*args)
/scratch/jp09/dd9648/.venv-llava-video/lib64/python3.12/site-packages/transformers/modeling_utils.py:622: UserWarning: for vision_model.encoder.layers.25.layer_norm2.weight: copying from a non-meta parameter in the checkpoint to a meta parameter in the current model, which is a no-op. (Did you mean to pass `assign=True` to assign items in the state dictionary to their corresponding key in the module instead of copying them in place?)
  module._load_from_state_dict(*args)
/scratch/jp09/dd9648/.venv-llava-video/lib64/python3.12/site-packages/transformers/modeling_utils.py:622: UserWarning: for vision_model.encoder.layers.25.layer_norm2.bias: copying from a non-meta parameter in the checkpoint to a meta parameter in the current model, which is a no-op. (Did you mean to pass `assign=True` to assign items in the state dictionary to their corresponding key in the module instead of copying them in place?)
  module._load_from_state_dict(*args)
/scratch/jp09/dd9648/.venv-llava-video/lib64/python3.12/site-packages/transformers/modeling_utils.py:622: UserWarning: for vision_model.encoder.layers.26.self_attn.k_proj.weight: copying from a non-meta parameter in the checkpoint to a meta parameter in the current model, which is a no-op. (Did you mean to pass `assign=True` to assign items in the state dictionary to their corresponding key in the module instead of copying them in place?)
  module._load_from_state_dict(*args)
/scratch/jp09/dd9648/.venv-llava-video/lib64/python3.12/site-packages/transformers/modeling_utils.py:622: UserWarning: for vision_model.encoder.layers.26.self_attn.k_proj.bias: copying from a non-meta parameter in the checkpoint to a meta parameter in the current model, which is a no-op. (Did you mean to pass `assign=True` to assign items in the state dictionary to their corresponding key in the module instead of copying them in place?)
  module._load_from_state_dict(*args)
/scratch/jp09/dd9648/.venv-llava-video/lib64/python3.12/site-packages/transformers/modeling_utils.py:622: UserWarning: for vision_model.encoder.layers.26.self_attn.v_proj.weight: copying from a non-meta parameter in the checkpoint to a meta parameter in the current model, which is a no-op. (Did you mean to pass `assign=True` to assign items in the state dictionary to their corresponding key in the module instead of copying them in place?)
  module._load_from_state_dict(*args)
/scratch/jp09/dd9648/.venv-llava-video/lib64/python3.12/site-packages/transformers/modeling_utils.py:622: UserWarning: for vision_model.encoder.layers.26.self_attn.v_proj.bias: copying from a non-meta parameter in the checkpoint to a meta parameter in the current model, which is a no-op. (Did you mean to pass `assign=True` to assign items in the state dictionary to their corresponding key in the module instead of copying them in place?)
  module._load_from_state_dict(*args)
/scratch/jp09/dd9648/.venv-llava-video/lib64/python3.12/site-packages/transformers/modeling_utils.py:622: UserWarning: for vision_model.encoder.layers.26.self_attn.q_proj.weight: copying from a non-meta parameter in the checkpoint to a meta parameter in the current model, which is a no-op. (Did you mean to pass `assign=True` to assign items in the state dictionary to their corresponding key in the module instead of copying them in place?)
  module._load_from_state_dict(*args)
/scratch/jp09/dd9648/.venv-llava-video/lib64/python3.12/site-packages/transformers/modeling_utils.py:622: UserWarning: for vision_model.encoder.layers.26.self_attn.q_proj.bias: copying from a non-meta parameter in the checkpoint to a meta parameter in the current model, which is a no-op. (Did you mean to pass `assign=True` to assign items in the state dictionary to their corresponding key in the module instead of copying them in place?)
  module._load_from_state_dict(*args)
/scratch/jp09/dd9648/.venv-llava-video/lib64/python3.12/site-packages/transformers/modeling_utils.py:622: UserWarning: for vision_model.encoder.layers.26.self_attn.out_proj.weight: copying from a non-meta parameter in the checkpoint to a meta parameter in the current model, which is a no-op. (Did you mean to pass `assign=True` to assign items in the state dictionary to their corresponding key in the module instead of copying them in place?)
  module._load_from_state_dict(*args)
/scratch/jp09/dd9648/.venv-llava-video/lib64/python3.12/site-packages/transformers/modeling_utils.py:622: UserWarning: for vision_model.encoder.layers.26.self_attn.out_proj.bias: copying from a non-meta parameter in the checkpoint to a meta parameter in the current model, which is a no-op. (Did you mean to pass `assign=True` to assign items in the state dictionary to their corresponding key in the module instead of copying them in place?)
  module._load_from_state_dict(*args)
/scratch/jp09/dd9648/.venv-llava-video/lib64/python3.12/site-packages/transformers/modeling_utils.py:622: UserWarning: for vision_model.encoder.layers.26.layer_norm1.weight: copying from a non-meta parameter in the checkpoint to a meta parameter in the current model, which is a no-op. (Did you mean to pass `assign=True` to assign items in the state dictionary to their corresponding key in the module instead of copying them in place?)
  module._load_from_state_dict(*args)
/scratch/jp09/dd9648/.venv-llava-video/lib64/python3.12/site-packages/transformers/modeling_utils.py:622: UserWarning: for vision_model.encoder.layers.26.layer_norm1.bias: copying from a non-meta parameter in the checkpoint to a meta parameter in the current model, which is a no-op. (Did you mean to pass `assign=True` to assign items in the state dictionary to their corresponding key in the module instead of copying them in place?)
  module._load_from_state_dict(*args)
/scratch/jp09/dd9648/.venv-llava-video/lib64/python3.12/site-packages/transformers/modeling_utils.py:622: UserWarning: for vision_model.encoder.layers.26.mlp.fc1.weight: copying from a non-meta parameter in the checkpoint to a meta parameter in the current model, which is a no-op. (Did you mean to pass `assign=True` to assign items in the state dictionary to their corresponding key in the module instead of copying them in place?)
  module._load_from_state_dict(*args)
/scratch/jp09/dd9648/.venv-llava-video/lib64/python3.12/site-packages/transformers/modeling_utils.py:622: UserWarning: for vision_model.encoder.layers.26.mlp.fc1.bias: copying from a non-meta parameter in the checkpoint to a meta parameter in the current model, which is a no-op. (Did you mean to pass `assign=True` to assign items in the state dictionary to their corresponding key in the module instead of copying them in place?)
  module._load_from_state_dict(*args)
/scratch/jp09/dd9648/.venv-llava-video/lib64/python3.12/site-packages/transformers/modeling_utils.py:622: UserWarning: for vision_model.encoder.layers.26.mlp.fc2.weight: copying from a non-meta parameter in the checkpoint to a meta parameter in the current model, which is a no-op. (Did you mean to pass `assign=True` to assign items in the state dictionary to their corresponding key in the module instead of copying them in place?)
  module._load_from_state_dict(*args)
/scratch/jp09/dd9648/.venv-llava-video/lib64/python3.12/site-packages/transformers/modeling_utils.py:622: UserWarning: for vision_model.encoder.layers.26.mlp.fc2.bias: copying from a non-meta parameter in the checkpoint to a meta parameter in the current model, which is a no-op. (Did you mean to pass `assign=True` to assign items in the state dictionary to their corresponding key in the module instead of copying them in place?)
  module._load_from_state_dict(*args)
/scratch/jp09/dd9648/.venv-llava-video/lib64/python3.12/site-packages/transformers/modeling_utils.py:622: UserWarning: for vision_model.encoder.layers.26.layer_norm2.weight: copying from a non-meta parameter in the checkpoint to a meta parameter in the current model, which is a no-op. (Did you mean to pass `assign=True` to assign items in the state dictionary to their corresponding key in the module instead of copying them in place?)
  module._load_from_state_dict(*args)
/scratch/jp09/dd9648/.venv-llava-video/lib64/python3.12/site-packages/transformers/modeling_utils.py:622: UserWarning: for vision_model.encoder.layers.26.layer_norm2.bias: copying from a non-meta parameter in the checkpoint to a meta parameter in the current model, which is a no-op. (Did you mean to pass `assign=True` to assign items in the state dictionary to their corresponding key in the module instead of copying them in place?)
  module._load_from_state_dict(*args)
/scratch/jp09/dd9648/.venv-llava-video/lib64/python3.12/site-packages/transformers/modeling_utils.py:622: UserWarning: for vision_model.post_layernorm.weight: copying from a non-meta parameter in the checkpoint to a meta parameter in the current model, which is a no-op. (Did you mean to pass `assign=True` to assign items in the state dictionary to their corresponding key in the module instead of copying them in place?)
  module._load_from_state_dict(*args)
/scratch/jp09/dd9648/.venv-llava-video/lib64/python3.12/site-packages/transformers/modeling_utils.py:622: UserWarning: for vision_model.post_layernorm.bias: copying from a non-meta parameter in the checkpoint to a meta parameter in the current model, which is a no-op. (Did you mean to pass `assign=True` to assign items in the state dictionary to their corresponding key in the module instead of copying them in place?)
  module._load_from_state_dict(*args)
/scratch/jp09/dd9648/.venv-llava-video/lib64/python3.12/site-packages/transformers/modeling_utils.py:622: UserWarning: for vision_model.head.probe: copying from a non-meta parameter in the checkpoint to a meta parameter in the current model, which is a no-op. (Did you mean to pass `assign=True` to assign items in the state dictionary to their corresponding key in the module instead of copying them in place?)
  module._load_from_state_dict(*args)
/scratch/jp09/dd9648/.venv-llava-video/lib64/python3.12/site-packages/transformers/modeling_utils.py:622: UserWarning: for vision_model.head.attention.in_proj_weight: copying from a non-meta parameter in the checkpoint to a meta parameter in the current model, which is a no-op. (Did you mean to pass `assign=True` to assign items in the state dictionary to their corresponding key in the module instead of copying them in place?)
  module._load_from_state_dict(*args)
/scratch/jp09/dd9648/.venv-llava-video/lib64/python3.12/site-packages/transformers/modeling_utils.py:622: UserWarning: for vision_model.head.attention.in_proj_bias: copying from a non-meta parameter in the checkpoint to a meta parameter in the current model, which is a no-op. (Did you mean to pass `assign=True` to assign items in the state dictionary to their corresponding key in the module instead of copying them in place?)
  module._load_from_state_dict(*args)
/scratch/jp09/dd9648/.venv-llava-video/lib64/python3.12/site-packages/transformers/modeling_utils.py:622: UserWarning: for vision_model.head.attention.out_proj.weight: copying from a non-meta parameter in the checkpoint to a meta parameter in the current model, which is a no-op. (Did you mean to pass `assign=True` to assign items in the state dictionary to their corresponding key in the module instead of copying them in place?)
  module._load_from_state_dict(*args)
/scratch/jp09/dd9648/.venv-llava-video/lib64/python3.12/site-packages/transformers/modeling_utils.py:622: UserWarning: for vision_model.head.attention.out_proj.bias: copying from a non-meta parameter in the checkpoint to a meta parameter in the current model, which is a no-op. (Did you mean to pass `assign=True` to assign items in the state dictionary to their corresponding key in the module instead of copying them in place?)
  module._load_from_state_dict(*args)
/scratch/jp09/dd9648/.venv-llava-video/lib64/python3.12/site-packages/transformers/modeling_utils.py:622: UserWarning: for vision_model.head.layernorm.weight: copying from a non-meta parameter in the checkpoint to a meta parameter in the current model, which is a no-op. (Did you mean to pass `assign=True` to assign items in the state dictionary to their corresponding key in the module instead of copying them in place?)
  module._load_from_state_dict(*args)
/scratch/jp09/dd9648/.venv-llava-video/lib64/python3.12/site-packages/transformers/modeling_utils.py:622: UserWarning: for vision_model.head.layernorm.bias: copying from a non-meta parameter in the checkpoint to a meta parameter in the current model, which is a no-op. (Did you mean to pass `assign=True` to assign items in the state dictionary to their corresponding key in the module instead of copying them in place?)
  module._load_from_state_dict(*args)
/scratch/jp09/dd9648/.venv-llava-video/lib64/python3.12/site-packages/transformers/modeling_utils.py:622: UserWarning: for vision_model.head.mlp.fc1.weight: copying from a non-meta parameter in the checkpoint to a meta parameter in the current model, which is a no-op. (Did you mean to pass `assign=True` to assign items in the state dictionary to their corresponding key in the module instead of copying them in place?)
  module._load_from_state_dict(*args)
/scratch/jp09/dd9648/.venv-llava-video/lib64/python3.12/site-packages/transformers/modeling_utils.py:622: UserWarning: for vision_model.head.mlp.fc1.bias: copying from a non-meta parameter in the checkpoint to a meta parameter in the current model, which is a no-op. (Did you mean to pass `assign=True` to assign items in the state dictionary to their corresponding key in the module instead of copying them in place?)
  module._load_from_state_dict(*args)
/scratch/jp09/dd9648/.venv-llava-video/lib64/python3.12/site-packages/transformers/modeling_utils.py:622: UserWarning: for vision_model.head.mlp.fc2.weight: copying from a non-meta parameter in the checkpoint to a meta parameter in the current model, which is a no-op. (Did you mean to pass `assign=True` to assign items in the state dictionary to their corresponding key in the module instead of copying them in place?)
  module._load_from_state_dict(*args)
/scratch/jp09/dd9648/.venv-llava-video/lib64/python3.12/site-packages/transformers/modeling_utils.py:622: UserWarning: for vision_model.head.mlp.fc2.bias: copying from a non-meta parameter in the checkpoint to a meta parameter in the current model, which is a no-op. (Did you mean to pass `assign=True` to assign items in the state dictionary to their corresponding key in the module instead of copying them in place?)
  module._load_from_state_dict(*args)
{
  "config": "/scratch/jp09/dd9648/experiment_llava_video_dinoheal_vidhalluc_sth_v1.yaml",
  "jobs": [
    {
      "model": "llava-video-7b",
      "method": "dino_heal",
      "benchmark": "vidhalluc",
      "task": "sth",
      "status": "ready",
      "note": "Conditional CLIP contract has not been GPU-validated",
      "validation_override": true
    }
  ]
}
Please install pyav to use video processing functions.
Loaded LLaVA model: /scratch/jp09/dd9648/huggingface/LLaVA-Video-7B-Qwen2
Loading vision tower: google/siglip-so400m-patch14-384
Loading checkpoint shards:   0%|          | 0/4 [00:00<?, ?it/s]Loading checkpoint shards:  25%|██▌       | 1/4 [00:02<00:06,  2.21s/it]Loading checkpoint shards:  50%|█████     | 2/4 [00:04<00:04,  2.14s/it]Loading checkpoint shards:  75%|███████▌  | 3/4 [00:06<00:02,  2.14s/it]Loading checkpoint shards: 100%|██████████| 4/4 [00:07<00:00,  1.60s/it]Loading checkpoint shards: 100%|██████████| 4/4 [00:07<00:00,  1.80s/it]
Model Class: LlavaQwenForCausalLM
[2026-08-28 16:05:34] START llava-video-7b / dino_heal / vidhalluc / sth | total=445 | resume_valid=0 | limit=full
/scratch/jp09/dd9648/.venv-llava-video/lib64/python3.12/site-packages/transformers/generation/configuration_utils.py:492: UserWarning: `do_sample` is set to `False`. However, `temperature` is set to `0.0` -- this flag is only used in sample-based generation modes. You should set `do_sample=True` or unset `temperature`.
  warnings.warn(
/scratch/jp09/dd9648/.venv-llava-video/lib64/python3.12/site-packages/transformers/generation/configuration_utils.py:497: UserWarning: `do_sample` is set to `False`. However, `top_p` is set to `0.8` -- this flag is only used in sample-based generation modes. You should set `do_sample=True` or unset `top_p`.
  warnings.warn(
/scratch/jp09/dd9648/.venv-llava-video/lib64/python3.12/site-packages/transformers/generation/configuration_utils.py:509: UserWarning: `do_sample` is set to `False`. However, `top_k` is set to `20` -- this flag is only used in sample-based generation modes. You should set `do_sample=True` or unset `top_k`.
  warnings.warn(
[2026-08-28 16:05:49] DONE  vidhalluc 1/445 | new=1 | sample=sth:oL3BcY3CbYg_cp8t27oT_ww | parse=valid | correct=True | batch=1
[2026-08-28 16:05:58] DONE  vidhalluc 2/445 | new=2 | sample=sth:NAypGTZJhyE_Cis2EFd9m2U | parse=valid | correct=True | batch=1
[2026-08-28 16:06:07] DONE  vidhalluc 3/445 | new=3 | sample=sth:9kZgaZbDuqI_clip_1_5 | parse=valid | correct=False | batch=1
[2026-08-28 16:06:14] DONE  vidhalluc 4/445 | new=4 | sample=sth:0T45fkKkCCk_ABCUrbSmLuo | parse=valid | correct=True | batch=1
[2026-08-28 16:06:22] DONE  vidhalluc 5/445 | new=5 | sample=sth:Ztlcnd14Kn4_eFsDYomfkaQ | parse=valid | correct=True | batch=1
[2026-08-28 16:06:29] DONE  vidhalluc 6/445 | new=6 | sample=sth:5GQW_-DdCUg_pBpR17oDT8M | parse=valid | correct=True | batch=1
[2026-08-28 16:06:37] DONE  vidhalluc 7/445 | new=7 | sample=sth:c87PnAWDbOA_clip_3_7 | parse=valid | correct=False | batch=1
[2026-08-28 16:06:44] DONE  vidhalluc 8/445 | new=8 | sample=sth:fVxcaUv0jPE_jJBgSsVyQns | parse=valid | correct=True | batch=1
[2026-08-28 16:06:52] DONE  vidhalluc 9/445 | new=9 | sample=sth:Be0koDmxrtQ_clip_1_3 | parse=valid | correct=False | batch=1
[2026-08-28 16:07:00] DONE  vidhalluc 10/445 | new=10 | sample=sth:liuwUS5H1qY_clip_1_2 | parse=valid | correct=True | batch=1
[2026-08-28 16:07:08] DONE  vidhalluc 11/445 | new=11 | sample=sth:-UGmXiQ8yiY_baADET8QDUA | parse=valid | correct=True | batch=1
[2026-08-28 16:07:16] DONE  vidhalluc 12/445 | new=12 | sample=sth:baADET8QDUA_-1EXhfqLLwQ | parse=valid | correct=True | batch=1
[2026-08-28 16:07:23] DONE  vidhalluc 13/445 | new=13 | sample=sth:LnlYlMuX1Cc_clip_3_5 | parse=valid | correct=False | batch=1
[2026-08-28 16:07:33] DONE  vidhalluc 14/445 | new=14 | sample=sth:4GGUH7ykdCg_TYFkiyNIDWU | parse=valid | correct=True | batch=1
[2026-08-28 16:07:41] DONE  vidhalluc 15/445 | new=15 | sample=sth:1xjsM-I-KLI_clip_2_7 | parse=valid | correct=False | batch=1
[2026-08-28 16:07:49] DONE  vidhalluc 16/445 | new=16 | sample=sth:aOVPHKqKjyQ_NAypGTZJhyE | parse=valid | correct=True | batch=1
[2026-08-28 16:07:57] DONE  vidhalluc 17/445 | new=17 | sample=sth:7Fd7DjXMeaQ_clip_2_5 | parse=valid | correct=True | batch=1
[2026-08-28 16:08:06] DONE  vidhalluc 18/445 | new=18 | sample=sth:okJ-HfG41YQ_X1PrlTv4_jw | parse=valid | correct=True | batch=1
[2026-08-28 16:08:15] DONE  vidhalluc 19/445 | new=19 | sample=sth:K6Uk5vNi1_Q_clip_1_8 | parse=valid | correct=False | batch=1
[2026-08-28 16:08:24] DONE  vidhalluc 20/445 | new=20 | sample=sth:SMbC5fOIsok_Z2rMIZs3j8M | parse=valid | correct=True | batch=1
[2026-08-28 16:08:31] DONE  vidhalluc 21/445 | new=21 | sample=sth:-UYmhq3Rjtc_dB31Es7Z-iU | parse=valid | correct=True | batch=1
[2026-08-28 16:08:38] DONE  vidhalluc 22/445 | new=22 | sample=sth:YY8r5R_scho_-kkTpMU4QS8 | parse=valid | correct=True | batch=1
[2026-08-28 16:08:47] DONE  vidhalluc 23/445 | new=23 | sample=sth:p1-07VdP__Q_9UYLuL1Z1YQ | parse=valid | correct=True | batch=1
[2026-08-28 16:08:54] DONE  vidhalluc 24/445 | new=24 | sample=sth:US3ZL2zhXgI_D1Ck6nksu8s | parse=valid | correct=True | batch=1
[2026-08-28 16:09:02] DONE  vidhalluc 25/445 | new=25 | sample=sth:k7EVFW1nCNI_clip_2_3 | parse=valid | correct=True | batch=1
[2026-08-28 16:09:11] DONE  vidhalluc 26/445 | new=26 | sample=sth:Aww5-8rdUaU_Cis2EFd9m2U | parse=valid | correct=True | batch=1
[2026-08-28 16:09:18] DONE  vidhalluc 27/445 | new=27 | sample=sth:P7u38mPg_t0_7UyMHUvallQ | parse=valid | correct=True | batch=1
[2026-08-28 16:09:28] DONE  vidhalluc 28/445 | new=28 | sample=sth:12hZKc3FZOY_d6BOwxt0jg0 | parse=valid | correct=True | batch=1
[2026-08-28 16:09:40] DONE  vidhalluc 29/445 | new=29 | sample=sth:EzGGJLGgSl8_clip_4_6 | parse=valid | correct=True | batch=1
[2026-08-28 16:09:49] DONE  vidhalluc 30/445 | new=30 | sample=sth:d6BOwxt0jg0_UF9tmT1Cqg8 | parse=valid | correct=True | batch=1
[2026-08-28 16:10:01] DONE  vidhalluc 31/445 | new=31 | sample=sth:KUL6f9Q5ER4_clip_2_5 | parse=valid | correct=True | batch=1
[2026-08-28 16:10:08] DONE  vidhalluc 32/445 | new=32 | sample=sth:erFcYsC6JaY_YY8r5R_scho | parse=valid | correct=True | batch=1
[2026-08-28 16:10:15] DONE  vidhalluc 33/445 | new=33 | sample=sth:pBpR17oDT8M_5akzQ9B7na8 | parse=valid | correct=True | batch=1
[2026-08-28 16:10:27] DONE  vidhalluc 34/445 | new=34 | sample=sth:JQl2zaUGNSU_clip_1_3 | parse=valid | correct=False | batch=1
[2026-08-28 16:10:37] DONE  vidhalluc 35/445 | new=35 | sample=sth:G-vY8T7pSTM_clip_2_6 | parse=valid | correct=False | batch=1
[2026-08-28 16:10:44] DONE  vidhalluc 36/445 | new=36 | sample=sth:kIYqf7kHzFU_56oHsMiQ8QY | parse=valid | correct=True | batch=1
[2026-08-28 16:10:57] DONE  vidhalluc 37/445 | new=37 | sample=sth:KCIGy7lt_Og_clip_1_3 | parse=valid | correct=False | batch=1
[2026-08-28 16:11:04] DONE  vidhalluc 38/445 | new=38 | sample=sth:1eI2-vhs0YY_2N8j_VGCrbs | parse=valid | correct=True | batch=1
[2026-08-28 16:11:18] DONE  vidhalluc 39/445 | new=39 | sample=sth:tKWl-njXhP0_clip_3_8 | parse=valid | correct=False | batch=1
[2026-08-28 16:11:25] DONE  vidhalluc 40/445 | new=40 | sample=sth:80C4GZenjZY_JVByRyvvPNk | parse=valid | correct=True | batch=1
[2026-08-28 16:11:32] DONE  vidhalluc 41/445 | new=41 | sample=sth:cso2AXHdCOg_2N8j_VGCrbs | parse=valid | correct=True | batch=1
[2026-08-28 16:11:43] DONE  vidhalluc 42/445 | new=42 | sample=sth:zWHu95io9B4_clip_1_7 | parse=valid | correct=False | batch=1
[2026-08-28 16:11:51] DONE  vidhalluc 43/445 | new=43 | sample=sth:tcPeQKJMTOk_clip_1_4 | parse=valid | correct=False | batch=1
[2026-08-28 16:11:59] DONE  vidhalluc 44/445 | new=44 | sample=sth:Fa1c4qfBqzE_jYTg7dmsrpo | parse=valid | correct=True | batch=1
[2026-08-28 16:12:06] DONE  vidhalluc 45/445 | new=45 | sample=sth:fVxcaUv0jPE_phcb_32Cmbo | parse=valid | correct=True | batch=1
[2026-08-28 16:12:15] DONE  vidhalluc 46/445 | new=46 | sample=sth:BBFNKdwEA5w_M61Lfr2fI9s | parse=valid | correct=True | batch=1
[2026-08-28 16:12:23] DONE  vidhalluc 47/445 | new=47 | sample=sth:d6BOwxt0jg0_12hZKc3FZOY | parse=valid | correct=True | batch=1
[2026-08-28 16:12:33] DONE  vidhalluc 48/445 | new=48 | sample=sth:zbOnhbcikz0_clip_11_6 | parse=valid | correct=False | batch=1
[2026-08-28 16:12:40] DONE  vidhalluc 49/445 | new=49 | sample=sth:9-hB_1taG0o_clip_4_5 | parse=valid | correct=False | batch=1
[2026-08-28 16:12:47] DONE  vidhalluc 50/445 | new=50 | sample=sth:cCAct_Q8QTw_clip_1_2 | parse=valid | correct=True | batch=1
[2026-08-28 16:13:04] DONE  vidhalluc 51/445 | new=51 | sample=sth:wJ4b37dPlgI_clip_1_3 | parse=valid | correct=True | batch=1
[2026-08-28 16:13:13] DONE  vidhalluc 52/445 | new=52 | sample=sth:SwaMPxI4Nck_w575zJlpH5c | parse=valid | correct=True | batch=1
[2026-08-28 16:13:20] DONE  vidhalluc 53/445 | new=53 | sample=sth:Ek9VKTa-5gI_o9nKX542J9c | parse=valid | correct=True | batch=1
[2026-08-28 16:13:30] DONE  vidhalluc 54/445 | new=54 | sample=sth:SRdsaqpnfd4_clip_4_8 | parse=valid | correct=True | batch=1
[2026-08-28 16:13:38] DONE  vidhalluc 55/445 | new=55 | sample=sth:Z2rMIZs3j8M_SMbC5fOIsok | parse=valid | correct=True | batch=1
[2026-08-28 16:13:47] DONE  vidhalluc 56/445 | new=56 | sample=sth:BkjvDGA8_94_WkU6zXSeKH8 | parse=valid | correct=True | batch=1
[2026-08-28 16:13:54] DONE  vidhalluc 57/445 | new=57 | sample=sth:6psjy93yoTA_n9hp1D7WulI | parse=valid | correct=True | batch=1
[2026-08-28 16:14:03] DONE  vidhalluc 58/445 | new=58 | sample=sth:8Aw2iv6edkk_clip_2_9 | parse=valid | correct=False | batch=1
[2026-08-28 16:14:11] DONE  vidhalluc 59/445 | new=59 | sample=sth:yQW_wdSNINc_Cbp2CE9Zkeg | parse=valid | correct=True | batch=1
[2026-08-28 16:14:20] DONE  vidhalluc 60/445 | new=60 | sample=sth:Aww5-8rdUaU_aOVPHKqKjyQ | parse=valid | correct=True | batch=1
[2026-08-28 16:14:28] DONE  vidhalluc 61/445 | new=61 | sample=sth:zQFbu9kMk94_lQZKiYQjMro | parse=valid | correct=True | batch=1
[2026-08-28 16:14:36] DONE  vidhalluc 62/445 | new=62 | sample=sth:ksSC0Fnjg00_clip_5_7 | parse=valid | correct=False | batch=1
[2026-08-28 16:14:43] DONE  vidhalluc 63/445 | new=63 | sample=sth:PQpX_4LEFKA_enxoWn8D8Ts | parse=valid | correct=True | batch=1
[2026-08-28 16:14:50] DONE  vidhalluc 64/445 | new=64 | sample=sth:E0OTIGSB090_M61Lfr2fI9s | parse=valid | correct=True | batch=1
[2026-08-28 16:14:58] DONE  vidhalluc 65/445 | new=65 | sample=sth:Vyrq2i3R_Sk_clip_3_9 | parse=valid | correct=False | batch=1
[2026-08-28 16:15:06] DONE  vidhalluc 66/445 | new=66 | sample=sth:C1O7V0jiiNw_OJpQgSZ49tk | parse=valid | correct=True | batch=1
[2026-08-28 16:15:19] DONE  vidhalluc 67/445 | new=67 | sample=sth:8PFyEtZgSUs_clip_4_6 | parse=valid | correct=False | batch=1
[2026-08-28 16:15:27] DONE  vidhalluc 68/445 | new=68 | sample=sth:a33P6Woqnsk_clip_2_7 | parse=valid | correct=False | batch=1
[2026-08-28 16:15:36] DONE  vidhalluc 69/445 | new=69 | sample=sth:uUqFphdLQ6g_clip_1_4 | parse=valid | correct=False | batch=1
[2026-08-28 16:15:43] DONE  vidhalluc 70/445 | new=70 | sample=sth:aLnpHdhIqWE_gCHF0oBPZv8 | parse=valid | correct=True | batch=1
[2026-08-28 16:15:50] DONE  vidhalluc 71/445 | new=71 | sample=sth:I2AbLUtNSMI_clip_5_6 | parse=valid | correct=False | batch=1
[2026-08-28 16:15:57] DONE  vidhalluc 72/445 | new=72 | sample=sth:xQVmVBO8YJc_ky3NWEfOV4Y | parse=valid | correct=True | batch=1
[2026-08-28 16:16:06] DONE  vidhalluc 73/445 | new=73 | sample=sth:ztwD5V4fv54_IZmHbeWdsk8 | parse=valid | correct=True | batch=1
[2026-08-28 16:16:13] DONE  vidhalluc 74/445 | new=74 | sample=sth:VwBJ230pjSk_clip_3_7 | parse=valid | correct=False | batch=1
[2026-08-28 16:16:22] DONE  vidhalluc 75/445 | new=75 | sample=sth:fhAAzi6MSXw_2Cu_AdrrMks | parse=valid | correct=True | batch=1
[2026-08-28 16:16:31] DONE  vidhalluc 76/445 | new=76 | sample=sth:KOVw582M79I_F0iagDD7iQI | parse=valid | correct=True | batch=1
[2026-08-28 16:16:38] DONE  vidhalluc 77/445 | new=77 | sample=sth:qDXFW2kemrE_5GQW_-DdCUg | parse=valid | correct=True | batch=1
[2026-08-28 16:16:45] DONE  vidhalluc 78/445 | new=78 | sample=sth:o9nKX542J9c_Ek9VKTa-5gI | parse=valid | correct=True | batch=1
[2026-08-28 16:16:53] DONE  vidhalluc 79/445 | new=79 | sample=sth:TvQjlIaAssw_clip_4_5 | parse=valid | correct=False | batch=1
[2026-08-28 16:17:00] DONE  vidhalluc 80/445 | new=80 | sample=sth:2N8j_VGCrbs_cso2AXHdCOg | parse=valid | correct=True | batch=1
[2026-08-28 16:17:07] DONE  vidhalluc 81/445 | new=81 | sample=sth:qM87YLq8G8U_s1eMgmzCMDM | parse=valid | correct=True | batch=1
[2026-08-28 16:17:14] DONE  vidhalluc 82/445 | new=82 | sample=sth:ynrj3K7SF4E_V23UiMHeJF4 | parse=valid | correct=True | batch=1
[2026-08-28 16:17:22] DONE  vidhalluc 83/445 | new=83 | sample=sth:6D6wLmnNpY8_TYFkiyNIDWU | parse=valid | correct=True | batch=1
[2026-08-28 16:17:29] DONE  vidhalluc 84/445 | new=84 | sample=sth:sq7BX3A3QXQ_LTMCyU1OSi4 | parse=valid | correct=True | batch=1
[2026-08-28 16:17:38] DONE  vidhalluc 85/445 | new=85 | sample=sth:ofaghkdG2pU_clip_3_6 | parse=valid | correct=True | batch=1
[2026-08-28 16:17:47] DONE  vidhalluc 86/445 | new=86 | sample=sth:IZmHbeWdsk8_oZAgHL9zpGM | parse=valid | correct=True | batch=1
[2026-08-28 16:17:56] DONE  vidhalluc 87/445 | new=87 | sample=sth:0he6VV5Y9Bg_NOZsDTFLm7M | parse=valid | correct=True | batch=1
[2026-08-28 16:18:06] DONE  vidhalluc 88/445 | new=88 | sample=sth:zMrDtnzoSiw_clip_11_4 | parse=valid | correct=False | batch=1
[2026-08-28 16:18:13] DONE  vidhalluc 89/445 | new=89 | sample=sth:5akzQ9B7na8_pBpR17oDT8M | parse=valid | correct=True | batch=1
[2026-08-28 16:18:20] DONE  vidhalluc 90/445 | new=90 | sample=sth:elenxCpnd3M_1eI2-vhs0YY | parse=valid | correct=True | batch=1
[2026-08-28 16:18:30] DONE  vidhalluc 91/445 | new=91 | sample=sth:qxSUbk742Ag_clip_4_6 | parse=valid | correct=False | batch=1
[2026-08-28 16:18:37] DONE  vidhalluc 92/445 | new=92 | sample=sth:2N8j_VGCrbs_1eI2-vhs0YY | parse=valid | correct=True | batch=1
[2026-08-28 16:18:48] DONE  vidhalluc 93/445 | new=93 | sample=sth:UHmKlQ2OkTM_clip_10_4 | parse=valid | correct=False | batch=1
[2026-08-28 16:18:56] DONE  vidhalluc 94/445 | new=94 | sample=sth:VqhadF_q2Tw_5E_8bEnP43Y | parse=valid | correct=True | batch=1
[2026-08-28 16:19:03] DONE  vidhalluc 95/445 | new=95 | sample=sth:ux7HhOxMRE4_Cu3D2_yZsls | parse=valid | correct=True | batch=1
[2026-08-28 16:19:13] DONE  vidhalluc 96/445 | new=96 | sample=sth:F0iagDD7iQI_KOVw582M79I | parse=valid | correct=True | batch=1
[2026-08-28 16:19:23] DONE  vidhalluc 97/445 | new=97 | sample=sth:D95guPY38bc_clip_1_6 | parse=valid | correct=False | batch=1
[2026-08-28 16:19:31] DONE  vidhalluc 98/445 | new=98 | sample=sth:cwsDQ7M5OTI_clip_3_6 | parse=valid | correct=False | batch=1
[2026-08-28 16:19:38] DONE  vidhalluc 99/445 | new=99 | sample=sth:JNmvpzXCISY_um4-iLnrrXw | parse=valid | correct=True | batch=1
[2026-08-28 16:19:46] DONE  vidhalluc 100/445 | new=100 | sample=sth:Cu3D2_yZsls_ux7HhOxMRE4 | parse=valid | correct=True | batch=1
[2026-08-28 16:19:53] DONE  vidhalluc 101/445 | new=101 | sample=sth:-RZ01HFrafg_kjRaoBHgWXQ | parse=valid | correct=True | batch=1
[2026-08-28 16:20:00] DONE  vidhalluc 102/445 | new=102 | sample=sth:okJ-HfG41YQ_dIMdZ0USZsI | parse=valid | correct=True | batch=1
[2026-08-28 16:20:08] DONE  vidhalluc 103/445 | new=103 | sample=sth:R96CUaMwGME_clip_1_3 | parse=valid | correct=True | batch=1
[2026-08-28 16:20:16] DONE  vidhalluc 104/445 | new=104 | sample=sth:2VzLjiTGU9g_clip_1_6 | parse=valid | correct=False | batch=1
[2026-08-28 16:20:23] DONE  vidhalluc 105/445 | new=105 | sample=sth:jgeZjmXCDiw_clip_7_9 | parse=valid | correct=True | batch=1
[2026-08-28 16:20:31] DONE  vidhalluc 106/445 | new=106 | sample=sth:nzH74JoLMPI_clip_6_9 | parse=valid | correct=True | batch=1
[2026-08-28 16:20:38] DONE  vidhalluc 107/445 | new=107 | sample=sth:hRHKxyErgZw_do1y1bkL14M | parse=valid | correct=True | batch=1
[2026-08-28 16:20:45] DONE  vidhalluc 108/445 | new=108 | sample=sth:qwmcAKJ_Cew_s7XlNkUd-Kk | parse=valid | correct=True | batch=1
[2026-08-28 16:20:52] DONE  vidhalluc 109/445 | new=109 | sample=sth:V23UiMHeJF4_ynrj3K7SF4E | parse=valid | correct=True | batch=1
[2026-08-28 16:21:02] DONE  vidhalluc 110/445 | new=110 | sample=sth:esqgBv1AG1Q_clip_3_8 | parse=valid | correct=False | batch=1
[2026-08-28 16:21:11] DONE  vidhalluc 111/445 | new=111 | sample=sth:9RRHAydI_xk_clip_3_5 | parse=valid | correct=False | batch=1
[2026-08-28 16:21:19] DONE  vidhalluc 112/445 | new=112 | sample=sth:8-D_LgbKshE_B3q2wHpzhoM | parse=valid | correct=True | batch=1
[2026-08-28 16:21:27] DONE  vidhalluc 113/445 | new=113 | sample=sth:C_6yMh3tEQk_clip_1_7 | parse=valid | correct=False | batch=1
[2026-08-28 16:21:35] DONE  vidhalluc 114/445 | new=114 | sample=sth:umveZyJ1h1s_clip_12_2 | parse=valid | correct=False | batch=1
[2026-08-28 16:21:44] DONE  vidhalluc 115/445 | new=115 | sample=sth:EizSoy7Ztto_clip_6_8 | parse=valid | correct=False | batch=1
[2026-08-28 16:21:53] DONE  vidhalluc 116/445 | new=116 | sample=sth:DsKNKsXCLJw_clip_4_9 | parse=valid | correct=True | batch=1
[2026-08-28 16:22:02] DONE  vidhalluc 117/445 | new=117 | sample=sth:IZmHbeWdsk8_PcyETECSXGM | parse=valid | correct=True | batch=1
[2026-08-28 16:22:09] DONE  vidhalluc 118/445 | new=118 | sample=sth:tqwlTctyIEI_ABCUrbSmLuo | parse=valid | correct=True | batch=1
[2026-08-28 16:22:17] DONE  vidhalluc 119/445 | new=119 | sample=sth:xiiu9ua4MPE_clip_2_9 | parse=valid | correct=False | batch=1
[2026-08-28 16:22:25] DONE  vidhalluc 120/445 | new=120 | sample=sth:5WXA1R5jCvs_5akzQ9B7na8 | parse=valid | correct=True | batch=1
[2026-08-28 16:22:36] DONE  vidhalluc 121/445 | new=121 | sample=sth:6c7WtnF5XWg_clip_1_3 | parse=valid | correct=False | batch=1
[2026-08-28 16:22:45] DONE  vidhalluc 122/445 | new=122 | sample=sth:1BgVCXxPjIc_clip_3_4 | parse=valid | correct=False | batch=1
[2026-08-28 16:22:52] DONE  vidhalluc 123/445 | new=123 | sample=sth:-kkTpMU4QS8_qDXFW2kemrE | parse=valid | correct=True | batch=1
[2026-08-28 16:23:01] DONE  vidhalluc 124/445 | new=124 | sample=sth:dlZ8WXf3e_g_IZmHbeWdsk8 | parse=valid | correct=True | batch=1
[2026-08-28 16:23:11] DONE  vidhalluc 125/445 | new=125 | sample=sth:0VaYabFg-6E_clip_11_6 | parse=valid | correct=True | batch=1
[2026-08-28 16:23:19] DONE  vidhalluc 126/445 | new=126 | sample=sth:Cis2EFd9m2U_NAypGTZJhyE | parse=valid | correct=True | batch=1
[2026-08-28 16:23:27] DONE  vidhalluc 127/445 | new=127 | sample=sth:11Pn3yJifSQ_9_rQrzfoKGU | parse=valid | correct=True | batch=1
[2026-08-28 16:23:36] DONE  vidhalluc 128/445 | new=128 | sample=sth:LqCDIssigHo_clip_12_7 | parse=valid | correct=False | batch=1
[2026-08-28 16:23:44] DONE  vidhalluc 129/445 | new=129 | sample=sth:OJpQgSZ49tk_C1O7V0jiiNw | parse=valid | correct=True | batch=1
[2026-08-28 16:23:54] DONE  vidhalluc 130/445 | new=130 | sample=sth:_7biIt2WwFA_clip_1_3 | parse=valid | correct=False | batch=1
[2026-08-28 16:24:03] DONE  vidhalluc 131/445 | new=131 | sample=sth:v-GtKLHLmsU_clip_1_4 | parse=valid | correct=True | batch=1
[2026-08-28 16:24:11] DONE  vidhalluc 132/445 | new=132 | sample=sth:q838lUfyL-E_BvQz8thsH1A | parse=valid | correct=True | batch=1
[2026-08-28 16:24:18] DONE  vidhalluc 133/445 | new=133 | sample=sth:mYuaLETWuHo_5MFIVBfcVFE | parse=valid | correct=True | batch=1
[2026-08-28 16:24:25] DONE  vidhalluc 134/445 | new=134 | sample=sth:u2AaeUx5cMw_dB31Es7Z-iU | parse=valid | correct=True | batch=1
[2026-08-28 16:24:34] DONE  vidhalluc 135/445 | new=135 | sample=sth:J6j0B9hK2Sk_clip_3_8 | parse=valid | correct=False | batch=1
[2026-08-28 16:24:43] DONE  vidhalluc 136/445 | new=136 | sample=sth:WkU6zXSeKH8_BkjvDGA8_94 | parse=valid | correct=True | batch=1
[2026-08-28 16:24:50] DONE  vidhalluc 137/445 | new=137 | sample=sth:-kkTpMU4QS8_VXgDXrF6wKM | parse=valid | correct=True | batch=1
[2026-08-28 16:24:57] DONE  vidhalluc 138/445 | new=138 | sample=sth:HbeeisFR014_ynrj3K7SF4E | parse=valid | correct=True | batch=1
[2026-08-28 16:25:06] DONE  vidhalluc 139/445 | new=139 | sample=sth:CkBZ2aNBA0E_9Ijpv6e57a4 | parse=valid | correct=True | batch=1
[2026-08-28 16:25:13] DONE  vidhalluc 140/445 | new=140 | sample=sth:AEpS4UBE6ds_clip_3_8 | parse=valid | correct=False | batch=1
[2026-08-28 16:25:25] DONE  vidhalluc 141/445 | new=141 | sample=sth:XMX_DmycSY0_clip_2_5 | parse=valid | correct=False | batch=1
[2026-08-28 16:25:32] DONE  vidhalluc 142/445 | new=142 | sample=sth:GpvxsJ4afaQ_kIYqf7kHzFU | parse=valid | correct=True | batch=1
[2026-08-28 16:25:41] DONE  vidhalluc 143/445 | new=143 | sample=sth:L4tdvpago7s_clip_3_4 | parse=valid | correct=True | batch=1
[2026-08-28 16:25:48] DONE  vidhalluc 144/445 | new=144 | sample=sth:Fx4Ao1oF2kI_gvnuZxPdwPc | parse=valid | correct=True | batch=1
[2026-08-28 16:26:01] DONE  vidhalluc 145/445 | new=145 | sample=sth:45mgcWx16mM_clip_1_4 | parse=valid | correct=True | batch=1
[2026-08-28 16:26:10] DONE  vidhalluc 146/445 | new=146 | sample=sth:8OKAwDv20R8_Qt1aCUq51ns | parse=valid | correct=True | batch=1
[2026-08-28 16:26:17] DONE  vidhalluc 147/445 | new=147 | sample=sth:56oHsMiQ8QY_kIYqf7kHzFU | parse=valid | correct=True | batch=1
[2026-08-28 16:26:26] DONE  vidhalluc 148/445 | new=148 | sample=sth:Cis2EFd9m2U_Aww5-8rdUaU | parse=valid | correct=True | batch=1
[2026-08-28 16:26:34] DONE  vidhalluc 149/445 | new=149 | sample=sth:B3q2wHpzhoM_8-D_LgbKshE | parse=valid | correct=True | batch=1
[2026-08-28 16:26:43] DONE  vidhalluc 150/445 | new=150 | sample=sth:Cgyi5kaU7Qc_clip_11_7 | parse=valid | correct=True | batch=1
[2026-08-28 16:26:51] DONE  vidhalluc 151/445 | new=151 | sample=sth:MIexFfOsuJs_xNn2UdI-kvA | parse=valid | correct=True | batch=1
[2026-08-28 16:27:00] DONE  vidhalluc 152/445 | new=152 | sample=sth:M61Lfr2fI9s_BBFNKdwEA5w | parse=valid | correct=True | batch=1
[2026-08-28 16:27:09] DONE  vidhalluc 153/445 | new=153 | sample=sth:C67CT1mdkzI_clip_4_9 | parse=valid | correct=False | batch=1
[2026-08-28 16:27:16] DONE  vidhalluc 154/445 | new=154 | sample=sth:M61Lfr2fI9s_E0OTIGSB090 | parse=valid | correct=True | batch=1
[2026-08-28 16:27:24] DONE  vidhalluc 155/445 | new=155 | sample=sth:2aFTuTVFkEw_cp8t27oT_ww | parse=valid | correct=True | batch=1
[2026-08-28 16:27:34] DONE  vidhalluc 156/445 | new=156 | sample=sth:_HYoidFnb5w_clip_1_5 | parse=valid | correct=False | batch=1
[2026-08-28 16:27:43] DONE  vidhalluc 157/445 | new=157 | sample=sth:seLgqS2A_y0_clip_11_3 | parse=valid | correct=False | batch=1
[2026-08-28 16:27:54] DONE  vidhalluc 158/445 | new=158 | sample=sth:yLJMpYQg_gA_clip_2_4 | parse=valid | correct=False | batch=1
[2026-08-28 16:28:01] DONE  vidhalluc 159/445 | new=159 | sample=sth:-r1H8hBeYmw_s1eMgmzCMDM | parse=valid | correct=True | batch=1
[2026-08-28 16:28:08] DONE  vidhalluc 160/445 | new=160 | sample=sth:ABCUrbSmLuo_0T45fkKkCCk | parse=valid | correct=True | batch=1
[2026-08-28 16:28:16] DONE  vidhalluc 161/445 | new=161 | sample=sth:UfWND-lc4sc_clip_4_6 | parse=valid | correct=False | batch=1
[2026-08-28 16:28:23] DONE  vidhalluc 162/445 | new=162 | sample=sth:YY8r5R_scho_z6M5q5DhPQk | parse=valid | correct=True | batch=1
[2026-08-28 16:28:31] DONE  vidhalluc 163/445 | new=163 | sample=sth:baADET8QDUA_-UGmXiQ8yiY | parse=valid | correct=True | batch=1
[2026-08-28 16:28:39] DONE  vidhalluc 164/445 | new=164 | sample=sth:Tfd2Fhr1HrQ_qwmcAKJ_Cew | parse=valid | correct=True | batch=1
[2026-08-28 16:28:47] DONE  vidhalluc 165/445 | new=165 | sample=sth:mOl9Z3ophZA_y9na4SXQfFE | parse=valid | correct=True | batch=1
[2026-08-28 16:28:56] DONE  vidhalluc 166/445 | new=166 | sample=sth:B3SkK0wuOhY_y4rNFGnJKHc | parse=valid | correct=True | batch=1
[2026-08-28 16:29:05] DONE  vidhalluc 167/445 | new=167 | sample=sth:PcyETECSXGM_IZmHbeWdsk8 | parse=valid | correct=True | batch=1
[2026-08-28 16:29:14] DONE  vidhalluc 168/445 | new=168 | sample=sth:y4rNFGnJKHc_9_rQrzfoKGU | parse=valid | correct=True | batch=1
[2026-08-28 16:29:21] DONE  vidhalluc 169/445 | new=169 | sample=sth:AC4ITIdiccw_zj2G-KVw4N4 | parse=valid | correct=True | batch=1
[2026-08-28 16:29:28] DONE  vidhalluc 170/445 | new=170 | sample=sth:gCHF0oBPZv8_aLnpHdhIqWE | parse=valid | correct=True | batch=1
[2026-08-28 16:29:35] DONE  vidhalluc 171/445 | new=171 | sample=sth:kjRaoBHgWXQ_-RZ01HFrafg | parse=valid | correct=True | batch=1
[2026-08-28 16:29:43] DONE  vidhalluc 172/445 | new=172 | sample=sth:M8E0XaX0tR0_clip_1_7 | parse=valid | correct=True | batch=1
[2026-08-28 16:29:52] DONE  vidhalluc 173/445 | new=173 | sample=sth:2Cu_AdrrMks_fhAAzi6MSXw | parse=valid | correct=True | batch=1
[2026-08-28 16:30:00] DONE  vidhalluc 174/445 | new=174 | sample=sth:OJpQgSZ49tk_AiGGDpbgp6I | parse=valid | correct=True | batch=1
[2026-08-28 16:30:11] DONE  vidhalluc 175/445 | new=175 | sample=sth:BYoZz07Y_CY_clip_11_6 | parse=valid | correct=False | batch=1
[2026-08-28 16:30:19] DONE  vidhalluc 176/445 | new=176 | sample=sth:2Q-Nq6kxpfg_clip_3_9 | parse=valid | correct=False | batch=1
[2026-08-28 16:30:28] DONE  vidhalluc 177/445 | new=177 | sample=sth:ByNnZshszLM_yQDWqmzQ7RQ | parse=valid | correct=True | batch=1
[2026-08-28 16:30:35] DONE  vidhalluc 178/445 | new=178 | sample=sth:7oa5-ALkGY4_5akzQ9B7na8 | parse=valid | correct=True | batch=1
[2026-08-28 16:30:42] DONE  vidhalluc 179/445 | new=179 | sample=sth:LTMCyU1OSi4_sq7BX3A3QXQ | parse=valid | correct=True | batch=1
[2026-08-28 16:30:50] DONE  vidhalluc 180/445 | new=180 | sample=sth:D1pNWjRvzFs_clip_3_6 | parse=valid | correct=False | batch=1
[2026-08-28 16:30:57] DONE  vidhalluc 181/445 | new=181 | sample=sth:Cu3D2_yZsls_9ZHO8OLj8Mg | parse=valid | correct=True | batch=1
[2026-08-28 16:31:04] DONE  vidhalluc 182/445 | new=182 | sample=sth:3T9vSTxmwD0_WdIsOZQHeBY | parse=valid | correct=True | batch=1
[2026-08-28 16:31:15] DONE  vidhalluc 183/445 | new=183 | sample=sth:3rb_cevHS3c_clip_2_5 | parse=valid | correct=False | batch=1
[2026-08-28 16:31:25] DONE  vidhalluc 184/445 | new=184 | sample=sth:zia8N3EN69s_clip_10_2 | parse=valid | correct=False | batch=1
[2026-08-28 16:31:34] DONE  vidhalluc 185/445 | new=185 | sample=sth:M5TwnzHdT2Q_clip_1_6 | parse=valid | correct=False | batch=1
[2026-08-28 16:31:42] DONE  vidhalluc 186/445 | new=186 | sample=sth:AzhAMscTxyc_2N8j_VGCrbs | parse=valid | correct=True | batch=1
[2026-08-28 16:31:51] DONE  vidhalluc 187/445 | new=187 | sample=sth:zJoy52YuVXs_clip_1_5 | parse=valid | correct=False | batch=1
[2026-08-28 16:31:59] DONE  vidhalluc 188/445 | new=188 | sample=sth:GJzuTXdVQcE_clip_12_9 | parse=valid | correct=False | batch=1
[2026-08-28 16:32:08] DONE  vidhalluc 189/445 | new=189 | sample=sth:cxijjHcz70Q_clip_11_3 | parse=valid | correct=True | batch=1
[2026-08-28 16:32:16] DONE  vidhalluc 190/445 | new=190 | sample=sth:u7xQLvrmRUg_clip_4_5 | parse=valid | correct=False | batch=1
[2026-08-28 16:32:23] DONE  vidhalluc 191/445 | new=191 | sample=sth:enxoWn8D8Ts_PQpX_4LEFKA | parse=valid | correct=True | batch=1
[2026-08-28 16:32:32] DONE  vidhalluc 192/445 | new=192 | sample=sth:aotPPzd8T_c_clip_11_5 | parse=valid | correct=False | batch=1
[2026-08-28 16:32:40] DONE  vidhalluc 193/445 | new=193 | sample=sth:eWR6fgNWfqw_clip_4_6 | parse=valid | correct=True | batch=1
[2026-08-28 16:32:48] DONE  vidhalluc 194/445 | new=194 | sample=sth:H_9oM1Y60lU_clip_3_5 | parse=valid | correct=True | batch=1
[2026-08-28 16:32:55] DONE  vidhalluc 195/445 | new=195 | sample=sth:7UyMHUvallQ_P7u38mPg_t0 | parse=valid | correct=True | batch=1
[2026-08-28 16:33:06] DONE  vidhalluc 196/445 | new=196 | sample=sth:22qauL6BO8E_clip_3_4 | parse=valid | correct=False | batch=1
[2026-08-28 16:33:15] DONE  vidhalluc 197/445 | new=197 | sample=sth:aOVPHKqKjyQ_Aww5-8rdUaU | parse=valid | correct=True | batch=1
[2026-08-28 16:33:23] DONE  vidhalluc 198/445 | new=198 | sample=sth:TOle-ziRKN4_clip_4_6 | parse=valid | correct=False | batch=1
[2026-08-28 16:33:30] DONE  vidhalluc 199/445 | new=199 | sample=sth:qDXFW2kemrE_PQpX_4LEFKA | parse=valid | correct=True | batch=1
[2026-08-28 16:33:39] DONE  vidhalluc 200/445 | new=200 | sample=sth:yQDWqmzQ7RQ_ByNnZshszLM | parse=valid | correct=True | batch=1
[2026-08-28 16:33:48] DONE  vidhalluc 201/445 | new=201 | sample=sth:VJh-hIt_Oc0_clip_1_5 | parse=valid | correct=False | batch=1
[2026-08-28 16:33:56] DONE  vidhalluc 202/445 | new=202 | sample=sth:9_rQrzfoKGU_p4M4MV2IT88 | parse=valid | correct=True | batch=1
[2026-08-28 16:34:05] DONE  vidhalluc 203/445 | new=203 | sample=sth:NOZsDTFLm7M_0he6VV5Y9Bg | parse=valid | correct=True | batch=1
[2026-08-28 16:34:12] DONE  vidhalluc 204/445 | new=204 | sample=sth:N00bYlxRgnE_QFnwnAHcttY | parse=valid | correct=True | batch=1
[2026-08-28 16:34:19] DONE  vidhalluc 205/445 | new=205 | sample=sth:s1eMgmzCMDM_-r1H8hBeYmw | parse=valid | correct=True | batch=1
[2026-08-28 16:34:28] DONE  vidhalluc 206/445 | new=206 | sample=sth:X1PrlTv4_jw_okJ-HfG41YQ | parse=valid | correct=True | batch=1
[2026-08-28 16:34:35] DONE  vidhalluc 207/445 | new=207 | sample=sth:m20wLqgdmLY_clip_2_5 | parse=valid | correct=True | batch=1
[2026-08-28 16:34:46] DONE  vidhalluc 208/445 | new=208 | sample=sth:o4gTZoW0SXI_clip_1_3 | parse=valid | correct=False | batch=1
[2026-08-28 16:34:55] DONE  vidhalluc 209/445 | new=209 | sample=sth:9_rQrzfoKGU_y4rNFGnJKHc | parse=valid | correct=True | batch=1
[2026-08-28 16:35:02] DONE  vidhalluc 210/445 | new=210 | sample=sth:gvnuZxPdwPc_R7xk7Dyruq4 | parse=valid | correct=True | batch=1
[2026-08-28 16:35:11] DONE  vidhalluc 211/445 | new=211 | sample=sth:dB4SW9-y13U_clip_5_6 | parse=valid | correct=False | batch=1
[2026-08-28 16:35:19] DONE  vidhalluc 212/445 | new=212 | sample=sth:vNMdRjAdXPU_j4cF8QaWJGo | parse=valid | correct=True | batch=1
[2026-08-28 16:35:26] DONE  vidhalluc 213/445 | new=213 | sample=sth:Q3QQ8PbHwXo_P7u38mPg_t0 | parse=valid | correct=True | batch=1
[2026-08-28 16:35:38] DONE  vidhalluc 214/445 | new=214 | sample=sth:a0g9OPuNcwI_clip_5_9 | parse=valid | correct=False | batch=1
[2026-08-28 16:35:46] DONE  vidhalluc 215/445 | new=215 | sample=sth:Qt1aCUq51ns_8OKAwDv20R8 | parse=valid | correct=True | batch=1
[2026-08-28 16:35:53] DONE  vidhalluc 216/445 | new=216 | sample=sth:9DyTx0hvmqE__hi0fw2p5Gs | parse=valid | correct=True | batch=1
[2026-08-28 16:36:00] DONE  vidhalluc 217/445 | new=217 | sample=sth:IXaxTWwVXzo_Crv2VsMzfaE | parse=valid | correct=True | batch=1
[2026-08-28 16:36:08] DONE  vidhalluc 218/445 | new=218 | sample=sth:3iUxnUL_2tg_09aRpEfUxT0 | parse=valid | correct=True | batch=1
[2026-08-28 16:36:17] DONE  vidhalluc 219/445 | new=219 | sample=sth:I8ckIq2-j0k_clip_11_3 | parse=valid | correct=True | batch=1
[2026-08-28 16:36:24] DONE  vidhalluc 220/445 | new=220 | sample=sth:k_PX3Pa5GdY_clip_10_12 | parse=valid | correct=False | batch=1
[2026-08-28 16:36:34] DONE  vidhalluc 221/445 | new=221 | sample=sth:A68bBM_5wUY_clip_4_9 | parse=valid | correct=True | batch=1
[2026-08-28 16:36:47] DONE  vidhalluc 222/445 | new=222 | sample=sth:LRjJqoeprqg_clip_1_7 | parse=valid | correct=True | batch=1
[2026-08-28 16:36:54] DONE  vidhalluc 223/445 | new=223 | sample=sth:gvnuZxPdwPc_Fx4Ao1oF2kI | parse=valid | correct=True | batch=1
[2026-08-28 16:37:01] DONE  vidhalluc 224/445 | new=224 | sample=sth:E-J9vzpZFn4_sBPkw3u6yNg | parse=valid | correct=True | batch=1
[2026-08-28 16:37:08] DONE  vidhalluc 225/445 | new=225 | sample=sth:PQpX_4LEFKA_qDXFW2kemrE | parse=valid | correct=True | batch=1
[2026-08-28 16:37:18] DONE  vidhalluc 226/445 | new=226 | sample=sth:jpQBWsR3HHs_clip_1_9 | parse=valid | correct=False | batch=1
[2026-08-28 16:37:29] DONE  vidhalluc 227/445 | new=227 | sample=sth:KF6W7hSjLYI_clip_1_2 | parse=valid | correct=False | batch=1
[2026-08-28 16:37:38] DONE  vidhalluc 228/445 | new=228 | sample=sth:p4M4MV2IT88_9_rQrzfoKGU | parse=valid | correct=True | batch=1
[2026-08-28 16:37:48] DONE  vidhalluc 229/445 | new=229 | sample=sth:a4CrC2VFi_w_clip_1_7 | parse=valid | correct=False | batch=1
[2026-08-28 16:37:56] DONE  vidhalluc 230/445 | new=230 | sample=sth:hT8dAeHe7Ow_c9tRbWSk7c4 | parse=valid | correct=True | batch=1
[2026-08-28 16:38:03] DONE  vidhalluc 231/445 | new=231 | sample=sth:-1EXhfqLLwQ_baADET8QDUA | parse=valid | correct=True | batch=1
[2026-08-28 16:38:14] DONE  vidhalluc 232/445 | new=232 | sample=sth:Sg0RKVJm-94_clip_1_7 | parse=valid | correct=False | batch=1
[2026-08-28 16:38:22] DONE  vidhalluc 233/445 | new=233 | sample=sth:B7-kMmC8Tj8_clip_5_7 | parse=valid | correct=False | batch=1
[2026-08-28 16:38:30] DONE  vidhalluc 234/445 | new=234 | sample=sth:n9hp1D7WulI_6psjy93yoTA | parse=valid | correct=True | batch=1
[2026-08-28 16:38:38] DONE  vidhalluc 235/445 | new=235 | sample=sth:IZmHbeWdsk8_xaYfs3lr1jI | parse=valid | correct=True | batch=1
[2026-08-28 16:38:45] DONE  vidhalluc 236/445 | new=236 | sample=sth:8W82WdRBx4E_QFnwnAHcttY | parse=valid | correct=True | batch=1
[2026-08-28 16:38:55] DONE  vidhalluc 237/445 | new=237 | sample=sth:HxehEvClhQI_clip_4_5 | parse=valid | correct=True | batch=1
[2026-08-28 16:39:02] DONE  vidhalluc 238/445 | new=238 | sample=sth:ky3NWEfOV4Y_xQVmVBO8YJc | parse=valid | correct=True | batch=1
[2026-08-28 16:39:09] DONE  vidhalluc 239/445 | new=239 | sample=sth:jGlA7jMqfl0_FzdZ5lPvQEw | parse=valid | correct=True | batch=1
[2026-08-28 16:39:20] DONE  vidhalluc 240/445 | new=240 | sample=sth:gB6Fd4D697s_clip_2_5 | parse=valid | correct=True | batch=1
[2026-08-28 16:39:28] DONE  vidhalluc 241/445 | new=241 | sample=sth:cp8t27oT_ww_2aFTuTVFkEw | parse=valid | correct=True | batch=1
[2026-08-28 16:39:35] DONE  vidhalluc 242/445 | new=242 | sample=sth:Crv2VsMzfaE_IXaxTWwVXzo | parse=valid | correct=True | batch=1
[2026-08-28 16:39:45] DONE  vidhalluc 243/445 | new=243 | sample=sth:xfiIOUS6FpQ_clip_3_6 | parse=valid | correct=False | batch=1
[2026-08-28 16:39:52] DONE  vidhalluc 244/445 | new=244 | sample=sth:-kkTpMU4QS8_YY8r5R_scho | parse=valid | correct=True | batch=1
[2026-08-28 16:39:59] DONE  vidhalluc 245/445 | new=245 | sample=sth:v8WXRJNOt5w_56oHsMiQ8QY | parse=valid | correct=True | batch=1
[2026-08-28 16:40:07] DONE  vidhalluc 246/445 | new=246 | sample=sth:EOc8Xiezg8U_clip_2_8 | parse=valid | correct=False | batch=1
[2026-08-28 16:40:16] DONE  vidhalluc 247/445 | new=247 | sample=sth:oZAgHL9zpGM_IZmHbeWdsk8 | parse=valid | correct=True | batch=1
[2026-08-28 16:40:23] DONE  vidhalluc 248/445 | new=248 | sample=sth:zW4yoTwjtJs_clip_6_8 | parse=valid | correct=False | batch=1
[2026-08-28 16:40:30] DONE  vidhalluc 249/445 | new=249 | sample=sth:q8tvmz6bD1I_nyjXFx0GSX8 | parse=valid | correct=True | batch=1
[2026-08-28 16:40:39] DONE  vidhalluc 250/445 | new=250 | sample=sth:9Ijpv6e57a4_CkBZ2aNBA0E | parse=valid | correct=True | batch=1
[2026-08-28 16:40:47] DONE  vidhalluc 251/445 | new=251 | sample=sth:NwiypvZAymk_clip_11_6 | parse=valid | correct=False | batch=1
[2026-08-28 16:40:54] DONE  vidhalluc 252/445 | new=252 | sample=sth:Z_RF6ppPVKM_Q91SlWV-gqk | parse=valid | correct=True | batch=1
[2026-08-28 16:41:05] DONE  vidhalluc 253/445 | new=253 | sample=sth:_AZ5jo3y7V4_clip_2_5 | parse=valid | correct=False | batch=1
[2026-08-28 16:41:12] DONE  vidhalluc 254/445 | new=254 | sample=sth:5xogySLxeWQ_clip_2_9 | parse=valid | correct=False | batch=1
[2026-08-28 16:41:20] DONE  vidhalluc 255/445 | new=255 | sample=sth:sBPkw3u6yNg_E-J9vzpZFn4 | parse=valid | correct=True | batch=1
[2026-08-28 16:41:33] DONE  vidhalluc 256/445 | new=256 | sample=sth:MZj3qmpbXo8_clip_5_8 | parse=valid | correct=True | batch=1
[2026-08-28 16:41:42] DONE  vidhalluc 257/445 | new=257 | sample=sth:UF9tmT1Cqg8_d6BOwxt0jg0 | parse=valid | correct=True | batch=1
[2026-08-28 16:41:52] DONE  vidhalluc 258/445 | new=258 | sample=sth:hRHKxyErgZw_pNrjoDwCnik | parse=valid | correct=True | batch=1
[2026-08-28 16:42:02] DONE  vidhalluc 259/445 | new=259 | sample=sth:fSY-uG_uayI_clip_1_6 | parse=valid | correct=False | batch=1
[2026-08-28 16:42:10] DONE  vidhalluc 260/445 | new=260 | sample=sth:0xYOUNfzIn8_clip_14_5 | parse=valid | correct=False | batch=1
[2026-08-28 16:42:17] DONE  vidhalluc 261/445 | new=261 | sample=sth:VXgDXrF6wKM_-kkTpMU4QS8 | parse=valid | correct=True | batch=1
[2026-08-28 16:42:25] DONE  vidhalluc 262/445 | new=262 | sample=sth:UUlfKJ9M_pQ_clip_1_7 | parse=valid | correct=False | batch=1
[2026-08-28 16:42:32] DONE  vidhalluc 263/445 | new=263 | sample=sth:do1y1bkL14M_hRHKxyErgZw | parse=valid | correct=True | batch=1
[2026-08-28 16:42:41] DONE  vidhalluc 264/445 | new=264 | sample=sth:lQZKiYQjMro_zQFbu9kMk94 | parse=valid | correct=True | batch=1
[2026-08-28 16:42:48] DONE  vidhalluc 265/445 | new=265 | sample=sth:R7xk7Dyruq4_gvnuZxPdwPc | parse=valid | correct=True | batch=1
[2026-08-28 16:42:56] DONE  vidhalluc 266/445 | new=266 | sample=sth:Lp7-GR1vLwA_bqehV09nnKQ | parse=valid | correct=True | batch=1
[2026-08-28 16:43:03] DONE  vidhalluc 267/445 | new=267 | sample=sth:qwmcAKJ_Cew_Tfd2Fhr1HrQ | parse=valid | correct=True | batch=1
[2026-08-28 16:43:12] DONE  vidhalluc 268/445 | new=268 | sample=sth:xNn2UdI-kvA_MIexFfOsuJs | parse=valid | correct=True | batch=1
[2026-08-28 16:43:21] DONE  vidhalluc 269/445 | new=269 | sample=sth:kAD8FSnkm50_clip_4_9 | parse=valid | correct=True | batch=1
[2026-08-28 16:43:28] DONE  vidhalluc 270/445 | new=270 | sample=sth:FzdZ5lPvQEw_jGlA7jMqfl0 | parse=valid | correct=True | batch=1
[2026-08-28 16:43:37] DONE  vidhalluc 271/445 | new=271 | sample=sth:IZmHbeWdsk8_dlZ8WXf3e_g | parse=valid | correct=True | batch=1
[2026-08-28 16:43:44] DONE  vidhalluc 272/445 | new=272 | sample=sth:n9hp1D7WulI_szbrqFCLr1c | parse=valid | correct=True | batch=1
[2026-08-28 16:43:51] DONE  vidhalluc 273/445 | new=273 | sample=sth:5GQW_-DdCUg_qDXFW2kemrE | parse=valid | correct=True | batch=1
[2026-08-28 16:43:59] DONE  vidhalluc 274/445 | new=274 | sample=sth:xK8bGXuXO_Y_clip_1_2 | parse=valid | correct=True | batch=1
[2026-08-28 16:44:07] DONE  vidhalluc 275/445 | new=275 | sample=sth:1r7N-G4kYG8_clip_14_7 | parse=valid | correct=False | batch=1
[2026-08-28 16:44:14] DONE  vidhalluc 276/445 | new=276 | sample=sth:5MFIVBfcVFE_mYuaLETWuHo | parse=valid | correct=True | batch=1
[2026-08-28 16:44:23] DONE  vidhalluc 277/445 | new=277 | sample=sth:MgxOW8WLXh0_clip_2_6 | parse=valid | correct=False | batch=1
[2026-08-28 16:44:31] DONE  vidhalluc 278/445 | new=278 | sample=sth:_hi0fw2p5Gs_9DyTx0hvmqE | parse=valid | correct=True | batch=1
[2026-08-28 16:44:38] DONE  vidhalluc 279/445 | new=279 | sample=sth:xPn1SPvHim8_YY8r5R_scho | parse=valid | correct=True | batch=1
[2026-08-28 16:44:56] DONE  vidhalluc 280/445 | new=280 | sample=sth:QVIrvIjknv4_clip_5_9 | parse=valid | correct=True | batch=1
[2026-08-28 16:45:04] DONE  vidhalluc 281/445 | new=281 | sample=sth:jGC0VhFCk5Y_clip_2_4 | parse=valid | correct=False | batch=1
[2026-08-28 16:45:11] DONE  vidhalluc 282/445 | new=282 | sample=sth:dIMdZ0USZsI_okJ-HfG41YQ | parse=valid | correct=True | batch=1
[2026-08-28 16:45:20] DONE  vidhalluc 283/445 | new=283 | sample=sth:9zqwA2munL0_clip_10_3 | parse=valid | correct=False | batch=1
[2026-08-28 16:45:28] DONE  vidhalluc 284/445 | new=284 | sample=sth:APKue3kxJmg_clip_1_3 | parse=valid | correct=True | batch=1
[2026-08-28 16:45:36] DONE  vidhalluc 285/445 | new=285 | sample=sth:yQzUEWyn6SM_clip_1_3 | parse=valid | correct=False | batch=1
[2026-08-28 16:45:44] DONE  vidhalluc 286/445 | new=286 | sample=sth:J5d1-encXPk_mOl9Z3ophZA | parse=valid | correct=True | batch=1
[2026-08-28 16:45:54] DONE  vidhalluc 287/445 | new=287 | sample=sth:oKjZW0WTbNI_clip_2_3 | parse=valid | correct=False | batch=1
[2026-08-28 16:46:02] DONE  vidhalluc 288/445 | new=288 | sample=sth:0yT6ihPVX54_YY8r5R_scho | parse=valid | correct=True | batch=1
[2026-08-28 16:46:10] DONE  vidhalluc 289/445 | new=289 | sample=sth:sBPkw3u6yNg_SMbC5fOIsok | parse=valid | correct=True | batch=1
[2026-08-28 16:46:19] DONE  vidhalluc 290/445 | new=290 | sample=sth:w575zJlpH5c_SwaMPxI4Nck | parse=valid | correct=True | batch=1
[2026-08-28 16:46:26] DONE  vidhalluc 291/445 | new=291 | sample=sth:TeB5y-QmIHY_clip_1_6 | parse=valid | correct=True | batch=1
[2026-08-28 16:46:45] DONE  vidhalluc 292/445 | new=292 | sample=sth:a8oSlp9PCMg_clip_1_4 | parse=valid | correct=False | batch=1
[2026-08-28 16:46:56] DONE  vidhalluc 293/445 | new=293 | sample=sth:33OD9eIiTPI_clip_3_7 | parse=valid | correct=False | batch=1
[2026-08-28 16:47:03] DONE  vidhalluc 294/445 | new=294 | sample=sth:YY8r5R_scho_xPn1SPvHim8 | parse=valid | correct=True | batch=1
[2026-08-28 16:47:10] DONE  vidhalluc 295/445 | new=295 | sample=sth:KAQ6pA9r4wk_clip_2_6 | parse=valid | correct=False | batch=1
[2026-08-28 16:47:18] DONE  vidhalluc 296/445 | new=296 | sample=sth:QWhn9Ncvvso_clip_1_2 | parse=valid | correct=True | batch=1
[2026-08-28 16:47:26] DONE  vidhalluc 297/445 | new=297 | sample=sth:9UYLuL1Z1YQ_p1-07VdP__Q | parse=valid | correct=True | batch=1
[2026-08-28 16:47:33] DONE  vidhalluc 298/445 | new=298 | sample=sth:P2kW_zbZEyc_9YSvwsbk9Dw | parse=valid | correct=True | batch=1
[2026-08-28 16:47:40] DONE  vidhalluc 299/445 | new=299 | sample=sth:um4-iLnrrXw_JNmvpzXCISY | parse=valid | correct=True | batch=1
[2026-08-28 16:47:49] DONE  vidhalluc 300/445 | new=300 | sample=sth:IZmHbeWdsk8_ztwD5V4fv54 | parse=valid | correct=True | batch=1
[2026-08-28 16:47:57] DONE  vidhalluc 301/445 | new=301 | sample=sth:OT-kq11Q8fU_clip_10_7 | parse=valid | correct=False | batch=1
[2026-08-28 16:48:05] DONE  vidhalluc 302/445 | new=302 | sample=sth:5E_8bEnP43Y_FlR5CqxP9Bw | parse=valid | correct=True | batch=1
[2026-08-28 16:48:13] DONE  vidhalluc 303/445 | new=303 | sample=sth:E0OTIGSB090_EakI8v4Ztt4 | parse=valid | correct=True | batch=1
[2026-08-28 16:48:20] DONE  vidhalluc 304/445 | new=304 | sample=sth:Hq1VpGlNuTk_dOKfGfiqJns | parse=valid | correct=True | batch=1
[2026-08-28 16:48:29] DONE  vidhalluc 305/445 | new=305 | sample=sth:dxSSb3tv5ZM_clip_10_8 | parse=valid | correct=False | batch=1
[2026-08-28 16:48:37] DONE  vidhalluc 306/445 | new=306 | sample=sth:s1eMgmzCMDM_qM87YLq8G8U | parse=valid | correct=True | batch=1
[2026-08-28 16:48:44] DONE  vidhalluc 307/445 | new=307 | sample=sth:pBpR17oDT8M_5GQW_-DdCUg | parse=valid | correct=True | batch=1
[2026-08-28 16:48:52] DONE  vidhalluc 308/445 | new=308 | sample=sth:5E_8bEnP43Y_VqhadF_q2Tw | parse=valid | correct=True | batch=1
[2026-08-28 16:48:59] DONE  vidhalluc 309/445 | new=309 | sample=sth:56oHsMiQ8QY_v8WXRJNOt5w | parse=valid | correct=True | batch=1
[2026-08-28 16:49:07] DONE  vidhalluc 310/445 | new=310 | sample=sth:ucky1nWb7LY_clip_11_5 | parse=valid | correct=True | batch=1
[2026-08-28 16:49:16] DONE  vidhalluc 311/445 | new=311 | sample=sth:3UvluD_TEPg_clip_3_5 | parse=valid | correct=False | batch=1
[2026-08-28 16:49:23] DONE  vidhalluc 312/445 | new=312 | sample=sth:WdIsOZQHeBY_3T9vSTxmwD0 | parse=valid | correct=True | batch=1
[2026-08-28 16:49:30] DONE  vidhalluc 313/445 | new=313 | sample=sth:QFnwnAHcttY_N00bYlxRgnE | parse=valid | correct=True | batch=1
[2026-08-28 16:49:37] DONE  vidhalluc 314/445 | new=314 | sample=sth:7slwSfbxVQ8_clip_1_8 | parse=valid | correct=False | batch=1
[2026-08-28 16:49:44] DONE  vidhalluc 315/445 | new=315 | sample=sth:SZ7TtauNFRU_clip_13_7 | parse=valid | correct=False | batch=1
[2026-08-28 16:49:52] DONE  vidhalluc 316/445 | new=316 | sample=sth:afkfqCzgSzc_fqr6r501TLI | parse=valid | correct=True | batch=1
[2026-08-28 16:49:59] DONE  vidhalluc 317/445 | new=317 | sample=sth:dB31Es7Z-iU_u2AaeUx5cMw | parse=valid | correct=True | batch=1
[2026-08-28 16:50:06] DONE  vidhalluc 318/445 | new=318 | sample=sth:IdEZ7LvLZPE_clip_1_3 | parse=valid | correct=False | batch=1
[2026-08-28 16:50:14] DONE  vidhalluc 319/445 | new=319 | sample=sth:SlgRjEPUgnM_clip_2_4 | parse=valid | correct=True | batch=1
[2026-08-28 16:50:23] DONE  vidhalluc 320/445 | new=320 | sample=sth:BvQz8thsH1A_q838lUfyL-E | parse=valid | correct=True | batch=1
[2026-08-28 16:50:31] DONE  vidhalluc 321/445 | new=321 | sample=sth:zFKhct4g8as_clip_1_2 | parse=valid | correct=False | batch=1
[2026-08-28 16:50:39] DONE  vidhalluc 322/445 | new=322 | sample=sth:NAypGTZJhyE_aOVPHKqKjyQ | parse=valid | correct=True | batch=1
[2026-08-28 16:50:46] DONE  vidhalluc 323/445 | new=323 | sample=sth:-jZ_U3neOcI_clip_1_10 | parse=valid | correct=False | batch=1
[2026-08-28 16:50:55] DONE  vidhalluc 324/445 | new=324 | sample=sth:MBDYDoIbt5M_clip_2_9 | parse=valid | correct=False | batch=1
[2026-08-28 16:51:02] DONE  vidhalluc 325/445 | new=325 | sample=sth:phcb_32Cmbo_fVxcaUv0jPE | parse=valid | correct=True | batch=1
[2026-08-28 16:51:17] DONE  vidhalluc 326/445 | new=326 | sample=sth:foTy--iKmQ0_clip_1_7 | parse=valid | correct=False | batch=1
[2026-08-28 16:51:26] DONE  vidhalluc 327/445 | new=327 | sample=sth:oZAgHL9zpGM_cTHEyhCnf6M | parse=valid | correct=True | batch=1
[2026-08-28 16:51:33] DONE  vidhalluc 328/445 | new=328 | sample=sth:PrcZfyxcmwo_5GQW_-DdCUg | parse=valid | correct=True | batch=1
[2026-08-28 16:51:44] DONE  vidhalluc 329/445 | new=329 | sample=sth:lgg6luYfQ1w_clip_1_8 | parse=valid | correct=False | batch=1
[2026-08-28 16:51:54] DONE  vidhalluc 330/445 | new=330 | sample=sth:0O4bxhpFX9o_clip_1_4 | parse=valid | correct=True | batch=1
[2026-08-28 16:52:01] DONE  vidhalluc 331/445 | new=331 | sample=sth:EakI8v4Ztt4_E0OTIGSB090 | parse=valid | correct=True | batch=1
[2026-08-28 16:52:08] DONE  vidhalluc 332/445 | new=332 | sample=sth:TYFkiyNIDWU_6D6wLmnNpY8 | parse=valid | correct=True | batch=1
[2026-08-28 16:52:21] DONE  vidhalluc 333/445 | new=333 | sample=sth:_5T4SAo7S-E_clip_2_8 | parse=valid | correct=False | batch=1
[2026-08-28 16:52:28] DONE  vidhalluc 334/445 | new=334 | sample=sth:WkU6zXSeKH8_-qGd1JwYLbQ | parse=valid | correct=True | batch=1
[2026-08-28 16:52:35] DONE  vidhalluc 335/445 | new=335 | sample=sth:nyjXFx0GSX8_q8tvmz6bD1I | parse=valid | correct=True | batch=1
[2026-08-28 16:52:48] DONE  vidhalluc 336/445 | new=336 | sample=sth:COKrOqleb1k_clip_2_8 | parse=valid | correct=False | batch=1
[2026-08-28 16:52:56] DONE  vidhalluc 337/445 | new=337 | sample=sth:uroWqWuW97s_yBc60WlhyGo | parse=valid | correct=True | batch=1
[2026-08-28 16:53:04] DONE  vidhalluc 338/445 | new=338 | sample=sth:kIYqf7kHzFU_GpvxsJ4afaQ | parse=valid | correct=True | batch=1
[2026-08-28 16:53:13] DONE  vidhalluc 339/445 | new=339 | sample=sth:y9na4SXQfFE_mOl9Z3ophZA | parse=valid | correct=True | batch=1
[2026-08-28 16:53:20] DONE  vidhalluc 340/445 | new=340 | sample=sth:1eI2-vhs0YY_elenxCpnd3M | parse=valid | correct=True | batch=1
[2026-08-28 16:53:27] DONE  vidhalluc 341/445 | new=341 | sample=sth:2N8j_VGCrbs_AzhAMscTxyc | parse=valid | correct=True | batch=1
[2026-08-28 16:53:34] DONE  vidhalluc 342/445 | new=342 | sample=sth:c9tRbWSk7c4_hT8dAeHe7Ow | parse=valid | correct=True | batch=1
[2026-08-28 16:53:41] DONE  vidhalluc 343/445 | new=343 | sample=sth:09aRpEfUxT0_3iUxnUL_2tg | parse=valid | correct=True | batch=1
[2026-08-28 16:53:51] DONE  vidhalluc 344/445 | new=344 | sample=sth:bpsKpmyexUs_clip_1_2 | parse=valid | correct=False | batch=1
[2026-08-28 16:53:58] DONE  vidhalluc 345/445 | new=345 | sample=sth:fqr6r501TLI_afkfqCzgSzc | parse=valid | correct=True | batch=1
[2026-08-28 16:54:07] DONE  vidhalluc 346/445 | new=346 | sample=sth:2STASUlGAjs_0Hz4R_m0hmI | parse=valid | correct=True | batch=1
[2026-08-28 16:54:16] DONE  vidhalluc 347/445 | new=347 | sample=sth:e7sUV8nqs3k_clip_1_9 | parse=valid | correct=False | batch=1
[2026-08-28 16:54:23] DONE  vidhalluc 348/445 | new=348 | sample=sth:YY8r5R_scho_erFcYsC6JaY | parse=valid | correct=True | batch=1
[2026-08-28 16:54:32] DONE  vidhalluc 349/445 | new=349 | sample=sth:yBc60WlhyGo_uroWqWuW97s | parse=valid | correct=True | batch=1
[2026-08-28 16:54:39] DONE  vidhalluc 350/445 | new=350 | sample=sth:OKyOqfAeARQ_clip_2_9 | parse=valid | correct=True | batch=1
[2026-08-28 16:54:48] DONE  vidhalluc 351/445 | new=351 | sample=sth:TYFkiyNIDWU_4GGUH7ykdCg | parse=valid | correct=True | batch=1
[2026-08-28 16:54:55] DONE  vidhalluc 352/445 | new=352 | sample=sth:ynrj3K7SF4E_HbeeisFR014 | parse=valid | correct=True | batch=1
[2026-08-28 16:55:05] DONE  vidhalluc 353/445 | new=353 | sample=sth:83sNHrKGcqY_clip_1_7 | parse=valid | correct=True | batch=1
[2026-08-28 16:55:17] DONE  vidhalluc 354/445 | new=354 | sample=sth:y0c17Wxj_TI_clip_2_4 | parse=valid | correct=True | batch=1
[2026-08-28 16:55:28] DONE  vidhalluc 355/445 | new=355 | sample=sth:p8ZGmL-8w6E_clip_1_5 | parse=valid | correct=False | batch=1
[2026-08-28 16:55:36] DONE  vidhalluc 356/445 | new=356 | sample=sth:cp8t27oT_ww_oL3BcY3CbYg | parse=valid | correct=True | batch=1
[2026-08-28 16:55:43] DONE  vidhalluc 357/445 | new=357 | sample=sth:s7XlNkUd-Kk_qwmcAKJ_Cew | parse=valid | correct=True | batch=1
[2026-08-28 16:55:51] DONE  vidhalluc 358/445 | new=358 | sample=sth:yz99rVTwRTg_dIMdZ0USZsI | parse=valid | correct=True | batch=1
[2026-08-28 16:55:59] DONE  vidhalluc 359/445 | new=359 | sample=sth:AiGGDpbgp6I_OJpQgSZ49tk | parse=valid | correct=True | batch=1
[2026-08-28 16:56:12] DONE  vidhalluc 360/445 | new=360 | sample=sth:QtpJZHeoLGs_clip_1_8 | parse=valid | correct=True | batch=1
[2026-08-28 16:56:20] DONE  vidhalluc 361/445 | new=361 | sample=sth:SMbC5fOIsok_sBPkw3u6yNg | parse=valid | correct=True | batch=1
[2026-08-28 16:56:27] DONE  vidhalluc 362/445 | new=362 | sample=sth:pzbO6YfqYII_kj-ztpj4FO8 | parse=valid | correct=True | batch=1
[2026-08-28 16:56:35] DONE  vidhalluc 363/445 | new=363 | sample=sth:Iq1Sn9vERcU_clip_3_5 | parse=valid | correct=False | batch=1
[2026-08-28 16:56:45] DONE  vidhalluc 364/445 | new=364 | sample=sth:i_wZnw6f5Fw_clip_3_5 | parse=valid | correct=False | batch=1
[2026-08-28 16:56:53] DONE  vidhalluc 365/445 | new=365 | sample=sth:ipcvgAb5y0U_clip_3_8 | parse=valid | correct=False | batch=1
[2026-08-28 16:57:00] DONE  vidhalluc 366/445 | new=366 | sample=sth:56oHsMiQ8QY_4ynKNPBxypA | parse=valid | correct=True | batch=1
[2026-08-28 16:57:08] DONE  vidhalluc 367/445 | new=367 | sample=sth:oaOdliOVL6g_clip_2_4 | parse=valid | correct=False | batch=1
[2026-08-28 16:57:19] DONE  vidhalluc 368/445 | new=368 | sample=sth:65235CscqdQ_clip_2_4 | parse=valid | correct=False | batch=1
[2026-08-28 16:57:26] DONE  vidhalluc 369/445 | new=369 | sample=sth:qDXFW2kemrE_-kkTpMU4QS8 | parse=valid | correct=True | batch=1
[2026-08-28 16:57:35] DONE  vidhalluc 370/445 | new=370 | sample=sth:mOl9Z3ophZA_J5d1-encXPk | parse=valid | correct=True | batch=1
[2026-08-28 16:57:42] DONE  vidhalluc 371/445 | new=371 | sample=sth:9ZHO8OLj8Mg_Cu3D2_yZsls | parse=valid | correct=True | batch=1
[2026-08-28 16:57:51] DONE  vidhalluc 372/445 | new=372 | sample=sth:rT3Esab9zmU_clip_1_8 | parse=valid | correct=False | batch=1
[2026-08-28 16:57:58] DONE  vidhalluc 373/445 | new=373 | sample=sth:dB31Es7Z-iU_-UYmhq3Rjtc | parse=valid | correct=True | batch=1
[2026-08-28 16:58:07] DONE  vidhalluc 374/445 | new=374 | sample=sth:FQRC8urWpew_clip_7_8 | parse=valid | correct=False | batch=1
[2026-08-28 16:58:15] DONE  vidhalluc 375/445 | new=375 | sample=sth:xaYfs3lr1jI_IZmHbeWdsk8 | parse=valid | correct=True | batch=1
[2026-08-28 16:58:22] DONE  vidhalluc 376/445 | new=376 | sample=sth:Cbp2CE9Zkeg_yQW_wdSNINc | parse=valid | correct=True | batch=1
[2026-08-28 16:58:30] DONE  vidhalluc 377/445 | new=377 | sample=sth:RlKTsdaVUGQ_NOZsDTFLm7M | parse=valid | correct=True | batch=1
[2026-08-28 16:58:39] DONE  vidhalluc 378/445 | new=378 | sample=sth:0Hz4R_m0hmI_2STASUlGAjs | parse=valid | correct=True | batch=1
[2026-08-28 16:58:47] DONE  vidhalluc 379/445 | new=379 | sample=sth:R-_LEZ41Pt4_clip_2_6 | parse=valid | correct=True | batch=1
[2026-08-28 16:58:55] DONE  vidhalluc 380/445 | new=380 | sample=sth:4u1Cxoke6Co_clip_1_7 | parse=valid | correct=True | batch=1
[2026-08-28 16:59:02] DONE  vidhalluc 381/445 | new=381 | sample=sth:jJBgSsVyQns_fVxcaUv0jPE | parse=valid | correct=True | batch=1
[2026-08-28 16:59:09] DONE  vidhalluc 382/445 | new=382 | sample=sth:Xgp4BTstS20_clip_1_2 | parse=valid | correct=True | batch=1
[2026-08-28 16:59:19] DONE  vidhalluc 383/445 | new=383 | sample=sth:Ba2xxUXJ90w_clip_10_3 | parse=valid | correct=False | batch=1
[2026-08-28 16:59:27] DONE  vidhalluc 384/445 | new=384 | sample=sth:y4rNFGnJKHc_B3SkK0wuOhY | parse=valid | correct=True | batch=1
[2026-08-28 16:59:35] DONE  vidhalluc 385/445 | new=385 | sample=sth:9_rQrzfoKGU_11Pn3yJifSQ | parse=valid | correct=True | batch=1
[2026-08-28 16:59:47] DONE  vidhalluc 386/445 | new=386 | sample=sth:sJVn7H0pQRw_clip_1_3 | parse=valid | correct=False | batch=1
[2026-08-28 16:59:56] DONE  vidhalluc 387/445 | new=387 | sample=sth:cTHEyhCnf6M_oZAgHL9zpGM | parse=valid | correct=True | batch=1
[2026-08-28 17:00:04] DONE  vidhalluc 388/445 | new=388 | sample=sth:j4cF8QaWJGo_vNMdRjAdXPU | parse=valid | correct=True | batch=1
[2026-08-28 17:00:14] DONE  vidhalluc 389/445 | new=389 | sample=sth:pUmjiLjhxgc_clip_12_3 | parse=valid | correct=False | batch=1
[2026-08-28 17:00:21] DONE  vidhalluc 390/445 | new=390 | sample=sth:9dheYccfQWo_xHTMsmh7keA | parse=valid | correct=True | batch=1
[2026-08-28 17:00:30] DONE  vidhalluc 391/445 | new=391 | sample=sth:QDTCAxyXt80_OJpQgSZ49tk | parse=valid | correct=True | batch=1
[2026-08-28 17:00:42] DONE  vidhalluc 392/445 | new=392 | sample=sth:LSOdpif-DCc_clip_2_9 | parse=valid | correct=False | batch=1
[2026-08-28 17:00:54] DONE  vidhalluc 393/445 | new=393 | sample=sth:29aDIi7qxXY_clip_3_4 | parse=valid | correct=False | batch=1
[2026-08-28 17:01:02] DONE  vidhalluc 394/445 | new=394 | sample=sth:u8mJfN9TBkY_clip_1_6 | parse=valid | correct=True | batch=1
[2026-08-28 17:01:11] DONE  vidhalluc 395/445 | new=395 | sample=sth:GnbcTbVhG10_clip_2_8 | parse=valid | correct=True | batch=1
[2026-08-28 17:01:18] DONE  vidhalluc 396/445 | new=396 | sample=sth:Q91SlWV-gqk_Z_RF6ppPVKM | parse=valid | correct=True | batch=1
[2026-08-28 17:01:29] DONE  vidhalluc 397/445 | new=397 | sample=sth:QS0I7mLQIgc_clip_13_2 | parse=valid | correct=False | batch=1
[2026-08-28 17:01:39] DONE  vidhalluc 398/445 | new=398 | sample=sth:T9YvpcxCC2I_clip_1_4 | parse=valid | correct=True | batch=1
[2026-08-28 17:01:47] DONE  vidhalluc 399/445 | new=399 | sample=sth:FlR5CqxP9Bw_5E_8bEnP43Y | parse=valid | correct=True | batch=1
[2026-08-28 17:01:55] DONE  vidhalluc 400/445 | new=400 | sample=sth:EZKU6KK7e-4_clip_2_6 | parse=valid | correct=False | batch=1
[2026-08-28 17:02:02] DONE  vidhalluc 401/445 | new=401 | sample=sth:jYTg7dmsrpo_Fa1c4qfBqzE | parse=valid | correct=True | batch=1
[2026-08-28 17:02:13] DONE  vidhalluc 402/445 | new=402 | sample=sth:s99K_WyajB8_clip_6_8 | parse=valid | correct=False | batch=1
[2026-08-28 17:02:20] DONE  vidhalluc 403/445 | new=403 | sample=sth:szbrqFCLr1c_n9hp1D7WulI | parse=valid | correct=True | batch=1
[2026-08-28 17:02:27] DONE  vidhalluc 404/445 | new=404 | sample=sth:D1Ck6nksu8s_US3ZL2zhXgI | parse=valid | correct=True | batch=1
[2026-08-28 17:02:34] DONE  vidhalluc 405/445 | new=405 | sample=sth:9YSvwsbk9Dw_P2kW_zbZEyc | parse=valid | correct=True | batch=1
[2026-08-28 17:02:41] DONE  vidhalluc 406/445 | new=406 | sample=sth:eFsDYomfkaQ_Ztlcnd14Kn4 | parse=valid | correct=True | batch=1
[2026-08-28 17:02:48] DONE  vidhalluc 407/445 | new=407 | sample=sth:5akzQ9B7na8_5WXA1R5jCvs | parse=valid | correct=True | batch=1
[2026-08-28 17:02:59] DONE  vidhalluc 408/445 | new=408 | sample=sth:7ghf2NpsdcM_clip_2_5 | parse=valid | correct=False | batch=1
[2026-08-28 17:03:07] DONE  vidhalluc 409/445 | new=409 | sample=sth:bqehV09nnKQ_Lp7-GR1vLwA | parse=valid | correct=True | batch=1
[2026-08-28 17:03:15] DONE  vidhalluc 410/445 | new=410 | sample=sth:OL_bDVVxmwA_clip_3_8 | parse=valid | correct=True | batch=1
[2026-08-28 17:03:22] DONE  vidhalluc 411/445 | new=411 | sample=sth:dOKfGfiqJns_Hq1VpGlNuTk | parse=valid | correct=True | batch=1
[2026-08-28 17:03:29] DONE  vidhalluc 412/445 | new=412 | sample=sth:kj-ztpj4FO8_pzbO6YfqYII | parse=valid | correct=True | batch=1
[2026-08-28 17:03:39] DONE  vidhalluc 413/445 | new=413 | sample=sth:Fp_d1SlbG_0_clip_2_4 | parse=valid | correct=False | batch=1
[2026-08-28 17:03:46] DONE  vidhalluc 414/445 | new=414 | sample=sth:xHTMsmh7keA_9dheYccfQWo | parse=valid | correct=True | batch=1
[2026-08-28 17:03:54] DONE  vidhalluc 415/445 | new=415 | sample=sth:6KCWzRfFyr4_clip_10_6 | parse=valid | correct=False | batch=1
[2026-08-28 17:04:08] DONE  vidhalluc 416/445 | new=416 | sample=sth:cVUMbDi51ZQ_clip_1_7 | parse=valid | correct=False | batch=1
[2026-08-28 17:04:16] DONE  vidhalluc 417/445 | new=417 | sample=sth:JzU12Qf5FPg_clip_3_5 | parse=valid | correct=False | batch=1
[2026-08-28 17:04:23] DONE  vidhalluc 418/445 | new=418 | sample=sth:4ynKNPBxypA_56oHsMiQ8QY | parse=valid | correct=True | batch=1
[2026-08-28 17:04:31] DONE  vidhalluc 419/445 | new=419 | sample=sth:z6M5q5DhPQk_YY8r5R_scho | parse=valid | correct=True | batch=1
[2026-08-28 17:04:38] DONE  vidhalluc 420/445 | new=420 | sample=sth:dIMdZ0USZsI_yz99rVTwRTg | parse=valid | correct=True | batch=1
[2026-08-28 17:04:45] DONE  vidhalluc 421/445 | new=421 | sample=sth:zj2G-KVw4N4_AC4ITIdiccw | parse=valid | correct=True | batch=1
[2026-08-28 17:04:53] DONE  vidhalluc 422/445 | new=422 | sample=sth:NOZsDTFLm7M_RlKTsdaVUGQ | parse=valid | correct=True | batch=1
[2026-08-28 17:05:00] DONE  vidhalluc 423/445 | new=423 | sample=sth:5akzQ9B7na8_7oa5-ALkGY4 | parse=valid | correct=True | batch=1
[2026-08-28 17:05:07] DONE  vidhalluc 424/445 | new=424 | sample=sth:QFnwnAHcttY_8W82WdRBx4E | parse=valid | correct=True | batch=1
[2026-08-28 17:05:18] DONE  vidhalluc 425/445 | new=425 | sample=sth:hXkepSgN_zo_clip_3_5 | parse=valid | correct=False | batch=1
[2026-08-28 17:05:26] DONE  vidhalluc 426/445 | new=426 | sample=sth:IW096cyCuaY_clip_2_4 | parse=valid | correct=False | batch=1
[2026-08-28 17:05:35] DONE  vidhalluc 427/445 | new=427 | sample=sth:Bts6MvK8f9k_clip_2_7 | parse=valid | correct=True | batch=1
[2026-08-28 17:05:45] DONE  vidhalluc 428/445 | new=428 | sample=sth:WesunejhXFI_clip_4_5 | parse=valid | correct=True | batch=1
[2026-08-28 17:05:53] DONE  vidhalluc 429/445 | new=429 | sample=sth:UVHIuuQ0-nA_clip_2_3 | parse=valid | correct=True | batch=1
[2026-08-28 17:06:02] DONE  vidhalluc 430/445 | new=430 | sample=sth:OJpQgSZ49tk_QDTCAxyXt80 | parse=valid | correct=True | batch=1
[2026-08-28 17:06:12] DONE  vidhalluc 431/445 | new=431 | sample=sth:RUnYJCdTLiY_clip_3_5 | parse=valid | correct=False | batch=1
[2026-08-28 17:06:22] DONE  vidhalluc 432/445 | new=432 | sample=sth:CvSyuGqTrqk_clip_5_9 | parse=valid | correct=False | batch=1
[2026-08-28 17:06:29] DONE  vidhalluc 433/445 | new=433 | sample=sth:JVByRyvvPNk_80C4GZenjZY | parse=valid | correct=True | batch=1
[2026-08-28 17:06:38] DONE  vidhalluc 434/445 | new=434 | sample=sth:pNrjoDwCnik_hRHKxyErgZw | parse=valid | correct=True | batch=1
[2026-08-28 17:06:46] DONE  vidhalluc 435/445 | new=435 | sample=sth:aCZPq6uRZa4_clip_4_5 | parse=valid | correct=False | batch=1
[2026-08-28 17:07:04] DONE  vidhalluc 436/445 | new=436 | sample=sth:Zoud8fEbWhE_clip_3_5 | parse=valid | correct=False | batch=1
[2026-08-28 17:07:11] DONE  vidhalluc 437/445 | new=437 | sample=sth:5GQW_-DdCUg_PrcZfyxcmwo | parse=valid | correct=True | batch=1
[2026-08-28 17:07:24] DONE  vidhalluc 438/445 | new=438 | sample=sth:qtyJmyLVclQ_clip_4_5 | parse=valid | correct=True | batch=1
[2026-08-28 17:07:32] DONE  vidhalluc 439/445 | new=439 | sample=sth:iEDDZvKZLMk_clip_4_5 | parse=valid | correct=False | batch=1
[2026-08-28 17:07:39] DONE  vidhalluc 440/445 | new=440 | sample=sth:P7u38mPg_t0_Q3QQ8PbHwXo | parse=valid | correct=True | batch=1
[2026-08-28 17:07:46] DONE  vidhalluc 441/445 | new=441 | sample=sth:9cDDAEsdb7A_clip_1_7 | parse=valid | correct=False | batch=1
[2026-08-28 17:07:55] DONE  vidhalluc 442/445 | new=442 | sample=sth:DErbTrN8v1M_clip_4_9 | parse=valid | correct=False | batch=1
[2026-08-28 17:08:02] DONE  vidhalluc 443/445 | new=443 | sample=sth:ABCUrbSmLuo_tqwlTctyIEI | parse=valid | correct=True | batch=1
[2026-08-28 17:08:09] DONE  vidhalluc 444/445 | new=444 | sample=sth:-qGd1JwYLbQ_WkU6zXSeKH8 | parse=valid | correct=True | batch=1
[2026-08-28 17:08:16] DONE  vidhalluc 445/445 | new=445 | sample=sth:YY8r5R_scho_0yT6ihPVX54 | parse=valid | correct=True | batch=1
[2026-08-28 17:08:16] END   llava-video-7b / dino_heal / vidhalluc / sth | wrote=445 total records
[2026-08-28 17:08:16] AGGREGATED metrics -> /scratch/jp09/dd9648/video-hallucination-benchmark/results/metrics/llava_video_dinoheal_vidhalluc_sth_v1.metrics.json | table -> /scratch/jp09/dd9648/video-hallucination-benchmark/results/tables/llava_video_dinoheal_vidhalluc_sth_v1.results.csv
{
  "executed": [
    {
      "job": {
        "model": "llava-video-7b",
        "method": "dino_heal",
        "benchmark": "vidhalluc",
        "task": "sth",
        "status": "ready",
        "note": "Conditional CLIP contract has not been GPU-validated",
        "validation_override": true
      },
      "predictions": "/scratch/jp09/dd9648/video-hallucination-benchmark/results/raw/llava_video_dinoheal_vidhalluc_sth_v1__llava-video-7b__dino_heal__vidhalluc__sth.jsonl",
      "summary": "/scratch/jp09/dd9648/video-hallucination-benchmark/results/summary/llava_video_dinoheal_vidhalluc_sth_v1__llava-video-7b__dino_heal__vidhalluc__sth.summary.json",
      "manifest": "/scratch/jp09/dd9648/video-hallucination-benchmark/manifests/llava_video_dinoheal_vidhalluc_sth_v1__llava-video-7b__dino_heal__vidhalluc__sth.manifest.jsonl",
      "n_new_records": 445,
      "n_total_samples": 445
    }
  ],
  "artifacts": {
    "metrics_json": "/scratch/jp09/dd9648/video-hallucination-benchmark/results/metrics/llava_video_dinoheal_vidhalluc_sth_v1.metrics.json",
    "results_csv": "/scratch/jp09/dd9648/video-hallucination-benchmark/results/tables/llava_video_dinoheal_vidhalluc_sth_v1.results.csv",
    "results_md": "/scratch/jp09/dd9648/video-hallucination-benchmark/results/tables/llava_video_dinoheal_vidhalluc_sth_v1.results.md"
  }
}
