sample_id,model,method,ground_truth,raw_model_output,local_prediction,official_prediction,diagnostic_prediction,parse_status,original_parser_status,correct_status,parser_difference,original_parser_error,failure_stage,runtime_error
tsh:1,qwen2.5-vl-7b,dino_heal,BA,The action that happens first is Action A: cleaning the sinks.,A,AB,,valid,valid,False,True,,,
tsh:2,qwen2.5-vl-7b,dino_heal,AB,"The actions in the video occur in the following order:

1. Action A: powdering hands
2. Action B: holding the barbell

The weightlifter first powders his hands with chalk to improve his grip on the barbell, then he holds the barbell.",AB,AB,AB,valid,valid,True,False,,,
tsh:3,qwen2.5-vl-7b,dino_heal,AB,"The actions in the video occur in the following order:

1. Action A: fencing
2. Action B: playing table tennis

So, Action A happens before Action B.",ABAB,ABAB,AB,valid,valid,False,False,,,
tsh:4,qwen2.5-vl-7b,dino_heal,BA,"The sequence of actions in the video is as follows:

1. Action B: washing dishes
2. Action A: placing clean dishes on the dish rack

The person is first seen washing dishes, and then placing them on the dish rack.",BA,BA,BA,valid,valid,True,False,,,
tsh:5,qwen2.5-vl-7b,dino_heal,AB,"The actions in the video occur in the following order:

1. Action A: skateboarding on the road
2. Action B: windsurfing

So, Action A happens before Action B.",ABAB,ABAB,AB,valid,valid,False,False,,,
tsh:6,qwen2.5-vl-7b,dino_heal,BA,"The actions in the video occur in the following order:

1. Action B: cutting the pita bread into small slices
2. Action A: frying the bread

So, Action B happens before Action A.",BABA,BABA,BA,valid,valid,False,False,,,
tsh:7,qwen2.5-vl-7b,dino_heal,BA,"The actions in the video occur in the following order:

1. Action B. sailing on a yacht
2. Action A. drawing on a map

So, Action B happens before Action A.",BABA,BABA,BA,valid,valid,False,False,,,
tsh:8,qwen2.5-vl-7b,dino_heal,AB,"The actions in the video occur in the following order:

1. Action A: cutting a paper
2. Action B: presenting a gold bowl

So, Action A happens before Action B.",ABAB,ABAB,AB,valid,valid,False,False,,,
tsh:9,qwen2.5-vl-7b,dino_heal,BA,"The actions in the video occur in the following order:

1. Action B: holding a gift
2. Action A: blowing sequins",BA,BA,BA,valid,valid,True,False,,,
tsh:10,qwen2.5-vl-7b,dino_heal,AB,"The action in the video is:

Action A. playing croquet

This is evident from the presence of croquet mallets and balls, as well as the person in the first frame preparing to hit a ball with a mallet. The second frame shows a person interacting with a cat, which does not align with the action of playing croquet.",AB,AB,,valid,valid,True,False,,,
tsh:11,qwen2.5-vl-7b,dino_heal,AB,"Let's analyze the images step by step:

1. The first image shows a person in a yellow shirt playing croquet on a wooden platform. There is a croquet mallet and balls visible, indicating that this is an action related to playing croquet.

2. The second image shows a person in a green shirt standing next to a brick wall, with a black and white cat lying on the ground nearby. This scene suggests an interaction with the cat, which could be playing or simply resting.

Based on the analysis of the images:

- The first image clearly depicts Action A: playing croquet.
- The second image depicts Action B: playing with a cat.

Therefore, the correct answer is:
Action A. playing croquet",ABA,ABA,AB,valid,valid,False,False,,,
tsh:12,qwen2.5-vl-7b,dino_heal,AB,"Let's analyze the images step by step:

1. The first image shows a hand holding a makeup sponge with red and white paint on it. This suggests that the action is related to applying paint to a sponge.
2. The second image shows a close-up of a nail being painted with glitter nail polish.

Based on this analysis, the sequence of actions in the video is as follows:

- Action A: applying paint to a sponge (first image)
- Action B: applying glitter nail polish (second image)",AB,AB,AB,valid,valid,True,False,,,
tsh:13,qwen2.5-vl-7b,dino_heal,AB,"The sequence of actions in the video is as follows:

1. **Action A**: The person folds a piece of tape in half and cuts out half of a heart shape from it.
2. **Action B**: After cutting out the heart, the person applies a top coat to the nail.

So, the correct order of actions is:
- First, the person draws on the tape and cuts out half of a heart (Action A).
- Then, they remove the tape and apply a top coat (Action B).",ABAB,ABAB,AB,valid,valid,False,False,,,
tsh:14,qwen2.5-vl-7b,dino_heal,BA,"The sequence of events in the video shows:

1. The first frame depicts a person inside a helicopter, looking out at a scenic view of a river and mountains.
2. The second frame shows a group of people rafting through a narrow, rocky passage that appears to be a tunnel.

Based on this sequence, the correct action is:

Action A. rafting into a tunnel",AB,AB,,valid,valid,False,False,,,
tsh:15,qwen2.5-vl-7b,dino_heal,BA,Action A. cooking meat,AB,AB,,valid,valid,False,False,,,
tsh:16,qwen2.5-vl-7b,dino_heal,AB,"The first action in the video is Action A: eating together. The individuals are seated at a table, sharing food and drinks, which indicates they are eating together. The second image shows a person in a different setting, possibly outdoors, but there is no clear indication of them practicing martial arts in this frame.",,,,unparseable,unparseable,,False,official parser returned None,,
tsh:17,qwen2.5-vl-7b,dino_heal,BA,"The video shows a group of people on a pier near the ocean. In the first frame, a woman is holding a child and appears to be walking or dancing. In the second frame, there is a band performing on stage with a crowd watching. The band is playing music.

So, the actions in the video are:

1. Action A: playing music (by the band)
2. Action B: dancing (by the people on the pier)",AB,AB,AB,valid,valid,False,False,,,
tsh:18,qwen2.5-vl-7b,dino_heal,AB,"The sequence of actions in the video is as follows:

1. **Action A. Stirring cabbage with oil**: The video starts with a close-up of a pan where red cabbage is being stirred with a wooden spoon, indicating that the cabbage is being cooked with oil.

2. **Action B. Boiling the broccoli**: The scene then transitions to a pot where broccoli is shown boiling in water, suggesting that the broccoli is being prepared for cooking.

So, the correct order of actions is:
- Action A: Stirring cabbage with oil
- Action B: Boiling the broccoli",ABAB,ABAB,AB,valid,valid,False,False,,,
tsh:19,qwen2.5-vl-7b,dino_heal,AB,"The sequence of actions in the video is as follows:

1. The first frame shows a person pouring olive oil into a bowl, which suggests the preparation of a mixture.
2. The second frame shows a sausage being cooked on a grill pan.

Therefore, the actions in the video are:

Action A. mixing various spices and olive oil (implied by the first frame)
Action B. cooking sausages on a grill pan (implied by the second frame)",AB,AB,AB,valid,valid,True,False,,,
tsh:20,qwen2.5-vl-7b,dino_heal,BA,"The video shows a person walking down a road, passing by a house decorated with pumpkins. Therefore, the action in the video is:

Action B. walking down the road",BA,BA,,valid,valid,True,False,,,
tsh:21,qwen2.5-vl-7b,dino_heal,AB,"The sequence of actions in the video is as follows:

1. The video starts with a close-up of a welding machine, which is part of the welding equipment.
2. The scene then transitions to a person using a tool to clean a welded area on a piece of metal.

So, the actions in the video are:

Action A. displaying welding equipment
Action B. cleaning a welded area",AB,AB,AB,valid,valid,True,False,,,
tsh:22,qwen2.5-vl-7b,dino_heal,BA,"The image shows a group of people holding a trophy, which is typically associated with an award ceremony. Therefore, the action depicted in the image is:

Action A. an award ceremony",AB,AB,,valid,valid,False,False,,,
tsh:23,qwen2.5-vl-7b,dino_heal,BA,Action B. cleaning the seats of a car,BA,BA,,valid,valid,True,False,,,
tsh:24,qwen2.5-vl-7b,dino_heal,AB,"Action A. putting on labels
Action B. ironing a label on a fabric",AB,AB,AB,valid,valid,True,False,,,
tsh:25,qwen2.5-vl-7b,dino_heal,BA,"The sequence of actions in the video is as follows:

1. The video starts with a close-up of a metal bowl, which appears to be empty.
2. The scene transitions to a person spreading something on bread slices.
3. The person then places the spread bread slices into a sandwich maker.
4. The sandwich maker is closed, and the sandwich is pressed together.
5. The final frame shows a plate with a completed sandwich.

Given these observations, the action that best describes the sequence of events is:

Action A. making a sandwich",AB,AB,,valid,valid,False,False,,,
tsh:26,qwen2.5-vl-7b,dino_heal,AB,"The sequence of actions in the video is as follows:

1. The video starts with a person bowling on a concrete surface, which appears to be a unique setting for bowling.
2. The scene then transitions to a group of people standing near a fence, where one person is holding a bowling ball and appears to be explaining something about it.
3. The next action shows a person in a bowling alley preparing to throw a bowling ball down a lane.

So, the actions in the video are:

- Action B: throwing a bowling ball (in the bowling alley)
- Action A: talking to the camera (when the person is holding the bowling ball)",BA,BA,BA,valid,valid,False,False,,,
tsh:27,qwen2.5-vl-7b,dino_heal,BA,"Let's analyze the video clip step by step:

1. The first frame shows a person sitting on a ledge, wearing roller skates and appearing to be in a relaxed posture.
2. The second frame transitions to a street scene with people walking and crossing the road at a pedestrian crossing.
3. The third frame shows a person standing in front of a store, smiling.

Given these observations, the actions in the video can be identified as follows:

- Action A: talking - This is not explicitly shown in the frames provided. There is no indication of someone speaking or engaging in conversation.
- Action B: rollerskating across a crosswalk - This action is not depicted in the frames provided. The person in the first frame is sitting and not roller skating, and there is no indication of anyone roller skating across a crosswalk in the other frames.

Therefore, based on the information available in the frames, neither of the actions (A or B) is clearly represented. If you have more frames or context, please provide them for a more accurate analysis.",AB),AB),AB,valid,valid,False,False,,,
tsh:28,qwen2.5-vl-7b,dino_heal,AB,"The video shows a sequence of scenes that include both actions:

1. The first scene displays a sandy area with several pyramid-shaped structures, which could be part of a sand dune or a similar landscape feature.
2. The second scene shows a group of people leading and riding camels through a sandy area.

So, the actions in the video are:

- Action A: displaying a sand dunes (in the first scene)
- Action B: leading and riding camels (in the second scene)",.AB,.AB,AB,valid,valid,False,False,,,
tsh:29,qwen2.5-vl-7b,dino_heal,AB,"The sequence of events in the video shows:

1. The first frame depicts a hand holding a cloth, which is typically used for cleaning or washing.
2. The second frame shows a person's hand reaching into a car, likely to clean or adjust something inside.

Given these observations, the actions can be interpreted as follows:

- **Action A: washing a car** - This could be inferred from the presence of a cloth and the context of a car wash setting.
- **Action B: showing the inside of a car** - This is supported by the second frame where a hand is reaching into the car.

Since the question asks for the two actions in the video, both A and B seem relevant based on the provided frames. However, if we need to choose one primary action, **Action A (washing a car)** seems more directly related to the visible elements in the frames.",ABA,ABA,AB,valid,valid,False,False,,,
tsh:30,qwen2.5-vl-7b,dino_heal,BA,"The sequence of actions in the video is as follows:

1. The first frame shows a houseboat on a lake, with a person preparing to jump into the water.
2. The second frame captures a person performing a backflip off the side of the boat into the water.
3. The third frame shows a person driving a boat, with another person taking a photo or video from the boat.

Given these observations, the actions can be categorized as:

- Action A: flying a drone (not directly shown but implied by the aerial view)
- Action B: jumping into the water (occurs in the second frame)

So, the correct sequence of actions is:
1. Action A (flying a drone)
2. Action B (jumping into the water)",ABAB,ABAB,AB,valid,valid,False,False,,,
tsh:31,qwen2.5-vl-7b,dino_heal,AB,"The sequence of events in the video shows:

1. A person wearing a high-visibility jacket is seen walking down a staircase.
2. The scene transitions to an outdoor snowy environment where the same person is now standing on a snowboard, preparing to snowboard down a street.

Given these observations, the actions can be described as follows:

Action A: The person exits a building with a snowboard.
Action B: The person snowboards on a street.",AB,AB,AB,valid,valid,True,False,,,
tsh:32,qwen2.5-vl-7b,dino_heal,BA,"Let's analyze the video clip step by step:

1. The first frame shows a person walking up a set of stairs.
2. The second frame shows a person using garden shears to trim hedges.

Based on this analysis, the actions in the video are:

- Action A: trimming hedges (in the second frame)
- Action B: walking up stairs (in the first frame)",AB,AB,AB,valid,valid,False,False,,,
tsh:33,qwen2.5-vl-7b,dino_heal,BA,"The sequence of actions in the video is as follows:

1. **Action A**: Whisking eggs and steaming them.
2. **Action B**: Serving scrambled eggs on toast.

The video starts with whisking eggs, then shows the eggs being steamed, followed by the scrambled eggs being served on toast.",AB,AB,AB,valid,valid,False,False,,,
tsh:34,qwen2.5-vl-7b,dino_heal,BA,"The sequence of events in the video shows:

1. A view of an ancient, partially ruined structure with arches.
2. A crowd of people is shown, some wearing hats and others holding flags.
3. The scene transitions to a bullfighting arena where matadors are seen walking in the ring.

Given these observations, the actions depicted in the video are:

- Action A: Matadors walking in the ring
- Action B: attending a bullfight

Both actions are present in the video, but the primary focus seems to be on the matadors walking in the ring, as they are more prominently featured in the latter part of the video.",AB,AB,AB,valid,valid,False,False,,,
tsh:35,qwen2.5-vl-7b,dino_heal,AB,"Let's analyze the sequence of events in the video:

1. The first frame shows three people on a platform, with one person wearing a harness and another assisting them. This suggests they are preparing for an activity that involves a harness.
2. The second frame shows a person in mid-air, suspended by a rope, with the sun shining brightly in the background. This indicates that the person has just started their descent.

Based on this analysis, the actions in the video can be identified as follows:

- Action A: preparing to jump (the first frame)
- Action B: zip lining (the second frame)",AB,AB,AB,valid,valid,True,False,,,
tsh:36,qwen2.5-vl-7b,dino_heal,BA,"The person in the video is playing the flute, as indicated by the action of blowing into the instrument and the position of their hands on the flute's keys. Therefore, the correct action is:

Action A. playing the flute",AB,AB,,valid,valid,False,False,,,
tsh:37,qwen2.5-vl-7b,dino_heal,BA,"Let's analyze the video step by step:

1. The first frame shows a person standing on a diving board, preparing to jump.
2. The second frame shows people in a pool, with some individuals swimming and others standing around.

Based on this analysis, the action that occurs in the video is:

Action B. preparing for a dive on a diving board",BA,BA,,valid,valid,True,False,,,
tsh:38,qwen2.5-vl-7b,dino_heal,AB,"The sequence of actions in the video is as follows:

1. **Action A. Mixing ingredients in a bowl**: The video starts with a close-up of a red bowl containing various ingredients, including what appears to be shredded cheese and possibly other food items. A spoon is used to mix these ingredients together.

2. **Action B. Making a sandwich**: After the mixing, the scene transitions to a close-up of a hand spreading a creamy substance, likely mayonnaise or butter, onto a slice of bread. This action suggests that the next step involves assembling a sandwich.

Therefore, the correct order of actions is:
- Action A: Mixing ingredients in a bowl
- Action B: Making a sandwich",ABAB,ABAB,AB,valid,valid,False,False,,,
tsh:39,qwen2.5-vl-7b,dino_heal,BA,"Let's analyze the images step by step:

1. The first image shows a person cooking fish in a pan on a stove. This action is related to cooking, specifically frying or searing the fish.

2. The second image shows two people standing in a kitchen, with one of them holding a bowl of greens (likely basil) and the other person holding a blender. There is no indication of cooking or frying fish in this image.

Given these observations, the action that matches the description in the question is not present in either image. However, if we were to match the closest action to the given options:

- Action A: ""submerging basil leaves in salt water and removing excess water"" - This could be related to the second image where someone is handling greens, but it is not directly shown.
- Action B: ""turning the swordfish over"" - This action is not visible in either image.

Since neither action is directly depicted, we cannot definitively match an action to the given options based on the provided images.",AB,AB,AB,valid,valid,False,False,,,
tsh:40,qwen2.5-vl-7b,dino_heal,AB,"Let's analyze the video clip step by step:

1. The first frame shows a person holding a bicycle wheel, which suggests they are working on assembling or repairing a bike.
2. The second frame shows hands using scissors to cut open a cardboard box, which is typically done when unpacking items from a box.
3. The third frame shows a person holding a tool, possibly a screwdriver, and appears to be working on a bike part, indicating that they are assembling or repairing the bike.

Based on these observations, the sequence of actions in the video can be described as follows:

- Action A: assembling a bike (as indicated by the person working on a bike part with a tool).
- Action B: putting tools in the box (as indicated by the cutting of the box, which is often done before unpacking tools).

Therefore, the correct answer is that the video primarily depicts Action A: assembling a bike.",ABA,ABA,AB,valid,valid,False,False,,,
tsh:41,qwen2.5-vl-7b,dino_heal,BA,"The sequence of actions in the video is as follows:

1. The person is seen putting something in the trunk of a car.
2. The person then walks away from the car, and the camera pans to show a mountainous landscape.

So, the correct order of actions is:

Action B. putting something in the trunk of a car
Action A. walking on a slackline",BA,BA,BA,valid,valid,True,False,,,
tsh:42,qwen2.5-vl-7b,dino_heal,AB,"The image shows two people engaged in an arm-wrestling match. Therefore, the action depicted in the image is:

Action B. arm-wrestling",BA,BA,,valid,valid,False,False,,,
tsh:43,qwen2.5-vl-7b,dino_heal,BA,"The sequence of actions in the video is as follows:

1. The first frame shows a person using an electric mixer to blend ingredients in a bowl, which indicates the action of mixing ingredients (Action B).
2. The second frame shows the person placing cookie dough balls onto a baking tray lined with parchment paper, which indicates the action of baking cookies (Action A).

Therefore, the correct order of actions is:
Action B. mixing ingredients
Action A. baking cookies",BABA,BABA,BA,valid,valid,False,False,,,
tsh:44,qwen2.5-vl-7b,dino_heal,AB,"The sequence of actions in the video is as follows:

1. The first frame shows a child running towards a door, which suggests that the child is about to enter or exit a building.
2. The second frame shows a close-up of a person's hands cutting hair, indicating that the person is performing a haircut.

Therefore, the actions in the video are:
- Action A: opening a door (implied by the child running towards the door)
- Action B: cutting hair (the close-up of the haircut)",AB,AB,AB,valid,valid,True,False,,,
tsh:45,qwen2.5-vl-7b,dino_heal,BA,"The video shows a sequence of actions:

1. The first frame shows a woman sitting in a car, smiling and looking at the camera.
2. The second frame transitions to a tattoo parlor where a person is getting a tattoo on their leg while another person is sitting nearby.

Based on these observations, the actions in the video are:

- Action A: Getting tattoos done
- Action B: Women talking (This action is not directly observed in the provided frames but could be inferred from the context of the video.)",.AB,.AB,AB,valid,valid,False,False,,,
tsh:46,qwen2.5-vl-7b,dino_heal,AB,"The sequence of actions in the video is as follows:

1. The video starts with a close-up of a man's face, showing him looking down and moving his head slightly.
2. The camera then shifts focus to a black shoe, which appears to be being polished.

Therefore, the actions in the video are:

Action A. a man's face moving
Action B. shining a shoe

The video first shows Action A and then transitions to Action B.",ABAB,ABAB,AB,valid,valid,False,False,,,
tsh:47,qwen2.5-vl-7b,dino_heal,AB,"The sequence of actions in the video is as follows:

1. **Action A: Coating the squid rings with flour** - The video starts with a close-up of a plastic bag containing squid rings that have been coated with flour. This suggests that the squid rings are being prepared for frying by first being coated in flour.

2. **Action B: Frying the squid rings** - The next scene shows a pot of hot oil on a stove, and someone is seen placing the floured squid rings into the oil. This indicates that the squid rings are now being fried.

So, the correct order of actions is:
- Action A: Coating the squid rings with flour
- Action B: Frying the squid rings",ABAB,ABAB,AB,valid,valid,False,False,,,
tsh:48,qwen2.5-vl-7b,dino_heal,BA,"The sequence of actions in the video is as follows:

1. The person is seen washing their hands under a faucet.
2. After washing, the person moves to light a candle.

So, the correct order of actions is:
Action B. washing hands
Action A. lighting a candle",BA,BA,BA,valid,valid,True,False,,,
tsh:49,qwen2.5-vl-7b,dino_heal,BA,"Let's analyze the video clip step by step:

1. The first frame shows a bathroom sink with the word ""BEFORE"" indicating that it is before the cleaning process.
2. The second frame shows a person using a pressure washer to clean a toilet, which is open and appears to be dirty.
3. The third frame shows the same person using the pressure washer on the inside of the toilet bowl.

Based on these observations, the action being performed in the video is:

Action A. cleaning a toilet",BA,BA,BA,valid,valid,True,False,,,
tsh:50,qwen2.5-vl-7b,dino_heal,AB,"The action in the video is:

Action B. giving a high five

This can be seen when one person is lying on the ground and another person is standing over them, reaching down to give a high five.",BA,BA,,valid,valid,False,False,,,
tsh:51,qwen2.5-vl-7b,dino_heal,AB,"The action depicted in the image is:

Action B. giving a high five

This can be inferred from the two individuals standing close to each other, with one person's hand extended towards the other, suggesting they are about to give a high five.",BA,BA,,valid,valid,False,False,,,
tsh:52,qwen2.5-vl-7b,dino_heal,BA,"The image provided does not show any action taking place. It is a still image of a bottle of hand soap and a roll of toilet paper on a bathroom counter. Therefore, neither Action A (running water from a faucet) nor Action B (scrolling text) can be observed in this image.",AB,AB,AB,valid,valid,False,False,,,
tsh:53,qwen2.5-vl-7b,dino_heal,AB,"Let's analyze the images step by step:

1. The first image shows a person walking on a beach, which does not depict any action related to throwing.
2. The second image shows a person standing in a grassy area with a javelin in hand, preparing to throw it.

Given these observations, the action depicted in the video is:

Action B. throwing a javelin",BA,BA,,valid,valid,False,False,,,
tsh:54,qwen2.5-vl-7b,dino_heal,BA,"The sequence of actions in the video is as follows:

1. The first frame shows a hand pouring liquid into a bowl containing what appears to be dried ingredients, which suggests the action of mixing water and vinegar in a bowl.
2. The second frame shows a blender with black beans and garlic inside, indicating that the next step might involve blending these ingredients.
3. The third frame shows a pan with pasta being stirred with a wooden spoon, suggesting the action of flipping or stirring the pasta.

Given the order of the frames, the correct sequence of actions is:

1. Action B: mixing water and vinegar in a bowl
2. Action A: flipping pasta

So, the correct answer is:
Action B. mixing water and vinegar in a bowl",.BAB,.BAB,BA,valid,valid,False,False,,,
tsh:55,qwen2.5-vl-7b,dino_heal,AB,"Let's analyze the images step by step:

1. The first image shows a blender with ingredients inside, which suggests that the ingredients are being crushed or blended.
2. The second image shows pasta being cooked in a pot on the stove.

Based on this analysis, the sequence of actions is as follows:

- Action A (crushing the ingredients) occurs before Action B (cooking pasta).

Therefore, the correct order of actions is:
1. Action A: crushing the ingredients
2. Action B: cooking pasta",AB)AB,AB)AB,AB,valid,valid,False,False,,,
tsh:56,qwen2.5-vl-7b,dino_heal,BA,"The sequence of actions in the video is as follows:

1. The first frame shows water being poured into a bowl, which corresponds to Action B: mixing water and vinegar in a bowl.
2. The second frame shows pasta being cooked in a pot on the stove, which corresponds to Action A: cooking pasta.

Therefore, the correct order of actions is:
1. B. mixing water and vinegar in a bowl
2. A. cooking pasta",BA...,BA...,BA,valid,valid,False,False,,,
tsh:57,qwen2.5-vl-7b,dino_heal,AB,"The sequence of actions in the video is as follows:

1. The first frame shows an athlete preparing to throw a hammer, which is a track and field event.
2. The second frame shows a person celebrating, likely after winning a medal.

Therefore, the actions in the video are:

- Action A: throwing a hammer
- Action B: celebrating a medal",AB,AB,AB,valid,valid,True,False,,,
tsh:58,qwen2.5-vl-7b,dino_heal,BA,"The sequence of events in the video starts with a person walking through a snowy outdoor area towards a building. The scene then transitions to the interior of a workshop, which is filled with various tools and equipment on shelves. 

Given these observations:

1. The first action (B) is the initial movement from the snowy outdoor area towards the building.
2. The second action (A) is the transition into the workshop.

Therefore, the correct order of actions is:
Action B. walking toward the door of a house
Action A. entering a workshop",))BA,))BA,BA,valid,valid,False,False,,,
tsh:59,qwen2.5-vl-7b,dino_heal,BA,"The sequence of events in the video is as follows:

1. The person is shoveling snow in front of a house.
2. The scene transitions to the interior of a workshop.

Therefore, the actions in the video are:

Action A. entering a workshop
Action B. shoveling snow",AB,AB,AB,valid,valid,False,False,,,
tsh:60,qwen2.5-vl-7b,dino_heal,AB,"Let's analyze the sequence of actions shown in the video:

1. The first frame shows a person chopping onions and garlic on a cutting board.
2. The second frame shows the chopped ingredients being placed into a food processor.
3. The third frame shows the food processor being closed and turned on, indicating that the ingredients are being blended.

Based on this sequence, the correct action is:

Action A. blending ingredients in a food processor",AB,AB,,valid,valid,True,False,,,
tsh:61,qwen2.5-vl-7b,dino_heal,AB,"The video shows a person performing a trick on a skateboard at a skate park, which indicates that the action is:

Action B. skateboarding",BA,BA,,valid,valid,False,False,,,
tsh:62,qwen2.5-vl-7b,dino_heal,BA,"The video shows a person performing rollerblading tricks on a ramp, which includes grinding and sliding along the edge of the ramp. Therefore, the action depicted in the video is:

Action A. rollerblading tricks",AB,AB,,valid,valid,False,False,,,
tsh:63,qwen2.5-vl-7b,dino_heal,BA,"The video shows a person roller skating on ramps, which corresponds to Action A. The scene includes a skate park with ramps and graffiti, indicating that the person is performing skating tricks or maneuvers. There is no indication of the person chilling against a fence in this particular sequence.",AB,AB,,valid,valid,False,False,,,
tsh:64,qwen2.5-vl-7b,dino_heal,AB,"Let's analyze the video step by step:

1. In the first frame, two individuals are seen pushing a wheelbarrow filled with branches and leaves.
2. In the second frame, one person is holding a croquet mallet, and another person appears to be playfully interacting with it.
3. In the third frame, a person is seen kicking a ball.

Based on these observations, the actions can be categorized as follows:

- The action of pushing the wheelbarrow does not fit into either category.
- The interaction with the croquet mallet in the second frame could be considered ""play fighting with croquet mallets.""
- The kicking of the ball in the third frame can be considered ""hitting a ball.""

Therefore, the two actions in the video are:
Action A. play fighting with croquet mallets
Action B. hitting a ball",AB,AB,AB,valid,valid,True,False,,,
tsh:65,qwen2.5-vl-7b,dino_heal,AB,"The sequence of actions in the video is as follows:

1. The person is holding a piece of bark and talking to the camera.
2. The scene transitions to show a campfire with flames.
3. The person adds wood to the fire.

So, the correct order of actions is:

Action A. holding a piece of bark and talking to the camera
Action B. adding wood to the fire",.AB,.AB,AB,valid,valid,False,False,,,
tsh:66,qwen2.5-vl-7b,dino_heal,BA,"Let's analyze the video step by step:

1. The person is wearing protective gear, including a red uniform and gloves.
2. The person is working on a piece of metal that appears to be part of a railway track.
3. There is a flat equipment visible next to the metal, which looks like it could be used for moving or adjusting the metal pieces.
4. The person is using a hammer to remove debris from the joint where the metal pieces meet.

Based on this analysis, the actions can be identified as follows:

- **Action A**: The flat equipment is being used to move the dumbbell-shaped steel pieces, which are part of the railway track.
- **Action B**: The hammer is being used to remove debris from the joint.

So, the correct sequence of actions is:

1. Action A: using a flat equipment to move the dumbbell shaped steels
2. Action B: using a hammer to remove debris",ABAB,ABAB,AB,valid,valid,False,False,,,
tsh:67,qwen2.5-vl-7b,dino_heal,AB,"The sequence of actions in the video is as follows:

1. The person is seen driving a car.
2. The scene transitions to the person skating on a railing.

So, the correct order of actions is:
Action A. driving a car
Action B. skating on the railing",AB,AB,AB,valid,valid,True,False,,,
tsh:68,qwen2.5-vl-7b,dino_heal,BA,"The action in the video is:

Action A. smoothing wallpaper

This is evident from the close-up of hands pressing and smoothing a red wallpaper with a pattern, which is a common task during wallpaper installation or repair.",AB,AB,,valid,valid,False,False,,,
tsh:69,qwen2.5-vl-7b,dino_heal,AB,"The sequence of actions in the video is as follows:

1. The person is seen walking around a ladder.
2. The person then measures the wallpaper using a level.

So, the correct order of actions is:
Action A. walking around a ladder
Action B. measuring wallpaper",AB,AB,AB,valid,valid,True,False,,,
tsh:70,qwen2.5-vl-7b,dino_heal,BA,Action A. frosting a cake,AB,AB,,valid,valid,False,False,,,
tsh:71,qwen2.5-vl-7b,dino_heal,BA,"The sequence of actions in the video is as follows:

1. The person opens a can, which appears to be a Dr. Martens shoe care product.
2. After opening the can, the person uses a towel to wipe the sole of a boot.

So, the correct order of actions is:
Action A. opening a can
Action B. wiping the boot with a towel",AB,AB,AB,valid,valid,False,False,,,
tsh:72,qwen2.5-vl-7b,dino_heal,AB,"The sequence of actions in the video is as follows:

1. The person is seen mashing a mixture in a bowl, which appears to be part of preparing a filling for the tortillas.
2. After mashing the mixture, the person proceeds to place the mashed mixture onto a tortilla and then adds various toppings such as lettuce, tomatoes, and cheese.

So, the correct order of actions is:
Action A. mashing the mixture in a bowl
Action B. topping the tortillas with various ingredients",AB,AB,AB,valid,valid,True,False,,,
tsh:73,qwen2.5-vl-7b,dino_heal,BA,"Let's analyze the video clip step by step:

1. The woman is sitting on a couch and appears to be engaged in an activity.
2. She is holding knitting needles and yarn, which suggests she is knitting.
3. Her hands are moving in a manner consistent with knitting techniques.

Given these observations, the action being performed in the video is:

Action B. knitting",BA,BA,,valid,valid,True,False,,,
tsh:74,qwen2.5-vl-7b,dino_heal,AB,"The sequence of actions in the video is as follows:

1. The first action shown is placing a loaf of bread into an oven.
2. The second action shown is slicing a loaf of bread on a cutting board.

So, the correct order of actions is:
Action A. placing it in the oven
Action B. slicing a loaf of bread",AB,AB,AB,valid,valid,True,False,,,
tsh:75,qwen2.5-vl-7b,dino_heal,AB,"The action depicted in the video is:

Action A. bungee jumping from a bridge

This is evident from the initial frame showing a person preparing to jump off a bridge, followed by the subsequent frames capturing the person in mid-air and then landing in the water, which is typical of a bungee jump sequence.",AB,AB,,valid,valid,True,False,,,
tsh:76,qwen2.5-vl-7b,dino_heal,BA,"The video shows people riding bikes on a sandy beach under a bright sun. There is no visible action of giving a hug in the frames provided. Therefore, the primary action depicted in the video is:

Action B. riding bikes",BA,BA,,valid,valid,True,False,,,
tsh:77,qwen2.5-vl-7b,dino_heal,BA,"The action in the video is:

Action A. roasting a pepper on a stove",AB,AB,,valid,valid,False,False,,,
tsh:78,qwen2.5-vl-7b,dino_heal,AB,"Action A. adding oil to the dough in the mixer occurs first, as the person is seen pouring oil into the mixer containing the dough. After this action, Action B. rolling a piece of dough into a ball happens, where the person is seen rolling out a piece of dough on a floured surface.",AB,AB,BA,valid,valid,True,False,,,
tsh:79,qwen2.5-vl-7b,dino_heal,BA,"The video shows a person performing a skateboard trick down a set of stairs, which aligns with Action A: ""doing skateboard tricks down stairs."" The individual is seen executing a maneuver that involves descending the stairs while maintaining balance and control on the skateboard. This action is a common skateboarding trick known as a ""grind"" or ""slide,"" where the skateboarder slides along the edge of the stairs.",AB,AB,,valid,valid,False,False,,,
tsh:80,qwen2.5-vl-7b,dino_heal,AB,"The image shows a person applying a piece of wallpaper to a wall, which is an action related to wallpaper installation. The text ""EASY APPLICATION USE TAPE OR PASTE"" suggests that the wallpaper is being applied using adhesive methods.

Therefore, the action depicted in the image is:

Action A. applying wallpaper",AB,AB,,valid,valid,True,False,,,
tsh:81,qwen2.5-vl-7b,dino_heal,BA,"Let's analyze the sequence of events in the video:

1. The video starts with a close-up of a person's feet as they put on shoes.
2. The scene then transitions to a wider shot, showing the person standing up from a couch.
3. The person walks towards a door.

Based on this sequence, the correct action is:

Action A. tying shoes and getting up from the couch",AB,AB,,valid,valid,False,False,,,
tsh:82,qwen2.5-vl-7b,dino_heal,AB,"The sequence of actions in the video is as follows:

1. The person is initially seen walking on a dock.
2. The scene then transitions to a person wakeboarding on a body of water.

So, the actions in the video are:
- Action A: walking on a dock
- Action B: wakeboarding tricks

The video starts with Action A and ends with Action B.",ABAB,ABAB,AB,valid,valid,False,False,,,
tsh:83,qwen2.5-vl-7b,dino_heal,BA,"The action in the video is:

Action A. washing hands

This is indicated by the person turning on a faucet and washing their hands under running water, which is a common practice for hygiene purposes.",AB,AB,,valid,valid,False,False,,,
tsh:84,qwen2.5-vl-7b,dino_heal,AB,"The action depicted in the video is:

Action B. washing hands

This is evident from the sequence of frames showing a person using soap and water to wash their hands, which is a common practice for hygiene purposes.",BA,BA,,valid,valid,False,False,,,
tsh:85,qwen2.5-vl-7b,dino_heal,BA,"Let's analyze the sequence of actions in the video:

1. The video starts with a close-up of a pan where food is being cooked. The ingredients include vegetables and possibly some spices.
2. The next frame shows a person holding a spatula, which suggests they are stirring or mixing the contents of the pan.
3. The following frame shows a bowl with mashed potatoes and chutney, indicating that these ingredients are being prepared for use.
4. The final frame shows the mashed potatoes and chutney being added to the pan, followed by mixing.

Based on this sequence, the actions can be broken down as follows:

- Action A: Heating a pan (This action is not explicitly shown but implied by the cooking process).
- Action B: Adding mashed potatoes and chutney, then mixing (This action is clearly shown in the last few frames).

Therefore, the correct sequence of actions is:

1. Action A: heating a pan
2. Action B: adding mashed potatoes and chutney, then mixing",ABAB,ABAB,AB,valid,valid,False,False,,,
tsh:86,qwen2.5-vl-7b,dino_heal,AB,"The sequence of actions in the video is as follows:

1. The video starts with a close-up of a person cutting lemons.
2. The next scene shows a person squeezing the lemons into a container.
3. The final scene shows a person pouring the lemon juice into a pitcher.

Given these observations, the actions in the video can be described as:

Action A. cutting and squeezing lemons
Action B. making lemonade

The video primarily focuses on the process of making lemonade by cutting and squeezing lemons. Therefore, the correct answer is that the video mainly depicts Action A. cutting and squeezing lemons.",ABA,ABA,AB,valid,valid,False,False,,,
tsh:87,qwen2.5-vl-7b,dino_heal,AB,"The sequence of actions in the video is as follows:

1. **Action A: Slicing the onion** - The video starts with a close-up of an onion being sliced into rings on a wooden cutting board.
2. **Action B: Coating the onion rings in batter** - After the onion rings are sliced, they are placed into a bowl containing batter, where they are coated.

So, the correct order of actions is:
1. Slicing the onion (Action A)
2. Coating the onion rings in batter (Action B)",ABAB,ABAB,AB,valid,valid,False,False,,,
tsh:88,qwen2.5-vl-7b,dino_heal,BA,"The image shows a person pouring a liquid into a glass containing an egg, and then whisking the mixture. This action is consistent with Action A: mixing ingredients in a bowl. The presence of other ingredients like flour and butter suggests that this is part of a recipe preparation process.",AB,AB,,valid,valid,False,False,,,
tsh:89,qwen2.5-vl-7b,dino_heal,AB,"The action in the video is:

Action B. peeling transfer paper off the client's back

This is evident from the scene where the person with tattoos is working on a client's back, and the client appears to be removing or adjusting something that looks like transfer paper.",BA,BA,,valid,valid,False,False,,,
tsh:90,qwen2.5-vl-7b,dino_heal,BA,"Let's analyze the sequence of actions shown in the video:

1. The person is seen holding a strainer with what appears to be cooked potatoes.
2. The next frame shows a pot on a stove where butter is being melted, and then garlic is added.

Given these observations, the correct sequence of actions is:

Action A. melting butter and adding garlic
Action B. adding potatoes to boiling water and cooking them

The video first shows the melting of butter and the addition of garlic, followed by the action of adding potatoes to boiling water. Therefore, the correct order is:

1. Action A: melting butter and adding garlic
2. Action B: adding potatoes to boiling water and cooking them",ABAB,ABAB,AB,valid,valid,False,False,,,
tsh:91,qwen2.5-vl-7b,dino_heal,BA,"The sequence of actions in the video shows:

1. A person is seen washing a white car with a hose, which indicates Action B.
2. The scene then transitions to the interior of the car where the same person is cleaning the dashboard and steering wheel using a cloth, indicating Action A.

Therefore, the actions in the video are:
- Action B: washing a car
- Action A: cleaning the interior of a car",BABA,BABA,BA,valid,valid,False,False,,,
tsh:92,qwen2.5-vl-7b,dino_heal,AB,"Action A. examining paint brushes

The video shows a person holding and examining a set of paint brushes, which is consistent with Action A. The person is likely checking the quality or suitability of the brushes for a painting project. There is no indication of mixing paint with a paint brush in this particular segment.",AB,AB,,valid,valid,True,False,,,
tsh:93,qwen2.5-vl-7b,dino_heal,BA,"The sequence of actions in the video is as follows:

1. The person is talking to the camera, likely explaining the recipe or giving instructions.
2. The scene transitions to a close-up of various ingredients laid out on a bamboo mat, including a frozen seafood mix bag, butter, lemon, and other items.

So, the correct order of actions is:
Action B. talking to the camera
Action A. preparing ingredients",BA,BA,BA,valid,valid,True,False,,,
tsh:94,qwen2.5-vl-7b,dino_heal,AB,"The video starts with an underwater scene showing a school of fish and a large fish swimming near a coral reef, which suggests that the action is related to scuba diving. The text overlay also mentions ""10 Day Dive / Photography Adventure,"" indicating that the activity involves scuba diving.

After the underwater scene, the video transitions to a view from a boat, showing a sunset over the sea, which suggests that the next part of the video might involve taking photos on a boat.

Therefore, the sequence of actions in the video is:

1. Action A: scuba diving (underwater scene)
2. Action B: taking photos on a boat (sunset view)",AB,AB,AB,valid,valid,True,False,,,
tsh:95,qwen2.5-vl-7b,dino_heal,AB,"Action A. mixing ingredients together in a bowl happens first. The video shows a person adding chopped green chili and other ingredients into a bowl, then mixing them together. After that, the person is seen making a sandwich with the prepared mixture.",AB,AB,,valid,valid,True,False,,,
tsh:96,qwen2.5-vl-7b,dino_heal,BA,"The sequence of actions in the video is as follows:

1. The first action shown is cutting vegetables, specifically onions and garlic.
2. After the vegetables are cut, they are placed into a food processor.
3. The next action is crushing the ingredients in the food processor.

So, the correct order of actions is:
Action B. cutting vegetables
Action A. crushing the ingredients in a food processor",BA,BA,BA,valid,valid,True,False,,,
tsh:97,qwen2.5-vl-7b,dino_heal,AB,"Let's analyze the video clip step by step:

1. The first frame shows a sign for ""RiverCourt Residences"" with a car passing by on the road.
2. The second frame shows a white and green bus parked outside a building, which appears to be RiverCourt Residences.

Based on this analysis, the actions in the video are:

- Action A: Cars driving by the road (in the first frame).
- Action B: A bus parked outside the building (in the second frame).

So, the correct sequence of actions is:

1. Action A: cars driving by the road
2. Action B: a bus parked outside the building",ABAB,ABAB,AB,valid,valid,False,False,,,
tsh:98,qwen2.5-vl-7b,dino_heal,BA,"The sequence of actions in the video is as follows:

1. The person is seen holding a loaf of bread, which suggests they are about to start preparing a sandwich.
2. The person then places slices of bread on a plate and spreads mayonnaise on one slice.
3. The person adds a slice of ham on top of the mayonnaise-covered slice of bread.

Based on these observations, the actions in the video can be categorized as:

Action A. making a sandwich",AB,AB,,valid,valid,False,False,,,
tsh:99,qwen2.5-vl-7b,dino_heal,AB,"The action in the video is:

Action A. performing a belly button piercing

This is indicated by the person with tattooed arms wearing purple gloves and using a needle to pierce the belly button of the person lying down.",AB,AB,,valid,valid,True,False,,,
tsh:100,qwen2.5-vl-7b,dino_heal,BA,"The sequence of actions in the video shows a person performing a frisbee routine with dogs. The person is seen throwing and catching frisbees, and at one point, a dog is shown being swung on a red plate. Therefore, the correct actions are:

1. Action B: performing a frisbee routine with dogs
2. Action A: swinging a dog on a red plate",BA,BA,BA,valid,valid,True,False,,,
tsh:101,qwen2.5-vl-7b,dino_heal,AB,"The sequence of actions in the video is as follows:

1. The person is seen chopping fresh herbs on a cutting board.
2. The chopped herbs are then added to a pot of soup.

Therefore, the correct order of actions is:
Action A. adding herbs to the soup
Action B. adding ingredients to the soup",AB,AB,AB,valid,valid,True,False,,,
tsh:102,qwen2.5-vl-7b,dino_heal,BA,"The action in the video is:

Action A. playing clarinets

The individuals in the video are shown playing clarinets, as indicated by their hand positions and the instruments they are holding.",AB,AB,,valid,valid,False,False,,,
tsh:103,qwen2.5-vl-7b,dino_heal,AB,"The sequence of actions in the video is as follows:

1. The person is seen holding a cake, which appears to be a chocolate crumble disc.
2. The cake is then placed into a display case.

Therefore, the actions in the video are:
Action A. putting a cake in a display case",AB,AB,,valid,valid,True,False,,,
tsh:104,qwen2.5-vl-7b,dino_heal,AB,"The image shows a person using scissors to trim the fur of a dog, which is part of the grooming process. Therefore, the action depicted in the image is:

Action A. grooming a dog",AB,AB,,valid,valid,True,False,,,
tsh:105,qwen2.5-vl-7b,dino_heal,BA,Action B. grooming a dog,BA,BA,,valid,valid,True,False,,,
tsh:106,qwen2.5-vl-7b,dino_heal,AB,"The sequence of actions in the video is as follows:

1. The first frame shows a person standing next to a yellow vehicle with ""Cabo Adventures"" written on it, suggesting they might be part of a tour group.
2. The second frame shows a group of people riding camels through a desert landscape, which indicates that the tour involves camel rides.

Given these observations, the actions in the video are:

- Action A: guiding a tour in a desert (implied by the presence of the tour vehicle and the desert setting)
- Action B: riding camels (directly shown in the second frame)",AB,AB,AB,valid,valid,True,False,,,
tsh:107,qwen2.5-vl-7b,dino_heal,BA,"The sequence of actions in the video is as follows:

1. The person is shown sitting on a bench, which suggests they might be taking a break or waiting for something.
2. The scene transitions to a close-up of a tattoo artist's hands working on a tattoo, indicating that the person is getting a tattoo.
3. The video then cuts to a person eating a banana, which seems unrelated to the previous scenes and could be a different context or a separate clip.

So, the actions in the video are:

- Action A: Getting a tattoo (from 0:00 to 0:05)
- Action B: Talking to the camera (from 0:05 onwards)",AB,AB,AB,valid,valid,False,False,,,
tsh:108,qwen2.5-vl-7b,dino_heal,AB,"The sequence of actions in the video is as follows:

1. The first frame shows a person exercising in a gym, holding onto a TRX suspension trainer.
2. The second frame shows a person driving a car on a highway.

So, the actions in the video are:

Action A. exercising in a gym
Action B. driving",AB,AB,AB,valid,valid,True,False,,,
tsh:109,qwen2.5-vl-7b,dino_heal,AB,"The sequence of actions in the video is as follows:

1. The first frame shows a person walking around a kayak, which is positioned on the grass near a body of water with houses and palm trees in the background.
2. The second frame transitions to a gym setting where a person is performing an exercise using resistance bands.

Therefore, the actions in the video are:
- Action A: walking around a kayak
- Action B: exercising in a gym",AB,AB,AB,valid,valid,True,False,,,
tsh:110,qwen2.5-vl-7b,dino_heal,BA,"The sequence of actions in the video is as follows:

1. The person is seen standing in a dance studio, wearing ballet attire.
2. The person begins to move, transitioning into a pose where they are balancing on their toes.
3. The camera focuses on the feet, showing the person's pointe shoes as they stand on tiptoe.
4. The person then transitions back to a standing position and appears to be speaking to the camera.

So, the actions in order are:
- Action A: dancing on pointe
- Action B: speaking to the camera",.AB,.AB,AB,valid,valid,False,False,,,
tsh:111,qwen2.5-vl-7b,dino_heal,BA,"Let's analyze the sequence of actions in the video:

1. The first frame shows an empty pot on a stove.
2. The second frame shows a person using a fork and spoon to transfer something from a pot into a bowl.

Given these observations, it appears that the person is preparing ingredients for cooking. However, there is no visible chicken or seasoning in the frames provided. Therefore, we cannot definitively determine which action (A or B) is being performed based solely on the images shown.

If we had more context or additional frames showing the presence of chicken or seasoning, we could make a more accurate determination. Based on the information available, neither Action A nor Action B can be confirmed as the primary action in the video.",)AB,)AB,AB,valid,valid,False,False,,,
tsh:112,qwen2.5-vl-7b,dino_heal,AB,"The image shows a pot of white rice, which is typically used for steaming rice. This suggests that the action being depicted is:

Action A. preparing steamed rice using a rice cooker.",BA,BA,BA,valid,valid,False,False,,,
tsh:113,qwen2.5-vl-7b,dino_heal,AB,"Let's analyze the video clip step by step:

1. The first frame shows a person working on a car, specifically focusing on the wheel area.
2. The second frame shows the same person continuing to work on the wheel, which appears to be a spare tire.

Given these observations, the action being performed is related to changing a tire, which typically involves removing the old tire and installing a new one or a spare tire.

Based on this analysis, the correct action is:

Action A. getting a spare tire out",.BA,.BA,BA,valid,valid,False,False,,,
tsh:114,qwen2.5-vl-7b,dino_heal,BA,"Let's analyze the sequence of actions in the video:

1. The person is seen kneeling beside a car, working on the wheel.
2. They appear to be using a tool to loosen the lug nuts on the wheel.
3. The person then proceeds to remove the wheel from the car.

Given these observations, the action being performed is:

Action A. removing a tire",BA,BA,BA,valid,valid,True,False,,,
tsh:115,qwen2.5-vl-7b,dino_heal,BA,"Let's analyze the video clip step by step:

1. The first frame shows a beach scene with people walking and a motor boat on the shore.
2. The second frame shows a person holding a bottle of sunscreen, which is typically used to protect skin from the sun.
3. The third frame shows a person wearing a headband and a necklace, but there is no visible action related to sunblock application.

Based on these observations, the action that is most likely depicted in the video is:

Action A. wearing sunblock",AB,AB,,valid,valid,False,False,,,
tsh:116,qwen2.5-vl-7b,dino_heal,AB,"The sequence of actions in the video shows:

1. The person is holding and positioning a small object, which appears to be a piece of paper or a similar material.
2. The person then brings their hands together near their mouth, and it looks like they are applying something to their lips.

Given these observations, the actions can be identified as:

Action B. applying lipstick",BA,BA,,valid,valid,False,False,,,
tsh:117,qwen2.5-vl-7b,dino_heal,AB,"Let's analyze the images step by step:

1. The first image shows a hand holding a blender with a mixture of ingredients inside, suggesting that the ingredients are being blended into a paste.
2. The second image shows a hand adding oil to a pan on a stove and then adding what appears to be ground seeds or spices to the pan.

Based on these observations:

- Action A (blending ingredients into a paste) is represented by the first image.
- Action B (adding oil to the pan and frying the seeds with onion paste) is represented by the second image.

Therefore, the correct sequence of actions is:

1. Action A: blending ingredients into a paste
2. Action B: adding oil to the pan and frying the seeds with onion paste",ABAB,ABAB,AB,valid,valid,False,False,,,
tsh:118,qwen2.5-vl-7b,dino_heal,BA,"Let's analyze the sequence of actions shown in the video:

1. The first frame shows a person using a yellow and black power tool to cut through a piece of material, which appears to be a type of sheet or film.
2. The second frame shows a person using a hammer to secure a metal tool into a hole that has been drilled into the material.

Given these observations, we can identify the following actions:

- Action A: Running a sharp object along the paper is not depicted in the provided frames. The action shown involves cutting with a power tool, not running a sharp object along a paper.
- Action B: Screw the tools in place of the holes is partially depicted in the second frame where a hammer is used to secure a tool into a hole. However, this does not fully represent the action as it does not show the screwing process itself.

Therefore, based on the provided frames, the most accurate action described is:

Action B. screwing the tools in place of the holes",ABAB,ABAB,AB,valid,valid,False,False,,,
tsh:119,qwen2.5-vl-7b,dino_heal,AB,"The image shows a glass bowl with a mixture that appears to be dough, which is being mixed with an electric mixer. This action aligns with Action A: mixing ingredients.

The subsequent image shows a flattened dough on a wooden surface, with instructions for adding sugar and cinnamon powder. This action aligns with Action B: rolling out dough and adding sugar on it.

Therefore, the sequence of actions in the video is:

1. Mixing ingredients (Action A)
2. Rolling out dough and adding sugar on it (Action B)",AAABAB,AAABAB,,valid,valid,False,False,,,
tsh:120,qwen2.5-vl-7b,dino_heal,BA,"Let's analyze the images step by step:

1. The first image shows hands pressing down on a flattened dough that is sprinkled with sugar and cinnamon powder. This suggests an action related to preparing a dough for baking, which aligns with Action B.

2. The second image shows a person cutting a rolled dough into slices using a knife. This action is consistent with Action A, as it involves slicing a cake (or similar dough-based item) and placing the slices on a cooking sheet.

Given these observations, the correct sequence of actions based on the provided images is:

1. Action B: rolling a flatten dough
2. Action A: slicing a cake and placing slices on a cooking sheet

So, the final answer is:
Action B. rolling a flatten dough
Action A. slicing a cake and placing slices on a cooking sheet",BABABA,BABABA,BA,valid,valid,False,False,,,
tsh:121,qwen2.5-vl-7b,dino_heal,BA,"The image shows a person using an electric mixer to blend butter and sugar in a glass bowl, which is a step in baking. This action aligns with Action B: mixing ingredients.

Therefore, the correct answer is:
Action B. mixing ingredients",ABB,ABB,AB,valid,valid,False,False,,,
tsh:122,qwen2.5-vl-7b,dino_heal,AB,"The image shows a person's hands working with a piece of dough that is covered in plastic wrap, which suggests that the action being performed is related to preparing the dough for baking. The text overlay indicates that the next step involves using a rolling pin to flatten the dough and adding sugar and cinnamon powder. Therefore, the correct action described in the image is:

Action A. rolling out dough and adding sugar on it",BA,BA,BA,valid,valid,False,False,,,
tsh:123,qwen2.5-vl-7b,dino_heal,AB,"The image shows a person using an electric mixer to blend butter and sugar in a glass bowl, which is Action A: mixing ingredients. The text overlay also indicates that the next step involves adding egg, weak flour, salt, and mixing it, which is another instance of mixing ingredients. Therefore, the primary action depicted in the image is:

Action A. mixing ingredients",AB,AB,,valid,valid,True,False,,,
tsh:124,qwen2.5-vl-7b,dino_heal,BA,"Let's analyze the sequence of actions in the video:

1. The first frame shows a close-up of a baby's face, with hands gently touching or massaging the baby's cheeks.
2. The second frame shows an adult holding the baby, who appears to be looking at the camera with a neutral expression.

Given these observations, it seems that the baby is not crying (Action B) and there is no indication of someone trying to get something in the baby's eye (Action A). Instead, the actions appear to be gentle and caring, possibly part of a routine like feeding or soothing the baby.

Therefore, neither Action A nor Action B accurately describes the main action in the video. If you have more frames or context, please provide them for a more accurate analysis.",BAAB,BAAB,BA,valid,valid,False,False,,,
tsh:125,qwen2.5-vl-7b,dino_heal,AB,"The sequence of actions in the video is as follows:

1. The video starts with a group of people working out on spin bikes.
2. The scene then transitions to a woman sitting and talking to the camera.

So, the actions in the video are:

1. Action A: working out on spin bikes
2. Action B: talking to the camera",.AB,.AB,AB,valid,valid,False,False,,,
tsh:126,qwen2.5-vl-7b,dino_heal,BA,"The video starts with a view of a traditional Japanese temple, which suggests that the action being observed is Action B: observing a temple. The text overlay mentions ""Very often the leaves of a tree connection have won these competitions,"" but this does not directly relate to the actions shown in the video.

After the scene changes, we see a group of people gathered around what appears to be a white box, and one person is receiving it. This suggests that the action being performed is Action A: receiving a white box.

Therefore, the sequence of actions in the video is first observing a temple (Action B) followed by receiving a white box (Action A).",BBBABA,BBBABA,,valid,valid,False,False,,,
tsh:127,qwen2.5-vl-7b,dino_heal,BA,"The image shows a wooden structure with a sign that reads, ""These are the names of all the archers who have won these competitions."" This suggests that the location is likely a place where archery competitions take place, and the sign lists the winners. The image does not show an arrow hitting a board or a temple.

Therefore, based on the provided actions, the correct answer is:

Action B. observing a temple",BA,BA,,valid,valid,True,False,,,
tsh:128,qwen2.5-vl-7b,dino_heal,AB,"The sequence of actions in the video is as follows:

1. The first frame shows a close-up of scissors and a comb, with the text ""How to Get the Haircut You Want"" by ELIZABETH HOLMES. This suggests that the video is about getting a haircut.
2. The second frame shows a person walking down a street with flags in the background. The text ""Step 1: Look like yourself"" appears on the screen.

So, the actions in the video are:
- Action A: cutting hair (implied by the first frame)
- Action B: walking down a street (implied by the second frame)",AB,AB,AB,valid,valid,True,False,,,
tsh:129,qwen2.5-vl-7b,dino_heal,AB,"The action in the video is:

Action B. opening the door

This is because the video shows a person entering a room through an open door, which indicates that the door was opened before they entered.",BA,BA,,valid,valid,False,False,,,
tsh:130,qwen2.5-vl-7b,dino_heal,BA,"The video shows a group of people engaging in an outdoor activity. In the first frame, they are seen walking across a suspension bridge, which is Action B. In the second frame, they are in a red raft navigating through water, which indicates they are rafting down a river, corresponding to Action A.

Therefore, the sequence of actions is: B followed by A.",BA.,BA.,BA,valid,valid,False,False,,,
tsh:131,qwen2.5-vl-7b,dino_heal,AB,"The image shows a cricket match, which is not related to either action A (playing baseball) or action B (holding up a large silver award). Therefore, neither of these actions can be identified in the provided image.",AB,AB,AB,valid,valid,True,False,,,
tsh:132,qwen2.5-vl-7b,dino_heal,BA,"The sequence of actions in the video can be described as follows:

1. **Action B. playing ping pong**: The video starts with a scene where two individuals are engaged in a game of ping pong, with one person actively hitting the ball and the other preparing to return it.

2. **Action A. a person walking towards someone**: After the game of ping pong, the scene transitions to show a person walking towards another individual who is standing still. This action suggests a shift from the active gameplay to a more static interaction between the two people.

So, the correct order of actions is:
- Action B (playing ping pong)
- Action A (a person walking towards someone)",BABBA,BABBA,BA,valid,valid,False,False,,,
tsh:133,qwen2.5-vl-7b,dino_heal,BA,"Let's analyze the images step by step:

1. The first image shows a person using a spray bottle to clean a piece of clothing that is wrapped in a towel. This action suggests that the person is cleaning or treating the garment, which could be part of the washing process.

2. The second image shows a washing machine with a hand turning a knob. This clearly indicates that the person is operating a washing machine, which is a direct action of washing clothes.

Given these observations, we can conclude that the sequence of actions involves both cleaning and washing the garment.

Therefore, the correct answer is:
Action A. washing clothes",AB,AB,,valid,valid,False,False,,,
tsh:134,qwen2.5-vl-7b,dino_heal,AB,"Let's analyze the sequence of actions shown in the video:

1. The first frame shows a tray with what appears to be a mixture of ingredients, possibly for making dough.
2. The second frame shows a pot on a stove with a spatula stirring something, which could be part of the dough-making process.
3. The third frame shows a tray with baked cookies, indicating that the dough has been baked.

Given these observations, the actions in the video can be categorized as follows:

- Action A: making dough (first and second frames)
- Action B: baking cookies (third frame)

Therefore, the correct sequence of actions is:
1. Making dough
2. Baking cookies",AB,AB,AB,valid,valid,True,False,,,
tsh:135,qwen2.5-vl-7b,dino_heal,AB,"The sequence of actions in the video is as follows:

1. **Action A**: The person is seen cutting and taking out small patties of potato.
2. **Action B**: The patties are then fried in a pan.

So, the correct order of actions is:
- First, the patties are cut and taken out (Action A).
- Then, they are fried in a pan (Action B).",ABAB,ABAB,AB,valid,valid,False,False,,,
tsh:136,qwen2.5-vl-7b,dino_heal,BA,"The action in the video is:

Action A. surfing

The person in the video is riding a wave on a surfboard, which is characteristic of surfing.",AB,AB,,valid,valid,False,False,,,
tsh:137,qwen2.5-vl-7b,dino_heal,BA,"The sequence of actions in the video is as follows:

1. The person is seen standing next to a car, holding a surfboard.
2. The person then walks towards the water with the surfboard.

Given these observations, the actions can be described as:

Action B. grabbing a surfboard
Action A. surfing",BA,BA,BA,valid,valid,True,False,,,
tsh:138,qwen2.5-vl-7b,dino_heal,AB,"The sequence of actions in the video is as follows:

1. The person adds the mixture to the kale pot and mixes it.
2. The person then serves the dish with fried sausage and an egg.

So, the correct order of actions is:
Action A. adding the mixture to the kale pot and mixing it
Action B. serving it with fried sausage and egg",AB,AB,AB,valid,valid,True,False,,,
tsh:139,qwen2.5-vl-7b,dino_heal,BA,"The action in the video is:

Action A. tying shoelaces

The person is seen tying the laces of a white sneaker, which indicates that they are putting on the shoe by securing the laces.",AB,AB,,valid,valid,False,False,,,
tsh:140,qwen2.5-vl-7b,dino_heal,AB,"The action in the video is:

Action B. unfolding a note

This can be inferred from the scene where a child is sitting at a table and appears to be unfolding or examining a piece of paper, which suggests they are reading or looking at a note.",BA,BA,,valid,valid,False,False,,,
tsh:141,qwen2.5-vl-7b,dino_heal,BA,"The action in the video is:

Action B. playing a bagpipe

This can be inferred from the close-up of hands holding and manipulating a bagpipe, which is a musical instrument characterized by its distinctive sound and design.",BA,BA,,valid,valid,True,False,,,
tsh:142,qwen2.5-vl-7b,dino_heal,AB,"The first action, A, is playing a piano. The second action, B, is playing a bagpipe. The video shows a person playing a piano and another person playing a bagpipe.",,,,unparseable,unparseable,,False,official parser returned None,,
tsh:143,qwen2.5-vl-7b,dino_heal,AB,"Let's analyze the video step by step:

1. The first frame shows a person inside a car, using a vacuum cleaner to clean the interior of the car.
2. The second frame shows a person outside the car, using a hose to wash the exterior of the car.

Based on this analysis, the actions in the video are:

- Action A: vacuuming the car interior (first frame)
- Action B: washing a car (second frame)",AB,AB,AB,valid,valid,True,False,,,
tsh:144,qwen2.5-vl-7b,dino_heal,BA,"The sequence of events in the video shows:

1. Two individuals are seen preparing for scuba diving, adjusting their gear and equipment.
2. The scene transitions to an underwater setting where multiple scuba divers are exploring the ocean.

Therefore, the actions in the video are:

- Action B. preparing scuba diving (at the beginning)
- Action A. scuba diving in the sea (in the underwater scenes)",BA,BA,BA,valid,valid,True,False,,,
tsh:145,qwen2.5-vl-7b,dino_heal,AB,"The sequence of actions in the video is as follows:

1. The person is shown holding a contact lens case.
2. The person then removes a contact lens from their eye.
3. The person places the contact lens into the case.

Therefore, the correct order of actions is:

Action B. removing contact lenses
Action A. placing contact lenses into a case",BA,BA,BA,valid,valid,False,False,,,
tsh:146,qwen2.5-vl-7b,dino_heal,BA,"The sequence of actions in the video is as follows:

1. The person is shown washing their hands under running water.
2. After washing, the person throws a paper towel into a waste bin.

So, the correct order of actions is:
Action B. washing hands
Action A. throwing a paper towel in the waste bin",BA,BA,BA,valid,valid,True,False,,,
tsh:147,qwen2.5-vl-7b,dino_heal,AB,"Let's analyze the images step by step:

1. The first image shows a pan with chopped beets being drizzled with oil.
2. The second image shows a bowl of mixed vegetables, including shredded carrots and other greens, with a box of golden raisins in the background.

Now, let's match these images to the given actions:

- Action A: ""puring water to a pan"" - This action is not directly visible in either image. There is no water being poured into a pan in the provided images.
- Action B: ""grating carrots"" - The second image shows a bowl of mixed vegetables that includes shredded carrots, which suggests that carrots have been grated.

Based on the analysis, the correct action for the second image is:

Action B. grating carrots",ABB,ABB,AB,valid,valid,False,False,,,
tsh:148,qwen2.5-vl-7b,dino_heal,BA,"The sequence of actions in the video is as follows:

1. The first action shown is chopping kale up on a cutting block.
2. The second action shown is pouring water into a pan.

So, the correct order of actions is:
Action A. chopping kale up on a cutting block
Action B. pouring water to a pan",AB,AB,AB,valid,valid,False,False,,,
tsh:149,qwen2.5-vl-7b,dino_heal,BA,"The image shows a group of people standing by a lake, which aligns with Action A: chilling on a lakeside. There is no visible evidence of them drinking coffee in this particular image.",AB,AB,,valid,valid,False,False,,,
tsh:150,qwen2.5-vl-7b,dino_heal,AB,"The sequence of actions in the video is as follows:

1. **Action A**: Two men turn and look at each other.
2. **Action B**: The same two men, along with others, are shown drinking beer from multiple taps.

So, the correct order of actions is:
- Action A (two men turning and looking at each other)
- Action B (drinking beer)",ABAB,ABAB,AB,valid,valid,False,False,,,
tsh:151,qwen2.5-vl-7b,dino_heal,AB,"The sequence of events in the video can be described as follows:

1. **Action A**: Five men are seen walking on the street, which appears to be a lively urban area with shops and people around.
2. **Action B**: The scene transitions to a group of men sitting at a bar, each holding a glass of beer, and they are drinking from their glasses.

So, the correct order of actions is:
- Action A: Five men walking on the street
- Action B: Drinking beer",ABAB,ABAB,AB,valid,valid,False,False,,,
tsh:152,qwen2.5-vl-7b,dino_heal,BA,"The sequence of actions in the video is as follows:

1. The first frame shows hands making cuts into a shrimp on a wooden cutting board.
2. The second frame shows a hand holding an egg over a bowl, which suggests that the egg will be used in the next step.

Given these observations, the actions can be categorized as:

- Action B: making cuts into the shrimp (first frame)
- Action A: mixing various ingredients (second frame)",BA,BA,BA,valid,valid,True,False,,,
tsh:153,qwen2.5-vl-7b,dino_heal,AB,"Let's analyze the images step by step:

1. The first image shows a person working on the engine of a car, which suggests that they are performing maintenance or repair work.
2. The second image shows a person sitting near a fire made of wood, which indicates that the person is lighting or maintaining a woodfire.

Based on this analysis, the actions in the video are:

- Action A: Extracting oil from a car engine (in the first image)
- Action B: Lighting a woodfire (in the second image)",AB,AB,AB,valid,valid,True,False,,,
tsh:154,qwen2.5-vl-7b,dino_heal,BA,"The sequence of actions in the video is as follows:

1. The person is seen talking to the camera.
2. The scene transitions to show a dog being dried with a towel.

So, the actions are:
Action A. drying a dog
Action B. talking to the camera",.AB,.AB,AB,valid,valid,False,False,,,
tsh:155,qwen2.5-vl-7b,dino_heal,BA,"The sequence of actions in the video is as follows:

1. The person is holding a container of pink powder and a brush, indicating they are about to apply makeup.
2. The person then applies the pink powder to their hair using the brush.

So, the actions in order are:
- Action A: applying makeup to hair
- Action B: talking to the camera",AB,AB,AB,valid,valid,False,False,,,
tsh:156,qwen2.5-vl-7b,dino_heal,AB,Action A. talking to the camera,AB,AB,,valid,valid,True,False,,,
tsh:157,qwen2.5-vl-7b,dino_heal,BA,"Let's analyze the sequence of actions in the video:

1. The person is seen holding a blender with a mixture inside.
2. The person then pours the contents of the blender into a bowl of lettuce.

Given these observations, the action that occurs first is pouring the dressing on the lettuce (Action A), and the action that follows is blending all the ingredients together (Action B).

Therefore, the correct order of actions is:
1. Action A: pouring dressing on the lettuce
2. Action B: blending all the ingredients together",ABAB,ABAB,AB,valid,valid,False,False,,,
tsh:158,qwen2.5-vl-7b,dino_heal,AB,"The sequence of actions in the video is as follows:

1. The video starts with two men sitting on a bench, engaged in conversation.
2. The scene then transitions to an outdoor setting where the same two men are seen playing croquet.

So, the correct order of actions is:

Action A. two men sitting and talking
Action B. arguing with croquet balls",AB,AB,AB,valid,valid,True,False,,,
tsh:159,qwen2.5-vl-7b,dino_heal,BA,"The action in the video is:

Action A. swinging on a swing

The person in the video is seen swinging on a swing, which is attached to a wooden structure. The person appears to be enjoying the motion of swinging.",AB,AB,,valid,valid,False,False,,,
tsh:160,qwen2.5-vl-7b,dino_heal,AB,"The sequence of events in the video is as follows:

1. The video starts with a person opening a door.
2. After the door opens, a child wearing a hat and shorts is seen going down a red slide.

So, the actions in the video are:

Action A. opening a door
Action B. a child going down the slide",AB,AB,AB,valid,valid,True,False,,,
tsh:161,qwen2.5-vl-7b,dino_heal,BA,"The video shows a child being pushed on a swing, which indicates that the action is:

Action B. swinging on a swing",BA,BA,,valid,valid,True,False,,,
tsh:162,qwen2.5-vl-7b,dino_heal,BA,"The action in the video is:

Action A. a child going down the slide

The child is seen sliding down the orange slide, while another person is standing nearby.",AB,AB,,valid,valid,False,False,,,
tsh:163,qwen2.5-vl-7b,dino_heal,AB,"The sequence of actions in the video is as follows:

1. **Action A**: Bringing a pot of salted water to a boil.
2. **Action B**: Cooking pasta.

The video starts with a pot of water being brought to a boil, and then it transitions to showing pasta being cooked in the boiling water. Therefore, the correct order of actions is:

1. Bring a large pot of lightly salted water to a boil.
2. Cook the pasta until cooked through but firm to the bite.",AB.,AB.,AB,valid,valid,False,False,,,
tsh:164,qwen2.5-vl-7b,dino_heal,BA,"The sequence of actions in the video shows people washing clothes by hand in blue buckets filled with soapy water, which is Action B. Washing clothes. After washing, the clothes are hung on a clothesline, which is Action A. Hanging laundry on a clothesline. Therefore, the correct order of actions is:

1. Washing clothes (Action B)
2. Hanging laundry on a clothesline (Action A)",BABA,BABA,AB,valid,valid,False,False,,,
tsh:165,qwen2.5-vl-7b,dino_heal,AB,"Action A. walking through a door

The video starts with a person walking through a door, transitioning from one room to another. The scene then shifts to show a bar setting with various items on display, including an amplifier. Therefore, the initial action is clearly Action A. walking through a door.",AB,AB,,valid,valid,True,False,,,
tsh:166,qwen2.5-vl-7b,dino_heal,BA,"The sequence of actions in the video is as follows:

1. The first action shown is a biker performing a jump on a dirt track, which can be described as ""bikers flying through the sky.""
2. The second action shown is a person opening a coconut with a knife.

So, the correct order of actions is:
Action B. bikers flying through the sky
Action A. opening the coconut using a knife",BA,BA,BA,valid,valid,True,False,,,
tsh:167,qwen2.5-vl-7b,dino_heal,BA,"The action in the video is:

Action B. walking down stairs

This can be inferred from the person's movement and the setting, which shows them descending a staircase.",BA,BA,,valid,valid,True,False,,,
tsh:168,qwen2.5-vl-7b,dino_heal,BA,"The video shows a person cleaning a car tire with a brush, which corresponds to Action A: cleaning car tires. The text overlay also mentions ""Wheels and tires are thoroughly cleaned,"" further supporting this action.",AB,AB,,valid,valid,False,False,,,
tsh:169,qwen2.5-vl-7b,dino_heal,AB,"The video shows a person cleaning a car tire with a cloth, which corresponds to Action A: cleaning car tires. The text ""Wheels and tires are thoroughly cleaned"" also supports this action. Additionally, there is a scene where steam is being used on the engine, which corresponds to Action B: steam cleaning the car's engine. However, the video does not show the entire process of steam cleaning the engine, only a brief moment of it. Therefore, based on the visible content, the primary action shown is:

Action A: cleaning car tires",ABA,ABA,AB,valid,valid,False,False,,,
tsh:170,qwen2.5-vl-7b,dino_heal,BA,"The sequence of events in the video shows:

1. A player is seen scoring a goal in a water polo match.
2. The scene then transitions to a group of athletes standing on a podium, holding flags and raising their hands in celebration.

Based on this sequence, the actions can be identified as follows:

- Action B: playing water polo (during the first part of the video)
- Action A: celebrating on the podium (during the second part of the video)",BA,BA,BA,valid,valid,True,False,,,
tsh:171,qwen2.5-vl-7b,dino_heal,AB,"The action in the video is:

Action A. scuba diving through a cave

This is evident from the text overlay ""Swim through a cavern to a hidden haven of fresh water"" and the presence of divers exploring underwater caves.",AB,AB,,valid,valid,True,False,,,
tsh:172,qwen2.5-vl-7b,dino_heal,BA,"Let's analyze the sequence of events in the video:

1. The video starts with a close-up of a person's hands, which appear to be preparing food.
2. The next frame shows a person holding a plate with what looks like spring rolls and a small bowl of sauce.
3. The following frames depict a group of people sitting around a table, eating and interacting with each other.
4. The final frame shows a person using chopsticks to pick up food from a plate.

Given these observations, it seems that the action of plating the spring rolls with sauce (Action A) is taking place before the group of people start eating. Therefore, the correct order of actions is:

1. Plating the spring rolls with sauce (Action A)
2. Adding the spring rolls to hot oil (Action B)

However, since Action B is not shown in the provided frames, we can only confirm that Action A is happening first based on the visible content.",AABBA,AABBA,,valid,valid,False,False,,,
tsh:173,qwen2.5-vl-7b,dino_heal,BA,"The image shows a hand holding a package of noodles, which suggests that the action is about to be taken with the noodles. Therefore, the most likely action is:

Action A. putting noodles in boiling water and separating them",AB,AB,,valid,valid,False,False,,,
tsh:174,qwen2.5-vl-7b,dino_heal,AB,"The image provided shows a scene from a bullfighting event, where a bull is being led by a matador. Therefore, the action depicted in the image is:

Action A. bullfighting",AB,AB,,valid,valid,True,False,,,
tsh:175,qwen2.5-vl-7b,dino_heal,BA,"The action depicted in the video is:

Action B. putting on safety harnesses

This can be inferred from the image showing individuals preparing for an activity that involves safety harnesses, which is typically done before engaging in activities like bungee jumping or similar thrill-seeking activities. The presence of the tower and the individuals' attire suggest they are getting ready for such an activity.",BA,BA,,valid,valid,True,False,,,
tsh:176,qwen2.5-vl-7b,dino_heal,AB,"The action in the video is:

Action A. jumping and walking on the stilts

This is evident from the person's movement, which involves using stilts to walk and jump, as seen in the sequence of frames.",AB,AB,,valid,valid,True,False,,,
tsh:177,qwen2.5-vl-7b,dino_heal,BA,"The sequence of events in the video shows:

1. A person performing a skateboard trick on a ramp.
2. The same person landing the trick successfully and continuing to ride.
3. The scene transitions to three individuals standing together, each holding an award.

Given these observations, the actions can be categorized as follows:

- Action B: performing skateboard tricks (during the first part of the video)
- Action A: celebrating awards (during the second part of the video)",BA,BA,BA,valid,valid,True,False,,,
tsh:178,qwen2.5-vl-7b,dino_heal,AB,"The sequence of actions in the video is as follows:

1. The first action (A) shows a person performing skateboarding tricks on a ramp, which includes grinding and sliding along the edge of the ramp.
2. The second action (B) shows three individuals standing together, each holding a framed award, indicating they have won a competition.

So, the correct order of actions is: Action A followed by Action B.",))AB,))AB,AB,valid,valid,False,False,,,
tsh:179,qwen2.5-vl-7b,dino_heal,BA,"The video starts with a scene inside a bus, showing passengers seated and looking out of the windows. This indicates that the action is Action B: traveling on bus.

The scene then transitions to an outdoor setting where people are floating on inner tubes in a body of water. This indicates that the action has changed to Action A: floating on inner tubes in the water.",BA,BA,BA,valid,valid,True,False,,,
tsh:180,qwen2.5-vl-7b,dino_heal,AB,"The sequence of events in the video shows:

1. The first frame depicts an exterior view from an airplane window, showing the wing and part of the airport tarmac.
2. The second frame shows a person inside an airplane, holding a green object, which appears to be a toy or a prop.
3. The third frame transitions to a snowy landscape where a person is skiing down a slope.

Based on these observations, the actions in the video are:

- Action A: flying in a plane (from the first and second frames)
- Action B: skiing down a snowy slope (from the third frame)",AB,AB,AB,valid,valid,True,False,,,
tsh:181,qwen2.5-vl-7b,dino_heal,BA,"The sequence of actions in the video is as follows:

1. The first action shown is a hand holding a sweet potato, which appears to be being prepared for some form of crafting or decoration.
2. The second action shows a hand placing items into a wicker basket that contains various objects such as magazines, a wine bottle, and other miscellaneous items.

Given these observations, the correct sequence of actions is:

Action A. filling a basket
Action B. drawing on a sweet potato",AB,AB,AB,valid,valid,False,False,,,
tsh:182,qwen2.5-vl-7b,dino_heal,AB,"The sequence of actions in the video is as follows:

1. The person is seen cutting something on a cutting board, which appears to be a chicken leg.
2. The scene then transitions to a pan on a stove where various spices are being added to a mixture.

Therefore, the correct order of actions is:
Action A. making cuts into the chicken leg
Action B. adding various spices to the pan",AB,AB,AB,valid,valid,True,False,,,
tsh:183,qwen2.5-vl-7b,dino_heal,BA,"The sequence of actions in the video is as follows:

1. The video starts with a view of flowing water, indicating that the scene is set in a river or stream.
2. The camera then shifts to show a person holding a kayak paddle, suggesting that they are preparing to kayak.

So, the actions in the video are:

1. B. flowing water
2. A. holding a kayak paddle",,,,unparseable,unparseable,,False,official parser returned None,,
tsh:184,qwen2.5-vl-7b,dino_heal,AB,"The action in the video is:

Action B. mixing ingredients

This is evident from the close-up of a bowl where butter, brown sugar, and cinnamon powder are being combined, as indicated by the text overlay ""Combine 225g of butter with 1 cup of brown sugar and 1/2 tsp of cinnamon powder."" The mixing process is shown in the video, which aligns with the action of mixing ingredients.",BA,BA,,valid,valid,False,False,,,
tsh:185,qwen2.5-vl-7b,dino_heal,AB,"The sequence of actions in the video is as follows:

1. The video starts with a close-up of a bowl containing a mixture of candied fruits and liquor.
2. The text overlay suggests adding 75ml of rum or another favorite liquor to the mixture, indicating that this is an action related to preparing the fruit cake.
3. The next scene shows a person using a spoon to mix the candied fruits with the liquor, ensuring they are well combined.

Therefore, the first action in the video is:
Action A. mixing candied fruits with liquor

The second action is not shown in the provided frames, but it can be inferred from the context that it would involve smoothing the batter after the fruits have been mixed with the liquor. However, since the video does not show this step, we cannot confirm it as a separate action based on the given frames.",AB,AB,BA,valid,valid,True,False,,,
tsh:186,qwen2.5-vl-7b,dino_heal,BA,"Let's analyze the sequence of events in the video:

1. The video starts with a close-up of a yellow mixing bowl where ingredients are being mixed.
2. The scene then transitions to a tray of cookies that have been baked and are cooling on a wire rack.

Given these observations, we can conclude that the actions in the video are:

Action A. baking cookies",AB,AB,,valid,valid,False,False,,,
tsh:187,qwen2.5-vl-7b,dino_heal,AB,"The sequence of events in the video can be described as follows:

1. Two individuals are playing table tennis, but one of them is using a ball that appears to be on fire.
2. The scene then transitions to a person holding a camera and showing it to the viewer.
3. The final frame shows a hand reaching into a container filled with ping pong balls.

Given these observations, the actions in the video can be categorized as:

- Action A: playing table tennis with unusual objects (the burning ball).
- Action B: collecting ping pong balls (the hand reaching into the container).

So, the correct answer is that there are two actions in the video: playing table tennis with unusual objects and collecting ping pong balls.",AB,AB,AB,valid,valid,True,False,,,
tsh:188,qwen2.5-vl-7b,dino_heal,BA,"The sequence of actions in the video can be described as follows:

1. The first frame shows a person holding a sparkler, which is not directly related to the actions mentioned in the question.
2. The second frame shows a person holding a baseball bat on a table, which is an unusual object for playing table tennis.
3. The third frame shows a person holding a camera, which is unrelated to the actions mentioned in the question.

Given the information provided, the action that best fits the description in the video is:

Action B. playing table tennis with unusual objects",BA,BA,,valid,valid,True,False,,,
tsh:189,qwen2.5-vl-7b,dino_heal,AB,"The sequence of actions in the video is as follows:

1. The person is seen kneeling and opening a case, which suggests they are taking a bike out of the case.
2. After taking the bike out of the case, the person begins to assemble it by adjusting the handlebars.

Therefore, the actions in the video are:
- Action A: taking a bike out of a case
- Action B: assembling a bicycle",AB,AB,AB,valid,valid,True,False,,,
tsh:190,qwen2.5-vl-7b,dino_heal,BA,"Let's analyze the images step by step:

1. The first image shows a close-up of a makeup brush with the text ""elf professional Eyeshadow Brush"" visible on it.
2. The second image shows a person applying nail polish to their nails using a brush.

Based on these observations, the sequence of actions is as follows:

- The first action is holding a makeup brush (Action B).
- The second action is brushing nails (Action A).

Therefore, the correct order of actions is:

1. Action B: holding a makeup brush
2. Action A: brushing nails",BABA,BABA,BA,valid,valid,False,False,,,
tsh:191,qwen2.5-vl-7b,dino_heal,BA,Action A. painting nails,AB,AB,,valid,valid,False,False,,,
tsh:192,qwen2.5-vl-7b,dino_heal,AB,"Let's analyze the video clip step by step:

1. The first frame shows a person holding a bowl of what appears to be rhubarb, which is a vegetable often used in cooking.
2. The second frame shows the same person, but now they are holding a spoon and appear to be tasting something from a bowl or container.

Given these observations, it seems that the person is likely preparing a dish involving rhubarb. Therefore, the most appropriate action described in the video is:

Action A. cooking rhubarb on the stove",AB,AB,,valid,valid,True,False,,,
tsh:193,qwen2.5-vl-7b,dino_heal,BA,"Let's analyze the video clip step by step:

1. The first frame shows a person pouring a liquid from a small container into a pot on a stove.
2. The second frame shows the same person stirring something in a large metal bowl with a whisk.

Given these observations, the actions in the video are:

- Action B: mixing ingredients (in the bowl with the whisk)
- Action A: not present in the frames provided

Therefore, the correct action based on the provided frames is:

Action B. mixing ingredients",BABB,BABB,BA,valid,valid,False,False,,,
tsh:194,qwen2.5-vl-7b,dino_heal,AB,"The sequence of actions in the video is as follows:

1. **Action A**: Pouring the eggs and stirring them.
2. **Action B**: Plating the eggs and seasoning them.

The video starts with the eggs being poured into a pan, followed by stirring. Then, the eggs are plated on a plate, and seasoning is added to the eggs.",AB,AB,AB,valid,valid,True,False,,,
tsh:195,qwen2.5-vl-7b,dino_heal,AB,"The sequence of actions in the video is as follows:

1. The first frame shows a person running in a field, which corresponds to Action A.
2. The second frame shows people rafting in a river, which corresponds to Action B.

So, the correct order of actions is:
Action A. running in the field
Action B. rafting in the river",ABAB,ABAB,AB,valid,valid,False,False,,,
tsh:196,qwen2.5-vl-7b,dino_heal,BA,"The video shows a sequence of events where people are walking in a crowd and then transitioning to a scene with individuals playing drums. 

1. The first part of the video depicts a group of people walking together, which aligns with Action A: walking in a crowd.
2. The second part of the video shows individuals playing drums, which aligns with Action B: a drumming performance.

Therefore, the actions in the video are:
- Action A: walking in a crowd
- Action B: a drumming performance",ABAB,ABAB,AB,valid,valid,False,False,,,
tsh:197,qwen2.5-vl-7b,dino_heal,BA,"The sequence of actions in the video is as follows:

1. The person is initially seen skateboarding down a hill.
2. Later, the person is shown sitting on a bench holding a skateboard upright.

So, the correct order of actions is:

Action B. skateboarding down a hill
Action A. setting the board upright",BA,BA,BA,valid,valid,True,False,,,
tsh:198,qwen2.5-vl-7b,dino_heal,AB,"The first image shows two individuals inside a vehicle, with one person driving and the other sitting in the passenger seat. This suggests that Action A (driving a convertible) is taking place.

The second image shows two individuals descending an escalator, which indicates that Action B (riding down an escalator) is occurring.",AB,AB,AB,valid,valid,True,False,,,
tsh:199,qwen2.5-vl-7b,dino_heal,BA,"The action in the video is:

Action B. riding down an escalator

This can be inferred from the visible escalator and the movement of people descending it.",BA,BA,,valid,valid,True,False,,,
tsh:200,qwen2.5-vl-7b,dino_heal,AB,"Let's analyze the sequence of actions shown in the video:

1. The person is seen seasoning a piece of food with a fork, which appears to be goose liver.
2. The next scene shows a pot on the stove with what looks like grapes and possibly some liquid.
3. The person then adds a small amount of a dark substance from a container into the pot.

Given these observations, we can identify the following actions:

- Action A: Seasoning the goose liver (this occurs in the first part of the video).
- Action B: Removing an ingredient (the grapes) and adding another (the dark substance) into the pot (this occurs in the second part of the video).

Therefore, the correct sequence of actions is:
1. Action A: seasoning the goose liver
2. Action B: removing an ingredient and adding another",ABAB,ABAB,AB,valid,valid,False,False,,,
tsh:201,qwen2.5-vl-7b,dino_heal,BA,"Let's analyze the sequence of actions shown in the video:

1. The first frame shows a person adding ingredients into a stand mixer, which is typically used for mixing ingredients.
2. The second frame shows a person setting the temperature and timer on an oven, which is used for baking.

Given these observations, the actions can be categorized as follows:

- Action B: mixing ingredients (first frame)
- Action A: baking cookies (second frame)

Therefore, the correct sequence of actions is:
1. Baking cookies
2. Mixing ingredients",BA,BA,BA,valid,valid,True,False,,,
tsh:202,qwen2.5-vl-7b,dino_heal,AB,"Let's analyze the images step by step:

1. The first image shows a person adding an ingredient from a small container into a stand mixer. This action is clearly related to mixing ingredients.
2. The second image shows a person placing a tray of cookies onto a cooling rack. This action is related to taking cookies out of the oven.

Based on this analysis, the correct sequence of actions is:

Action A. mixing ingredients
Action B. taking cookies out of the oven

So, the correct order is: Action A followed by Action B.",ABAB,ABAB,AB,valid,valid,False,False,,,
tsh:203,qwen2.5-vl-7b,dino_heal,BA,"The sequence of actions in the video is as follows:

1. **Action B. Adding ingredients to a salad**: The video starts with a close-up of a bowl where various ingredients like shredded carrots, chopped tomatoes, and cilantro are being added.
2. **Action A. Preparing a salad**: After the ingredients are added, the video transitions to a wider shot showing a person standing behind a table with a completed salad, indicating that the salad preparation is complete.

So, the correct order of actions is:
1. Action B. Adding ingredients to a salad
2. Action A. Preparing a salad",BABA,BABA,BA,valid,valid,False,False,,,
tsh:204,qwen2.5-vl-7b,dino_heal,AB,"The sequence of actions in the video is as follows:

1. The person is seen preparing ingredients, which includes chopping vegetables and possibly other components for the salad.
2. The person then adds these prepared ingredients into a bowl, which appears to be a salad.

Therefore, the correct order of actions is:
Action A. preparing ingredients
Action B. adding ingredients to a salad",AB,AB,AB,valid,valid,True,False,,,
tsh:205,qwen2.5-vl-7b,dino_heal,BA,"The video shows a person holding a container of ice cream, which suggests that the action is related to consuming ice cream. Therefore, the correct answer is:

Action B. eating ice cream",BA,BA,,valid,valid,True,False,,,
tsh:206,qwen2.5-vl-7b,dino_heal,AB,"The image shows a person in a laboratory setting, holding a small bottle and some test tubes, which suggests that they are conducting an experiment or testing something. This action is related to scientific research rather than applying sunscreen or packing up stuff in a box.

Therefore, the correct action described in the image is:

Action A. applying sunscreen",AB,AB,,valid,valid,True,False,,,
tsh:207,qwen2.5-vl-7b,dino_heal,BA,"The sequence of actions in the video is as follows:

1. **Action B. adding garlic to hot oil in a pan**: The video starts with a close-up of a measuring cup filled with oil, which is then poured into a pan on a stove. The text ""part 1: prep the garlic"" appears, indicating that the next step involves preparing garlic. The oil is heated until it reaches a certain temperature, and sliced garlic is added to the pan. The text ""add sliced garlic"" and ""until the garlic browns..."" appear, guiding the viewer through the process.

2. **Action A. cooking chicken and pasta**: After the garlic is browned, the text ""enjoy!"" appears, suggesting that the dish is ready to be served. This implies that the next steps involve cooking the chicken and pasta, which are likely part of the same meal being prepared.

Therefore, the correct order of actions is:
1. Action B. adding garlic to hot oil in a pan
2. Action A. cooking chicken and pasta",BABA,BABA,BA,valid,valid,False,False,,,
tsh:208,qwen2.5-vl-7b,dino_heal,AB,"The sequence of events in the video shows:

1. A group of people traveling on a bus.
2. The same group of people celebrating with a trophy.

Therefore, the actions in the video are:

1. Action A: traveling on a bus
2. Action B: celebrating with a trophy",AB,AB,AB,valid,valid,True,False,,,
tsh:209,qwen2.5-vl-7b,dino_heal,BA,"The action in the video is:

Action A. decorating a Christmas tree",AB,AB,,valid,valid,False,False,,,
tsh:210,qwen2.5-vl-7b,dino_heal,AB,"The sequence of actions in the video is as follows:

1. The person is seen assembling a stand, which appears to be part of a Christmas tree setup.
2. The scene transitions to show the person decorating a Christmas tree.

So, the correct order of actions is:

A. assembling a stand
B. decorating a Christmas tree",,,,unparseable,unparseable,,False,official parser returned None,,
tsh:211,qwen2.5-vl-7b,dino_heal,BA,"The image provided is a still frame from a video, and it appears to be the closing credits of a show titled ""Growing Wisdom with David Epstein."" The text on the screen includes names such as the host/producer, horticultural consultant, technical/hosting services provider, and camera/editor. There is also a website mentioned for further information.

Given this context, the action depicted in the image is:

Action A. the end credits",AB,AB,,valid,valid,False,False,,,
tsh:212,qwen2.5-vl-7b,dino_heal,AB,"The image shows a tree with mulch around its base, which is typically done as part of gardening activities to retain moisture and suppress weeds. Therefore, the action depicted in the image is:

Action A. gardening activities",AB,AB,,valid,valid,True,False,,,
tsh:213,qwen2.5-vl-7b,dino_heal,BA,"The sequence of actions in the video is as follows:

1. The video starts with a pan on a stove, indicating that the oil is being heated for frying.
2. The next scene shows the onion rings being fried in the oil, which is bubbling, indicating it is at the right temperature for frying.
3. After the onion rings are fried, the video transitions to a table where ingredients for a dipping sauce are laid out: mayonnaise, hot sauce, and milk.

Given this sequence, the correct order of actions is:

1. Frying the onion rings (Action B)
2. Mixing mayonnaise, hot sauce, and milk (Action A)",BA,BA,BA,valid,valid,True,False,,,
tsh:214,qwen2.5-vl-7b,dino_heal,AB,"The image provided does not show a globe or a bowling ball, so it's not possible to determine which action is taking place based on this single frame. However, if we were to analyze the context of the video, ""ALL-STAR BOWLING TRICK SHOTS"" suggests that the video might be about bowling tricks, and Action B (throwing a bowling ball down a slide) could be one of those tricks. If the image was part of a sequence showing such a trick, then Action B would be the relevant action. Without additional frames or context, we cannot definitively identify the action taking place in the image.",BA,BA,,valid,valid,False,False,,,
tsh:215,qwen2.5-vl-7b,dino_heal,BA,"The video begins with divers on a boat, preparing to dive into the ocean. This suggests that Action B, diving into the ocean, is the initial action. The scene then transitions to an underwater environment where the divers are exploring a submerged cockpit, which indicates Action A, exploring a submerged cockpit.

Therefore, the sequence of actions in the video is:

1. Diving into the ocean (Action B)
2. Exploring a submerged cockpit (Action A)",BABA,BABA,BA,valid,valid,False,False,,,
tsh:216,qwen2.5-vl-7b,dino_heal,AB,"The sequence of actions in the video is as follows:

1. **Action A**: Heating oil in a pan and cooking the pork.
2. **Action B**: Breaking eggs into a bowl and adding an extra yolk.

The first action (heating oil and cooking pork) is shown at the beginning, followed by the second action (breaking eggs and adding an extra yolk).",AB,AB,AB,valid,valid,True,False,,,
tsh:217,qwen2.5-vl-7b,dino_heal,AB,"The video shows two children sitting at a table, each holding an ice cream cone and taking bites from it. Therefore, the action in the video is:

Action A. eating ice cream",AB,AB,,valid,valid,True,False,,,
tsh:218,qwen2.5-vl-7b,dino_heal,BA,"The sequence of actions in the video shows a person tying a piece of fabric into a bag, which involves creating a drawstring and then tying it off with a double knot. Therefore, the correct sequence of actions is:

1. Action B: making a drawstring bag
2. Action A: tying a double knot",BA,BA,BA,valid,valid,True,False,,,
tsh:219,qwen2.5-vl-7b,dino_heal,AB,"The action depicted in the video is:

Action A. a person falling on a bowling lane

This can be inferred from the image showing a person lying on the ground in what appears to be a bowling lane, suggesting they have fallen. There is no indication of a bowling ball being shot from a cannon in this particular frame.",AB,AB,,valid,valid,True,False,,,
tsh:220,qwen2.5-vl-7b,dino_heal,BA,"The sequence of actions in the video is as follows:

1. **Action B: Boiling and Draining Udon Noodles**
   - The person is seen holding a package of udon noodles, which suggests they are about to cook them.
   - The next frame shows the udon noodles being boiled in a pot of water.

2. **Action A: Boiling Chicken Broth**
   - After the udon noodles are cooked, the scene transitions to a pot of chicken broth that is boiling on the stove.

So, the correct order of actions is:
- **B. Boiling and draining udon noodles**
- **A. Boiling chicken broth**",BA..,BA..,BA,valid,valid,False,False,,,
tsh:221,qwen2.5-vl-7b,dino_heal,BA,"The action depicted in the video is:

Action A. shoveling snow

This can be inferred from the person in the video using a shovel to clear snow from the ground.",AB,AB,,valid,valid,False,False,,,
tsh:222,qwen2.5-vl-7b,dino_heal,AB,"The image shows a person standing outside holding a shovel, which suggests that the action is:

Action B. shoveling snow.",BA,BA,,valid,valid,False,False,,,
tsh:223,qwen2.5-vl-7b,dino_heal,AB,"The image shows a list of ingredients needed for cooking pasta, which includes a large pot filled with water, pasta (80 grams per person), and salt to taste. This suggests that the next action is likely to be preparing these ingredients for cooking.

Therefore, the correct answer is:
Action A. preparing ingredients for cooking",AB,AB,,valid,valid,True,False,,,
tsh:224,qwen2.5-vl-7b,dino_heal,BA,"Let's analyze the images step by step:

1. The first image shows a person wearing a helmet and what appears to be a harness, which is typically used for skydiving or bungee jumping.
2. The second image shows a person standing on a bridge with other people around them. The structure of the bridge and the presence of people suggest that they might be preparing for an activity involving the bridge.

Given these observations, it seems more likely that the person in the first image is involved in skydiving, as indicated by the helmet and harness. The second image does not provide enough context to determine if the people are climbing stairs on a bridge or if there is any connection to skydiving.

Therefore, based on the available information, the most probable action in the video is:

Action B. skydiving",BA,BA,,valid,valid,True,False,,,
tsh:225,qwen2.5-vl-7b,dino_heal,BA,"Let's analyze the images step by step:

1. The first image shows a person pouring a liquid from a bottle into a pot on a stove. This action is typically associated with cooking or preparing a dish, which suggests that this could be related to making syrup.

2. The second image shows a person holding a glass with a straw and some decorations on it. This action is more related to preparing a drink, possibly for serving, which aligns with the action of decorating straws.

Based on these observations, the sequence of actions in the video can be described as follows:

- Action B: making syrup (first image)
- Action A: decorating straws (second image)",BA,BA,BA,valid,valid,True,False,,,
tsh:226,qwen2.5-vl-7b,dino_heal,BA,"The video shows a man speaking to the camera, which corresponds to Action B. Talking to the camera. Additionally, there is a scene of people playing polo on horses, which corresponds to Action A. Playing polo.",B.A,B.A,BA,valid,valid,False,False,,,
tsh:227,qwen2.5-vl-7b,dino_heal,AB,"The video shows a person riding a horse and swinging a mallet, which is characteristic of the sport of polo. Therefore, the action in the video is:

Action A. playing polo",AB,AB,,valid,valid,True,False,,,
tsh:228,qwen2.5-vl-7b,dino_heal,BA,"The sequence of actions in the video is as follows:

1. The person is initially standing and appears to be talking, which corresponds to Action B.
2. The person then bends down and begins to move dirt around the base of a tree, which corresponds to Action A.

So, the correct order of actions is: B -> A.",BA.,BA.,BA,valid,valid,False,False,,,
tsh:229,qwen2.5-vl-7b,dino_heal,AB,"The sequence of actions in the video is as follows:

1. The person is seen mashing the potatoes, which is Action A.
2. After mashing the potatoes, the person places the mashed potatoes into a bowl along with the lamb, which is Action B.

So, the correct order of actions is:
Action A. mashing the potatoes
Action B. placing the lamb and potatoes in a bowl",ABAB,ABAB,BA,valid,valid,False,False,,,
tsh:230,qwen2.5-vl-7b,dino_heal,BA,"Let's analyze the sequence of events in the video:

1. The first frame shows a person walking down a hallway, which is not directly related to the actions described.
2. The second frame shows a close-up of a hand pressing a button on a hand sanitizer dispenser labeled ""Purell."" This action is clearly related to ""washing hands and using hand sanitizers.""
3. The third frame shows a doctor examining a patient's leg, which is related to ""a doctor reviewing the injured leg.""

Given this analysis, the correct sequence of actions is:

Action A. washing hand and using hand sanitizes
Action B. a doctor reviewing the injured leg

The correct answer is that Action A occurs before Action B.",ABAB,ABAB,AB,valid,valid,False,False,,,
tsh:231,qwen2.5-vl-7b,dino_heal,BA,"Let's analyze the sequence of actions shown in the video:

1. The first frame shows a telephone on a desk, which suggests an action related to making a call.
2. The second frame shows a person washing their hands under a faucet, which is a hygiene action.
3. The third frame shows a person using a hand sanitizer dispenser, which is another hygiene action.

Given these observations, the actions in the video can be categorized as follows:

- Action A: washing hand and using hand sanitizes (Frames 2 and 3)
- Action B: making a call (Frame 1)

Therefore, the correct categorization for the actions in the video is:

Action A: washing hand and using hand sanitizes",ABA,ABA,AB,valid,valid,False,False,,,
tsh:232,qwen2.5-vl-7b,dino_heal,AB,"Let's analyze the video clip step by step:

1. The first frame shows a person walking down a hallway, which is not directly related to the actions described.
2. The second frame shows a medical setting where a doctor is examining an injured leg of a patient. This action aligns with ""a doctor reviewing the injured leg.""
3. The third frame shows a person in a hospital setting, possibly a nurse or another medical professional, who appears to be on the phone. This action aligns with ""making a call.""

Based on this analysis, the correct actions in the video are:

- Action A: a doctor reviewing the injured leg
- Action B: making a call",AAAB,AAAB,,valid,valid,False,False,,,
tsh:233,qwen2.5-vl-7b,dino_heal,BA,"The prominent action in the video is:

Action A. applying mixture to a wall

The video shows a person wearing a blue uniform and a white cap, using a trowel to apply a mixture to a wall. The mixture appears to be sand cement plaster, as indicated by the sign on the wall.",AB,AB,,valid,valid,False,False,,,
tsh:234,qwen2.5-vl-7b,dino_heal,AB,"The sequence of images provided does not show a continuous action but rather a series of different scenes. Here's what can be inferred from each image:

1. The first image shows a laboratory setting with a sign that says ""EMERGENCY,"" which is not directly related to the actions described.
2. The second image shows hands working with a petri dish, which could be part of the process of preparing a vaccine (Action A).
3. The third image shows a person wearing a helmet and looking at a computer screen displaying brain scans, which suggests that this is a scene involving a medical procedure or research (Action B).

Given these observations, the actions depicted in the images are:

- Action A: preparing a vaccine (the second image)
- Action B: performing an MRI scan (the third image)",BABAB,BABAB,BA,valid,valid,False,False,,,
tsh:235,qwen2.5-vl-7b,dino_heal,BA,"The sequence of actions in the video is as follows:

1. The first frame shows a person wearing gloves, which suggests a laboratory or medical setting.
2. The second frame shows a close-up of a hand holding a pipette over a petri dish, which is commonly used in laboratory work for culturing cells or bacteria.
3. The third frame shows a cup being filled with coffee, indicating a different activity.

Given these observations, the actions can be categorized as:

- Action B: preparing a vaccine (inferred from the laboratory setting and the use of a pipette)
- Action A: pouring coffee into a mug (inferred from the third frame)

Therefore, the correct sequence of actions is:

1. Action B: preparing a vaccine
2. Action A: pouring coffee into a mug",.BABA,.BABA,BA,valid,valid,False,False,,,
tsh:236,qwen2.5-vl-7b,dino_heal,AB,"The action in the video is:

Action A. kayaking in rapids

This is evident from the person wearing a helmet and holding a paddle, navigating through turbulent water, which is characteristic of kayaking in rapids.",AB,AB,,valid,valid,True,False,,,
tsh:237,qwen2.5-vl-7b,dino_heal,AB,"The sequence of actions in the video is as follows:

1. The person opens a can of Ronseal 5 Year Weather Defence Fence Life.
2. They pour the paint from the can into a sprayer.
3. The person then sprays the paint onto a wooden fence.

So, the correct order of actions is:
Action A. pouring paint into a sprayer
Action B. spraying the fence",AB,AB,AB,valid,valid,True,False,,,
tsh:238,qwen2.5-vl-7b,dino_heal,BA,"The sequence of actions in the video is as follows:

1. The person is seen hanging newspapers on a wooden fence.
2. After the newspapers are hung, the person starts spraying the fence with a pressure washer.

So, the correct order of actions is:

Action B. hanging newspaper on a fence
Action A. spraying the fence",BA,BA,BA,valid,valid,True,False,,,
tsh:239,qwen2.5-vl-7b,dino_heal,BA,"Let's analyze the video step by step:

1. The first frame shows a person standing on a track, holding a ball and preparing to throw it. This suggests an action related to throwing.
2. The second frame shows a person in a gym setting, using a weighted cable machine. This indicates a different type of exercise involving resistance training.

Given these observations, the actions in the video can be categorized as follows:

- Action A: throwing motions on weighted cable machines (not present in the frames)
- Action B: throwing a weighted ball (present in the first frame)

Therefore, the correct action described in the video is:

Action B. throwing a weighted ball",ABB,ABB,AB,valid,valid,False,False,,,
tsh:240,qwen2.5-vl-7b,dino_heal,AB,"Action A occurs when the person is cutting the hair with scissors, which is visible in the first frame where the person is holding a pair of scissors and appears to be cutting hair. Action B occurs when the person is walking away from the camera, as seen in the second frame where the person is walking down a hallway.",AB,AB,AB,valid,valid,True,False,,,
tsh:241,qwen2.5-vl-7b,dino_heal,BA,Action A. waxing skis,AB,AB,,valid,valid,False,False,,,
tsh:242,qwen2.5-vl-7b,dino_heal,AB,"Action A. skiing
Action B. ironing wax on the ski",AB,AB,AB,valid,valid,True,False,,,
tsh:243,qwen2.5-vl-7b,dino_heal,BA,"The action in the video is:

Action A. arm wrestling",AB,AB,,valid,valid,False,False,,,
tsh:244,qwen2.5-vl-7b,dino_heal,AB,"The action in the video is:

Action A. pouring a drink into a glass

This is evident from the image showing a drink being poured into a martini glass, which is a common action associated with mixing drinks.",AB,AB,,valid,valid,True,False,,,
tsh:245,qwen2.5-vl-7b,dino_heal,AB,"The sequence of actions in the video is as follows:

1. **Action A: Getting a foot tattooed**
   - The video starts with a close-up of a person's foot being tattooed. The artist is using a tattoo machine to apply ink onto the skin, and the person's leg is visible, indicating that they are sitting or lying down while getting the tattoo.

2. **Action B: Showing a foot tattoo**
   - After the tattooing process, the video transitions to show the completed tattoo on the person's foot. The person is standing, and the camera focuses on their foot, displaying the newly inked design.

So, the correct order of actions is:
- Action A: Getting a foot tattooed
- Action B: Showing a foot tattoo",ABAB,ABAB,AB,valid,valid,False,False,,,
tsh:246,qwen2.5-vl-7b,dino_heal,BA,"The image shows a cow running on a dirt ground, which corresponds to Action A: a running cow. There is no horse or rider visible in this particular frame.",AB,AB,,valid,valid,False,False,,,
tsh:247,qwen2.5-vl-7b,dino_heal,AB,Action A. mixing various ingredients,AB,AB,,valid,valid,True,False,,,
tsh:248,qwen2.5-vl-7b,dino_heal,BA,"The video shows a group of people engaged in an activity that involves both playing instruments and performing capoeira. The individuals are seen playing drums, which is Action A (playing instruments), and some are also seen performing movements that are characteristic of capoeira, which is Action B (performing capoeira). Therefore, both actions are present in the video.",.AB),.AB),AB,valid,valid,False,False,,,
tsh:249,qwen2.5-vl-7b,dino_heal,AB,"Let's analyze the sequence of actions shown in the video:

1. The person is seen unrolling a large sheet of paper on a table.
2. The person then moves the paper to a wall and begins to stick it onto the wall.

Given these observations, the first action (A) involves unrolling the paper, which is not shown in the provided frames. The second action (B) involves sticking the paper to the wall, which is clearly depicted in the frames.

Therefore, the correct answer is:
Action B. sticking paper to the wall",BA,BA,,valid,valid,False,False,,,
tsh:250,qwen2.5-vl-7b,dino_heal,BA,"The action in the video is:

Action A. inhaling the hookah and puffing out some smoke.",AB,AB,,valid,valid,False,False,,,
tsh:251,qwen2.5-vl-7b,dino_heal,BA,"The image shows a person wearing gloves and assembling a hookah, which includes attaching parts of the hookah to each other. Therefore, the action depicted in the image is:

Action B. assembling a hookah",BA,BA,,valid,valid,True,False,,,
tsh:252,qwen2.5-vl-7b,dino_heal,AB,"Let's analyze the video clip step by step:

1. The first frame shows a group of people sitting and clapping, with some standing behind them. There is a scoreboard visible in the background.
2. The second frame shows a person in a pool, wearing swim goggles and a cap, holding a water polo ball, indicating that they are actively participating in a water polo game.
3. The third frame shows a news anchor in a studio setting, which suggests a transition to a different segment or a break in the video.

Given these observations, the actions in the video can be categorized as follows:

- Action A: Updating scores on a board (This action is implied by the presence of a scoreboard in the first frame.)
- Action B: Playing water polo in a pool (This action is directly observed in the second frame.)

Therefore, the two actions in the video are:
1. Action A: updating scores on a board
2. Action B: playing water polo in a pool",ABAB,ABAB,AB,valid,valid,False,False,,,
tsh:253,qwen2.5-vl-7b,dino_heal,BA,Action A. adding various ingredients to a bowl and mixing them well,AB,AB,,valid,valid,False,False,,,
tsh:254,qwen2.5-vl-7b,dino_heal,AB,"The sequence of actions in the video is as follows:

1. The first frame shows calamari rings that have been seasoned and coated with flour, ready to be fried.
2. The second frame shows the calamari being fried in hot oil.

Therefore, the correct order of actions is:
Action A. dusting with flour and shaking off the excess
Action B. frying the calamari",AB,AB,AB,valid,valid,True,False,,,
tsh:255,qwen2.5-vl-7b,dino_heal,AB,"The sequence of events in the video is as follows:

1. The video starts with a view of a car wash bay, where a car is parked and the car wash equipment is visible.
2. The camera then pans to show a vending machine, which appears to be a coffee vending machine.
3. The camera continues to pan around the vending machine, showing different angles and details.

Based on this sequence, the actions in the video can be identified as:

Action A. driving into a car wash bay (not shown in the provided frames)
Action B. viewing vending machines (shown in the provided frames)",AB,AB,AB,valid,valid,True,False,,,
tsh:256,qwen2.5-vl-7b,dino_heal,BA,"Let's analyze the image step by step:

1. The person is holding a pencil and appears to be working with a thread.
2. There is text on the screen that says, ""Cut the thread and tape the end to the pencil.""
3. The person is using their hands to manipulate the thread and the pencil.

Given these observations, the action being performed is related to wrapping the thread around the pencil, as indicated by the text and the person's activity.

Therefore, the correct action is:
Action B. wrapping thread around a pencil",BA,BA,,valid,valid,True,False,,,
tsh:257,qwen2.5-vl-7b,dino_heal,BA,"The sequence of actions in the video is as follows:

1. The first frame shows a person with long hair, likely preparing for a haircut.
2. The second frame shows a person wearing a pink shirt and a watch, who appears to be cutting hair.
3. The third frame shows a person with short hair, indicating that the haircut has been completed.

Therefore, the actions in the video are:

- Action A: cutting hair (in the second frame)
- Action B: speaking to the camera (in the first and third frames)",AB,AB,AB,valid,valid,False,False,,,
tsh:258,qwen2.5-vl-7b,dino_heal,AB,"The action in the video is:
Action B. pouring crushed red peppers and garlic into the skillet",BA,BA,,valid,valid,False,False,,,
tsh:259,qwen2.5-vl-7b,dino_heal,BA,"Let's analyze the images step by step:

1. The first image shows a person pouring a thick, red mixture into a blender. This suggests that the action is related to blending ingredients.
2. The second image shows a pan with a red sauce being stirred with a wooden spoon. This indicates that the sauce is being cooked.

Based on this analysis, the sequence of actions in the video is as follows:

- Action B: Blending tomatoes (first image)
- Action A: Cooking sauce (second image)",BA,BA,BA,valid,valid,True,False,,,
tsh:260,qwen2.5-vl-7b,dino_heal,AB,"Action A. a swimming competition

The video shows a swimmer competing in a freestyle event, which is part of the 2012 London Paralympics. The scoreboard and the text on the screen confirm that this is a swimming competition.",AB,AB,,valid,valid,True,False,,,
tsh:261,qwen2.5-vl-7b,dino_heal,AB,"Let's analyze the images step by step:

1. The first image shows a person in a wheelchair performing a jump, which is characteristic of a long jump or a similar event.
2. The second image shows a swimmer in a pool, which is indicative of a swimming competition.

Given these observations, the correct action for each image is as follows:

- Action A: a triple jump (the first image)
- Action B: a swimming competition (the second image)",AB,AB,AB,valid,valid,True,False,,,
tsh:262,qwen2.5-vl-7b,dino_heal,BA,"The sequence of actions in the video is as follows:

1. The video starts with a man standing next to a blue minivan, which is parked in a lot.
2. The scene transitions to the interior of the minivan where the man is sitting inside, demonstrating the features of the vehicle.

Given these observations, the actions can be identified as:

Action B. showing a minivan (the initial scene) and
Action A. inserting and twisting a rod (the action performed by the man inside the minivan).",BA,BA,BA,valid,valid,True,False,,,
tsh:263,qwen2.5-vl-7b,dino_heal,AB,"Let's analyze the sequence of actions shown in the video:

1. The person is seen opening the car door.
2. They then sit inside the car, adjust their seatbelt, and prepare to drive.

Given these observations, it appears that the person has completed the initial steps of entering the vehicle and preparing for a drive. However, there is no indication of any action related to inserting a rod or installing a new tire in the provided frames.

Therefore, based on the information available from the images, the correct action does not match with the given options. If we were to choose an action from the provided list, none of them would be applicable to the sequence of events shown in the video.",,,,unparseable,unparseable,,False,official parser returned None,,
tsh:264,qwen2.5-vl-7b,dino_heal,BA,"The sequence of actions in the video is as follows:

1. The first frame shows a glass filled with chopped tomatoes.
2. The second frame shows a person in a kitchen preparing food, specifically adding grated cauliflower to a bowl and mixing it with lemon juice.

Therefore, the correct order of actions is:

Action A. adding grated cauliflower to a bowl and mixing it with lemon juice
Action B. chopping tomatoes, parsley, and cilantro",AB,AB,AB,valid,valid,False,False,,,
tsh:265,qwen2.5-vl-7b,dino_heal,BA,Action A. carving a pumpkin,AB,AB,,valid,valid,False,False,,,
tsh:266,qwen2.5-vl-7b,dino_heal,AB,"The sequence of actions in the video is as follows:

1. The video starts with a scene showing a dog on a tiled floor, which appears to be part of a grooming session.
2. The next frame shows a woman in a kitchen setting, wearing a shirt with holiday-themed designs, and she is speaking directly to the camera.
3. The following frames show the same woman in a different setting, possibly a grooming salon, where she is grooming a small dog.

So, the actions in the video are:
- Action A: a lady talking (in the kitchen setting)
- Action B: grooming a dog (in the grooming salon setting)",.AB,.AB,AB,valid,valid,False,False,,,
tsh:267,qwen2.5-vl-7b,dino_heal,AB,"The video shows a large printer labeled ""ValueJet"" with a roll of paper being fed into it, which suggests that Action A (printing paper) is taking place. The text on the screen also mentions ""Installation of wallpaper,"" indicating that the video might be related to both printing and installing wallpaper. However, based on the visible content, the primary action depicted is printing paper.

Therefore, the main action in the video is:
Action A. printing paper",AB,AB,,valid,valid,True,False,,,
tsh:268,qwen2.5-vl-7b,dino_heal,BA,"The first action in the video is Action B. mowing the lawn, as the person is pushing a lawnmower across the grass. The second action is Action A. playing in the dirt, which occurs later when the person is seen kneeling and digging in the ground with a shovel.",BA,BA,BA,valid,valid,True,False,,,
tsh:269,qwen2.5-vl-7b,dino_heal,BA,"The action in the video is:

Action A. people celebrating

This is because the video shows a person bowling and then celebrating by jumping up and down, which is a common reaction to a successful throw in bowling. There is no indication of anyone performing a headstand with a bowling ball.",AB,AB,,valid,valid,False,False,,,
tsh:270,qwen2.5-vl-7b,dino_heal,AB,"Let's analyze the video clip step by step:

1. The first frame shows three individuals in military uniforms standing near a truck and some buildings, which suggests they might be part of a military operation or event.
2. The second frame transitions to a scene with flags and a memorial. This indicates a shift in location and context.
3. The third frame shows two individuals running on a paved area in front of a memorial. This is a clear action of running.

Given these observations, the action that occurs in the video is:

Action A. running",AB,AB,,valid,valid,True,False,,,
tsh:271,qwen2.5-vl-7b,dino_heal,AB,"The sequence of actions in the video is as follows:

1. The person is seen holding a piece of bread, which suggests they might be preparing to toast it.
2. The scene then transitions to a close-up of a pot on a stove where butter and salt are being added to hot water.

So, the correct order of actions is:
Action B. adding butter and salt to a heating pot
Action A. toasting bread on one side",BA,BA,BA,valid,valid,False,False,,,
tsh:272,qwen2.5-vl-7b,dino_heal,BA,"The image shows a close-up of a bowl with a mixture that appears to be eggs and sugar being whisked together, which is Action A. There is no indication of a chocolate cake or any action related to eating it in this image. Therefore, the correct action described in the image is:

Action A. mixing eggs and sugar",AB,AB,,valid,valid,False,False,,,
tsh:273,qwen2.5-vl-7b,dino_heal,BA,"The sequence of events in the video shows:

1. Two people are walking on the snow, as indicated by their winter clothing and the snowy environment.
2. The scene transitions to a close-up of a fish being cooked over a wood fire.

Therefore, the actions in the video are:

Action A. cooking fish on a wood fire
Action B. walking on the snow",AB,AB,AB,valid,valid,False,False,,,
tsh:274,qwen2.5-vl-7b,dino_heal,AB,"Let's analyze the sequence of actions in the video:

1. The woman is holding a vacuum cleaner and appears to be preparing it for use.
2. She then uses a tool, which looks like a brush attachment, to clean around the base of a window.

Given this sequence, the actions can be identified as follows:

- **Action A**: Inserting a tool into the vacuum (This action is not explicitly shown in the provided frames, but it likely occurs before the cleaning around the window).
- **Action B**: Vacuuming around windows (This action is shown in the second frame where the woman is using the vacuum to clean around the base of a window).

Therefore, the correct identification of the actions based on the provided frames is:

- Action A: Not shown in the provided frames.
- Action B: Vacuuming around windows.",ABAB,ABAB,AB,valid,valid,False,False,,,
tsh:275,qwen2.5-vl-7b,dino_heal,AB,"The sequence of actions in the video is as follows:

1. The first action shown is a person performing a jump on a snowboard, which can be identified as ""jumping a ramp.""
2. The second part of the video shows a group of people standing in a parking lot, engaged in conversation. This can be identified as ""standing and discussing in the parking lot.""

So, the correct order of actions is:
Action A. jumping a ramp
Action B. standing and discussing in the parking lot",AB,AB,AB,valid,valid,True,False,,,
tsh:276,qwen2.5-vl-7b,dino_heal,BA,"Action B. stirring cookie dough happens first, followed by Action A. rolling the baking sheet up.",BA,BA,BA,valid,valid,True,False,,,
tsh:277,qwen2.5-vl-7b,dino_heal,BA,"Let's analyze the sequence of events in the video:

1. The first frame shows a baking sheet with cookie dough on it, indicating that the cookies are ready to be baked.
2. The second frame shows the same baking sheet inside an oven, which means the cookies are being baked.

Given these observations, the correct action is:

Action B. baking cookies",BA,BA,,valid,valid,True,False,,,
tsh:278,qwen2.5-vl-7b,dino_heal,AB,"The sequence of actions in the video is as follows:

1. **Action A: Putting cookies on a cooling rack** - The video starts with a close-up of a tray of freshly baked chocolate chip cookies being placed on a cooling rack. This action suggests that the cookies have just come out of the oven and need to cool down before further handling.

2. **Action B: Washing the baking sheet** - After the cookies are placed on the cooling rack, the scene transitions to a sink where a hand is seen washing a baking sheet under running water. This action indicates that the baking sheet is being cleaned after use.

So, the correct order of actions is:
- Action A (putting cookies on a cooling rack)
- Action B (washing the baking sheet)",ABAB,ABAB,AB,valid,valid,False,False,,,
tsh:279,qwen2.5-vl-7b,dino_heal,AB,"The sequence of actions in the video can be described as follows:

1. The character is initially seen swimming towards a boat.
2. After reaching the boat, the character dives underwater.

So, the correct order of actions is:

Action A. swimming to a boat
Action B. diving underwater",AB,AB,AB,valid,valid,True,False,,,
tsh:280,qwen2.5-vl-7b,dino_heal,BA,"The sequence of actions in the video can be described as follows:

1. The character is initially seen swimming underwater, which corresponds to Action B.
2. The character then surfaces and approaches a boat, which corresponds to Action A.

So, the correct order of actions is:
- Action B: swimming underwater
- Action A: swimming to a boat",BABA,BABA,BA,valid,valid,False,False,,,
tsh:281,qwen2.5-vl-7b,dino_heal,AB,"The sequence of actions in the video is as follows:

1. **Action A**: The video starts with a close-up of an English muffin being toasted on a wooden surface. The text ""2 English muffins"" appears, indicating that the person is preparing two English muffins. The next frame shows the English muffin being spread with butter, followed by the addition of salt and pepper. This action is labeled as ""toasting English muffins and seasoning them with butter, salt, and pepper.""

2. **Action B**: The video then transitions to a plate of sliced ham, which is placed in the microwave. The text ""A few slices of ham for each"" appears, suggesting that the person is preparing ham for the next step in the recipe.

Therefore, the correct order of actions is:
- Action A: toasting English muffins and seasoning them with butter, salt, and pepper.
- Action B: heating ham in the microwave.",ABAB,ABAB,AB,valid,valid,False,False,,,
tsh:282,qwen2.5-vl-7b,dino_heal,BA,"The sequence of actions in the video is as follows:

1. The video starts with a close-up of a pan where sausage and onions are being cooked.
2. The sausage and onions are stirred together, indicating that they are being cooked.
3. The scene then transitions to a plate of pasta that has been mixed with cheese and parsley.

Therefore, the actions in the video are:
Action B. cooking sausage and onions
Action A. mixing pasta with cheese and parsley",BA,BA,BA,valid,valid,True,False,,,
tsh:283,qwen2.5-vl-7b,dino_heal,BA,"The sequence of actions in the video is as follows:

1. The person is seen walking up the stairs.
2. The scene transitions to a salon where a person is getting their hair cut.

Therefore, the correct order of actions is:
Action B. walking up the stairs
Action A. cutting hair to a short length",BA,BA,BA,valid,valid,True,False,,,
tsh:284,qwen2.5-vl-7b,dino_heal,AB,"The sequence of actions in the video is as follows:

1. **Action A: Stirring shoe shine materials** - The video starts with a close-up of hands stirring a liquid in a container, which is likely part of the shoe shine preparation process.
2. **Action B: Shining shoes** - The scene then transitions to a person shining a shoe, indicating that the materials have been prepared and are now being used.

So, the correct order of actions is:
- Action A (stirring shoe shine materials)
- Action B (shining shoes)",ABAB,ABAB,AB,valid,valid,False,False,,,
tsh:285,qwen2.5-vl-7b,dino_heal,AB,"The image provided does not show any action of driving a car or wakeboarding. Instead, it shows a person standing on a boat with a rope attached to them, which is typically associated with wakeboarding. Therefore, based on the image alone, the action depicted is:

Action B. wakeboarding",BA,BA,,valid,valid,False,False,,,
tsh:286,qwen2.5-vl-7b,dino_heal,BA,"Let's analyze the video clip step by step:

1. The first frame shows a view from inside a vehicle, looking out through a window at a snowy landscape with mountains and a road.
2. The second frame shows a person standing next to a car with an open trunk, holding a snowboard.
3. The third frame shows the same person placing the snowboard into the trunk of the car.

Based on these observations, the sequence of events is as follows:

- The video starts with a view of a snowy landscape from inside a vehicle.
- The scene then transitions to a person standing next to a car with an open trunk.
- The person is seen placing a snowboard into the trunk of the car.

Therefore, the action that occurs in the video is:

Action A. loading a snowboard onto a car",AB,AB,,valid,valid,False,False,,,
tsh:287,qwen2.5-vl-7b,dino_heal,BA,"The image shows a pot of hot oil with pieces of chicken being fried. The chicken is already coated and appears to be in the process of being cooked, as it is bubbling in the oil. Therefore, the action depicted in the image is:

Action A. placing the chicken pieces into hot oil",AB,AB,,valid,valid,False,False,,,
tsh:288,qwen2.5-vl-7b,dino_heal,AB,"The video shows children and adults participating in an indoor activity where they are throwing balls at each other, which is characteristic of dodgeball. Therefore, the action depicted in the video is:

Action A. playing dodgeball",AB,AB,,valid,valid,True,False,,,
tsh:289,qwen2.5-vl-7b,dino_heal,AB,"The video shows a group of people playing dodgeball in an indoor gymnasium, which corresponds to Action A. Playing dodgeball. Additionally, there is a scene where a man is interviewing a boy and a girl in front of a wall covered with children's drawings, which corresponds to Action B. Interviewing the kids.",AB,AB,AB,valid,valid,True,False,,,
tsh:290,qwen2.5-vl-7b,dino_heal,BA,"The image shows a close-up of a poker table with cards and chips, which is indicative of a card game being played. The presence of the ""Creek Nation Casino"" logo suggests that this scene is part of a promotional video for the casino.

Given these observations, the primary action depicted in the image is:

Action A. promoting a casino",AB,AB,,valid,valid,False,False,,,
tsh:291,qwen2.5-vl-7b,dino_heal,AB,"The sequence of actions in the video is as follows:

1. **Action A**: The first image shows a mixing bowl with a dough mixer, indicating that flour is being added and stirred into the dough.
2. **Action B**: The second image shows a pizza being topped with ingredients such as tomato sauce, cheese, and possibly other toppings.

So, the correct order of actions is:
- Action A: Adding flour and stirring the dough
- Action B: Adding toppings to the dish",ABAB,ABAB,AB,valid,valid,False,False,,,
tsh:292,qwen2.5-vl-7b,dino_heal,BA,"The sequence of actions in the video can be described as follows:

1. The first frame shows two individuals walking past a partially constructed building, which suggests they might be inspecting or discussing the construction.
2. The second frame shows one individual holding up a box labeled ""Plastering Cement,"" indicating that they might be discussing the materials being used in the construction.
3. The third frame shows an individual pointing at something with their hand, which could be part of the inspection process.

Given these observations, the actions can be categorized as:

- Action A: inspecting the wall (implied by the context and the pointing gesture)
- Action B: discussing the building (implied by the holding of the cement box)

Therefore, the primary action in the video is likely a combination of both, with a focus on inspecting the wall and discussing the building materials.",AB,AB,AB,valid,valid,False,False,,,
tsh:293,qwen2.5-vl-7b,dino_heal,AB,"The first action in the video is:

Action A. rafting

This is evident from the scene where people are seen navigating through rapids in a raft, wearing safety gear such as helmets and life jackets.",AB,AB,,valid,valid,True,False,,,
tsh:294,qwen2.5-vl-7b,dino_heal,BA,"The sequence of events in the video shows:

1. A group of people is seen putting on helmets and equipment, which suggests they are preparing for some kind of activity.
2. The scene then transitions to a group of people sitting at a table under an outdoor pavilion, enjoying a meal together.

Therefore, the actions in the video are:

Action A. having lunch under an outdoor pavilion
Action B. putting on helmets and equipment

The correct order of these actions is:
1. Action B. putting on helmets and equipment
2. Action A. having lunch under an outdoor pavilion",ABBA,ABBA,AB,valid,valid,False,False,,,
tsh:295,qwen2.5-vl-7b,dino_heal,AB,"The sequence of actions in the video is as follows:

1. The video starts with a close-up of a box, which appears to be part of the packaging for a bicycle.
2. The next scene shows two individuals working on a bicycle inside a store or workshop.
3. They are seen removing a bicycle from its packaging and setting it up.
4. The final scene focuses on a person attaching a pedal to the bicycle.

Given this sequence, the actions can be identified as:

- Action A: Opening a box (This action is not shown in the provided frames but is implied by the context.)
- Action B: Attaching both pedals onto the bicycle (This action is shown in the last frame.)

Therefore, the correct order of actions based on the provided frames is:

Action B. attaching both pedals onto the bicycle",ABB,ABB,AB,valid,valid,False,False,,,
tsh:296,qwen2.5-vl-7b,dino_heal,BA,"The action in the video is:

Action B. speaking to the camera

The person in the video appears to be standing and talking, likely addressing the camera directly.",BA,BA,,valid,valid,True,False,,,
tsh:297,qwen2.5-vl-7b,dino_heal,AB,"The action in the video is:

Action B. paddling on a kayak

This can be inferred from the view of a person's hands holding a paddle and their feet visible on a kayak, indicating that they are actively paddling on the water.",BA,BA,,valid,valid,False,False,,,
tsh:298,qwen2.5-vl-7b,dino_heal,AB,"The sequence of actions in the video is as follows:

1. **Grinding coffee beans** - The first frame shows coffee beans being ground, which is indicated by the presence of freshly ground coffee inside the grinder.
2. **Pouring coffee into a cup** - The second frame shows coffee being poured from a pot into a cup.

So, the correct order of actions is:
- Action A: grinding coffee beans
- Action B: pouring coffee into a cup",AB,AB,AB,valid,valid,True,False,,,
tsh:299,qwen2.5-vl-7b,dino_heal,AB,"Let's analyze the actions step by step:

1. The person is seen holding a towel and appears to be applying it to a wound.
2. The towel is being used to cover or clean the wound.

Given these observations, the action that best describes what is happening in the video is:

Action B. applying a towel to a wound",BA,BA,,valid,valid,False,False,,,
tsh:300,qwen2.5-vl-7b,dino_heal,BA,"Let's analyze the video step by step:

1. The person is standing in a garage, facing a dartboard.
2. They appear to be in the process of throwing something towards the dartboard.
3. After throwing, they turn around and walk away from the dartboard.

Given these observations, the action that best describes what the person is doing is:

Action A. throwing darts

The person is likely throwing darts at the dartboard, as this is a common activity in such settings.",AB,AB,,valid,valid,False,False,,,
tsh:301,qwen2.5-vl-7b,dino_heal,BA,"The action in the video is:

Action A. playing on swings

This is evident from the image showing children swinging on a swing set.",AB,AB,,valid,valid,False,False,,,
tsh:302,qwen2.5-vl-7b,dino_heal,AB,"The action in the video is:

Action A. knocking over a cup

This is evident from the image showing a red plastic cup that has been knocked over on a wooden surface, with the text ""...and this?"" suggesting a sequence of events or actions.",AB,AB,,valid,valid,True,False,,,
tsh:303,qwen2.5-vl-7b,dino_heal,BA,"The action depicted in the video is:

Action A. river tubing

This is evident from the scene showing people floating on inflatable tubes in a river, which is a common activity known as river tubing.",AB,AB,,valid,valid,False,False,,,
tsh:304,qwen2.5-vl-7b,dino_heal,AB,"The sequence of actions in the video is as follows:

1. The first frame shows a pot with ingredients being mixed, which includes adding sugar and other components.
2. The second frame shows a plate with baked goods that appear to be scones or similar pastries.
3. The third frame shows hands breaking one of the baked goods in half.

Given the context, the action that directly precedes breaking the baked good in half is crushing the bananas. Therefore, the correct order of actions is:

1. Crush the bananas (Action A)
2. Breaking food in half (Action B)",AB,AB,AB,valid,valid,True,False,,,
tsh:305,qwen2.5-vl-7b,dino_heal,BA,"The sequence of events in the video is as follows:

1. The video starts with a display of a large jackpot amount, indicating a significant win.
2. The scene transitions to a casino table where a dealer is dealing cards.

Therefore, the correct order of actions is:

Action B. displaying a jackpot
Action A. the dealer turning over the cards",BA,BA,BA,valid,valid,True,False,,,
tsh:306,qwen2.5-vl-7b,dino_heal,AB,"The sequence of events in the video can be described as follows:

1. The video starts with a display of a large jackpot amount, which is a common sight in casinos to attract players.
2. The scene then transitions to a close-up of a casino table where a person is seen placing chips on the table, indicating that they are playing a game.

Therefore, the actions in the video are:

- Action A: displaying a jackpot
- Action B: checking cards at a casino table

However, since the video does not show the person checking cards but rather placing chips, the primary action depicted is:

Action A: displaying a jackpot",ABA,ABA,AB,valid,valid,False,False,,,
tsh:307,qwen2.5-vl-7b,dino_heal,BA,"The sequence of actions in the video is as follows:

1. **Action A. Adding mussels to the mixture**: The person in the video is seen adding mussels into the pot that already contains a tomato-based mixture.
2. **Action B. Seasoning the mixture**: After adding the mussels, the person covers the pot with a lid, which suggests that the next step would be to let the mixture cook and possibly season it further.

So, the correct order of actions is:
- First, add mussels to the mixture (Action A).
- Then, cover the pot with a lid (implying Action B).",ABAB,ABAB,AB,valid,valid,False,False,,,
tsh:308,qwen2.5-vl-7b,dino_heal,AB,"The sequence of actions in the video is as follows:

1. **Action A: Adding ingredients to a bowl** - The video starts with a close-up of a green bowl where flour is being mixed, indicating that ingredients are being combined.
2. **Action B: Baking cookies** - The video then transitions to show cookies being placed on a baking tray and baked in an oven.

So, the correct order of actions is:
- Action A (adding ingredients to a bowl)
- Action B (baking cookies)",ABAB,ABAB,AB,valid,valid,False,False,,,
tsh:309,qwen2.5-vl-7b,dino_heal,AB,"Let's analyze the video clip step by step:

1. The video starts with a title screen that reads ""INCROYABLES EXPERIENCES.""
2. The scene transitions to a bowling alley where a person is seen bowling.
3. The person is shown in various positions, including standing and kneeling, as they bowl.

Given these observations, the actions in the video can be categorized as follows:

- **Action B. bowling**: This action is clearly depicted as the person is actively bowling in the bowling alley.
- **Action A. talking to the camera**: There is no indication of anyone talking to the camera in this video clip. The focus is on the bowling activity.

Therefore, the primary action in the video is **Action B. bowling**.",BAB,BAB,BA,valid,valid,False,False,,,
tsh:310,qwen2.5-vl-7b,dino_heal,BA,"The action in the video is:

Action B. skateboarding in a skate park

This is evident from the skateboarder performing tricks on a ramp, which is characteristic of skateboarding in a skate park. The other action, running across the road, does not appear to be depicted in the provided frames.",BA,BA,,valid,valid,True,False,,,
tsh:311,qwen2.5-vl-7b,dino_heal,BA,"Let's analyze the video clip step by step:

1. The first frame shows a man and a woman standing near a pool table, with the man holding a pool cue and demonstrating something to the woman.
2. The second frame shows a woman holding a microphone with the word ""MAXIM"" on it, indicating she is likely conducting an interview or reporting.

Given these observations, the actions in the video can be categorized as follows:

- In the first frame, the man appears to be teaching pool techniques to the woman.
- In the second frame, the woman is talking into the microphone, likely conducting an interview or reporting.

Therefore, the actions in the video are:
Action A. talking into the microphone
Action B. teaching pool techniques",AB,AB,AB,valid,valid,False,False,,,
tsh:312,qwen2.5-vl-7b,dino_heal,AB,"The sequence of events in the video is as follows:

1. The video starts with a man walking with a surfboard towards a boat.
2. The scene then transitions to a person surfing on waves.

So, the actions in the video are:
- Action A: walking with surfboards to a boat
- Action B: surfing on waves

The correct order of these actions is:
1. Action A
2. Action B",ABAB,ABAB,AB,valid,valid,False,False,,,
tsh:313,qwen2.5-vl-7b,dino_heal,AB,"The sequence of events in the video shows:

1. A group of people walking with surfboards towards a boat.
2. The video then transitions to a person performing wakeboarding tricks on water.

Therefore, the actions in the video are:

Action A. walking with surfboards to a boat
Action B. showing wakeboarding tricks",AB,AB,AB,valid,valid,True,False,,,
tsh:314,qwen2.5-vl-7b,dino_heal,BA,"The action in the video is:

Action B. cutting scallions into pieces",BA,BA,,valid,valid,True,False,,,
tsh:315,qwen2.5-vl-7b,dino_heal,BA,"The sequence of actions in the video is as follows:

1. **Action B. mixing ingredients**: The video starts with a close-up of various ingredients being mixed together in a bowl, including flour, sugar, and possibly eggs or butter.
2. **Action A. flattening dough onto a sheet**: After the ingredients are mixed, the dough is shown being flattened into a sheet, likely for baking purposes.

So, the correct order of actions is: Action B followed by Action A.",BABA,BABA,BA,valid,valid,False,False,,,
tsh:316,qwen2.5-vl-7b,dino_heal,AB,"The sequence of actions in the video is as follows:

1. The first frame shows a person mixing ingredients in a bowl, which indicates Action A: mixing ingredients.
2. The second frame shows a slice of cookie being cut with a knife, which indicates Action B: cutting the cookie.

So, the correct order of actions is:
Action A. mixing ingredients
Action B. cutting the cookie",ABAB,ABAB,AB,valid,valid,False,False,,,
tsh:317,qwen2.5-vl-7b,dino_heal,BA,"The action in the video is:

Action A. walking to the water

The child is seen walking towards the water, which is indicated by the movement from the sand area towards the ocean.",AB,AB,,valid,valid,False,False,,,
tsh:318,qwen2.5-vl-7b,dino_heal,AB,"The image shows hands holding skewers with food items on them, which suggests that the action being performed is related to preparing food for grilling or cooking. Given the context of the image, the most appropriate action from the options provided is:

Action B. skewering marinated shrimp, pineapple, and bacon",BA,BA,,valid,valid,False,False,,,
tsh:319,qwen2.5-vl-7b,dino_heal,BA,"Let's analyze the images step by step:

1. The first image shows a person standing near a table with various items on it, including a basket of vegetables and some other objects. This suggests that the person might be preparing to wash or handle the vegetables.

2. The second image shows hands cutting something on a cutting board. There is a bowl of passion fruit visible in the background, which indicates that the person might be preparing food.

Given these observations, the most likely action in the video is:

Action A. washing vegetables

The presence of vegetables on the table and the context of the scene suggest that the person is likely preparing to wash them before cooking.",AB,AB,,valid,valid,False,False,,,
tsh:320,qwen2.5-vl-7b,dino_heal,AB,"The sequence of events in the video shows:

1. A skateboarder performing a trick in a bowl.
2. The skateboarder landing the trick and then posing for photos with a trophy.

So, the actions in the video are:

Action A. skateboarding tricks in a bowl
Action B. posing for photos",AB,AB,AB,valid,valid,True,False,,,
tsh:321,qwen2.5-vl-7b,dino_heal,AB,"Let's analyze the video clip step by step:

1. The first frame shows a person standing on a trampoline, which suggests that they might be about to jump or have just jumped.
2. The second frame shows two people standing near a pool, with one person wearing a swimsuit and the other shirtless. They appear to be engaged in a conversation.

Based on this analysis, the actions in the video are:

- Action A: jumping on a trampoline (in the first frame)
- Action B: standing and talking (in the second frame)",AB,AB,AB,valid,valid,True,False,,,
tsh:322,qwen2.5-vl-7b,dino_heal,BA,"Let's analyze the video step by step:

1. The first frame shows a person standing on a trampoline, preparing to jump.
2. The second frame captures the person mid-air, having just jumped off the trampoline.
3. The third frame shows the person landing back on the trampoline.

Given these observations, the sequence of actions is as follows:

- Action B: jumping on the trampoline (first and third frames)
- Action A: holding up a speedo (second frame)

Therefore, the correct sequence of actions is:
1. Jumping on the trampoline (Action B)
2. Holding up a speedo (Action A)",BABA,BABA,BA,valid,valid,False,False,,,
tsh:323,qwen2.5-vl-7b,dino_heal,AB,"Let's analyze the actions step by step:

1. The first frame shows a person holding a bat and preparing to hit a ball.
2. The second frame shows the same person in a different position, suggesting they have just hit the ball.

Given these observations, the action that is taking place in the video is:

Action A. hitting a ball with a bat",AB,AB,,valid,valid,True,False,,,
tsh:324,qwen2.5-vl-7b,dino_heal,BA,"The video shows a person skiing down a snowy slope. Therefore, the action depicted in the video is:

Action A. skiing",AB,AB,,valid,valid,False,False,,,
tsh:325,qwen2.5-vl-7b,dino_heal,AB,"The image shows a person's hands rubbing a lemon on a wooden surface, which suggests that the action being performed is:

Action B. rubbing lemons onto the counter",BA,BA,,valid,valid,False,False,,,
tsh:326,qwen2.5-vl-7b,dino_heal,AB,"The sequence of actions in the video is as follows:

1. The person pours boiling water into a bowl.
2. The person then stirs the contents of the bowl with a spoon.

So, the correct order of actions is:
Action B. pouring boiling water into a bowl
Action A. stirring the bowl with a spoon",BA,BA,BA,valid,valid,False,False,,,
tsh:327,qwen2.5-vl-7b,dino_heal,AB,"The video shows a person working on a roof, using a nail gun to secure shingles. This action is labeled as ""nailing shingles down"" (Action A). The video also includes a brief shot of a house, which is labeled as ""showing the house"" (Action B).",AB,AB,AB,valid,valid,True,False,,,
tsh:328,qwen2.5-vl-7b,dino_heal,AB,"The sequence of actions in the video is as follows:

1. **Action B. removing old shingles**: The person is seen using a tool to remove old shingles from the roof. This action is typically done before new shingles are installed.
2. **Action A. unloading shingles onto the roof**: After the old shingles are removed, the person is shown unloading new shingles onto the roof, preparing for the installation process.

So, the correct order of actions is: first, remove the old shingles (Action B), and then unload the new shingles (Action A).",BABA,BABA,BA,valid,valid,False,False,,,
tsh:329,qwen2.5-vl-7b,dino_heal,AB,"Let's analyze the video clip step by step:

1. The first frame shows a person holding a bag of flour, which is an ingredient typically used in baking.
2. The second frame shows the same person placing something into an oven.

Based on these observations, the actions in the video can be identified as follows:

- Action A: pouring ingredients into a mixer (This action is not shown in the provided frames.)
- Action B: placing items in the oven (This action is shown in the second frame.)

Therefore, the correct action from the given options is:

Action B. placing items in the oven",ABB,ABB,AB,valid,valid,False,False,,,
tsh:330,qwen2.5-vl-7b,dino_heal,BA,"Let's analyze the video clip step by step:

1. The first frame shows a person holding a piece of dough, which suggests they are preparing to make dough balls.
2. The second frame shows a person using a mixer, which is typically used for mixing ingredients together.

Given these observations, the actions in the video can be categorized as follows:

- Action A: making dough balls (suggested by the first frame)
- Action B: pouring ingredients into a mixer (suggested by the second frame)

Since both actions are present in the video, we can conclude that the video captures both activities. However, if we need to identify the primary action based on the frames provided, the first frame seems to focus more on the preparation of dough balls, while the second frame focuses on using a mixer. 

Therefore, the primary action in the video is:
Action A: making dough balls",ABBA,ABBA,AB,valid,valid,False,False,,,
tsh:331,qwen2.5-vl-7b,dino_heal,AB,"Let's analyze the video clip step by step:

1. The first frame shows a close-up of a hand holding a small black device, which appears to be a camera or a similar object.
2. The second frame shows a person holding a camera and attaching it to a tube using a mounting mechanism.
3. The third frame shows a person dancing with a hula hoop.

Based on these observations, the actions in the video are:

- Action A: mounting a camera to a tube (occurs in the second frame)
- Action B: dancing with a hula hoop (occurs in the third frame)

The first frame does not show any action but rather a close-up of a hand holding a device. Therefore, the correct sequence of actions is:

1. Action A: mounting a camera to a tube
2. Action B: dancing with a hula hoop",ABBAB,ABBAB,AB,valid,valid,False,False,,,
tsh:332,qwen2.5-vl-7b,dino_heal,BA,"The sequence of actions in the video is as follows:

1. The person is seen holding a camera and attaching it to a tube.
2. The text ""We used the LCD BacPac to test the view angle"" appears, indicating that the person is testing the camera's view angle.

Based on this, the first action is:
Action B. mounting a camera to a tube

The second action is not explicitly shown in the provided frames, but it can be inferred from the context that the person is preparing for an activity involving a hula hoop. Therefore, the second action could be:
Action A. dancing with a hula hoop

However, since the question asks for the two actions in the video, and the first action is clearly shown, the answer is:

Action B. mounting a camera to a tube",BAB,BAB,BA,valid,valid,False,False,,,
tsh:333,qwen2.5-vl-7b,dino_heal,AB,"The sequence of events in the video shows:

1. The car is parked on a street with leaves scattered around, indicating it might be autumn.
2. The camera then shifts to show a person inside the car, who appears to be driving.
3. The car continues to drive through a park-like area with trees and greenery.

Given these observations, the actions in the video can be categorized as follows:

- **Action B. driving a car** is the primary action depicted in the video, as the car is shown moving through different environments (a street and a park).

There is no indication of the car stopping or needing to inflate a tire based on the provided frames. Therefore, Action A. stopping the car and inflating tire does not appear to be part of the sequence shown in the video.",BA,BA,BA,valid,valid,False,False,,,
tsh:334,qwen2.5-vl-7b,dino_heal,BA,"The sequence of actions in the video is as follows:

1. The person is seen pouring a green sauce over the meatballs in a muffin tin.
2. The person then adds a condiment to the meatballs.

So, the correct order of actions is:
Action A. pouring sauce on the meatballs
Action B. adding condiments",AB,AB,AB,valid,valid,False,False,,,
tsh:335,qwen2.5-vl-7b,dino_heal,BA,"Let's analyze the video step by step:

1. The video starts with a close-up of a plate, which is likely being washed.
2. The camera then pans to show a person standing at a kitchen sink.
3. The person appears to be washing dishes, as they are holding a dish and moving it under running water.

Given these observations, the action in the video is:

Action A. washing dishes",AB,AB,,valid,valid,False,False,,,
tsh:336,qwen2.5-vl-7b,dino_heal,AB,"Let's analyze the video step by step:

1. The first frame shows a person kneeling on the floor, holding a tool that appears to be a measuring tape or a similar device. This suggests that they are measuring something.
2. The second frame shows a close-up of a hand holding a piece of paper with a grid pattern and some markings. This could indicate that the person is drawing or marking something on the paper.
3. The third frame shows a person standing in front of a door, which does not provide any new information about the actions being performed.

Based on these observations, the actions in the video can be identified as follows:

- Action A: measuring the tiles (suggested by the first frame where the person is using a measuring tool).
- Action B: drawing on the floor (suggested by the second frame where there is a grid pattern and markings).

Therefore, the correct sequence of actions is:

1. Action A: measuring the tiles
2. Action B: drawing on the floor",ABAB,ABAB,AB,valid,valid,False,False,,,
tsh:337,qwen2.5-vl-7b,dino_heal,BA,"Let's analyze the video step by step:

1. The person is standing behind a workbench with a snowboard placed on it.
2. They are using an iron to melt wax onto the surface of the snowboard.
3. After melting the wax, they use a tool to spread the melted wax evenly across the board.

Given these observations, the action being performed is:

Action A. dragging the melted wax through the board",BA,BA,BA,valid,valid,True,False,,,
tsh:338,qwen2.5-vl-7b,dino_heal,BA,"The action in the video is:

Action B. playing guitar

This is indicated by the close-up of a person holding and playing an electric guitar.",BA,BA,,valid,valid,True,False,,,
tsh:339,qwen2.5-vl-7b,dino_heal,AB,"The action in the video is:

Action A. hitting a toy

This is because the person in the video is holding a stick and appears to be swinging it towards a hanging object, which looks like a toy or a piñata.",AB,AB,,valid,valid,True,False,,,
tsh:340,qwen2.5-vl-7b,dino_heal,BA,"Let's analyze the video clip step by step:

1. The first frame shows a classroom setting with a SpongeBob SquarePants piñata hanging from the ceiling.
2. The second frame shows a person wearing a blue cloth over their head, holding a stick, and preparing to hit the piñata.
3. The third frame is a close-up of a person's face, where they appear to be rubbing their face with their hand.

Based on this analysis, the actions in the video are:

- Action A: rubbing face with hand (in the third frame)
- Action B: hitting a toy (in the second frame)",.AB,.AB,AB,valid,valid,False,False,,,
tsh:341,qwen2.5-vl-7b,dino_heal,BA,"The video shows a large crowd of people in what appears to be a stadium or arena, and they are all standing and moving together in a synchronized manner. This suggests that they are cheering, as it is a common behavior during sporting events or other public gatherings where people are excited about something happening on stage.

Therefore, the action in the video is:

Action B. cheering",BA,BA,,valid,valid,True,False,,,
tsh:342,qwen2.5-vl-7b,dino_heal,AB,"The sequence of actions in the video is as follows:

1. **Action A**: Coating the onion rings in a mixture and then in breadcrumbs.
2. **Action B**: Frying the onion rings.

The first image shows the preparation step where the onion rings are being coated in a mixture and then in breadcrumbs, which corresponds to Action A. The second image shows the frying process, which corresponds to Action B.",ABAB,ABAB,AB,valid,valid,False,False,,,
tsh:343,qwen2.5-vl-7b,dino_heal,BA,Action A. discussing in front of the camera,AB,AB,,valid,valid,False,False,,,
tsh:344,qwen2.5-vl-7b,dino_heal,AB,"Let's analyze the video clip step by step:

1. The first frame shows a Hoover FloorMate vacuum cleaner on a wooden floor, with the caption ""Performance of the Hoover FloorMate as a Vacuum on Hard Floors."" This indicates that the video is demonstrating the vacuuming performance of the Hoover FloorMate.

2. The second frame shows hands filling a clear plastic container with water from a faucet. This action suggests that the person is preparing a cleaning solution or mixture for the vacuum cleaner.

Given these observations, the sequence of actions in the video can be described as follows:

- **Action A: vacuuming** - This is the primary focus of the video, as it demonstrates the vacuuming performance of the Hoover FloorMate.
- **Action B: filling a container** - This is a preparatory action, likely to prepare a cleaning solution for the vacuum cleaner.

Therefore, the correct sequence of actions in the video is:

1. Action A: vacuuming
2. Action B: filling a container",ABAB,ABAB,AB,valid,valid,False,False,,,
tsh:345,qwen2.5-vl-7b,dino_heal,BA,"The sequence of actions in the video is as follows:

1. The first frame shows a hand stirring a liquid in a glass pitcher with a wooden spoon.
2. The second frame shows the same hand pouring the liquid from the pitcher into a glass filled with ice.

Therefore, the actions are:
Action B. stirring with a wooden spoon
Action A. pouring liquid into a cup",BA,BA,BA,valid,valid,True,False,,,
tsh:346,qwen2.5-vl-7b,dino_heal,AB,"The sequence of actions in the video is as follows:

1. **Action B. pouring liquid into a cup**: The video starts with a close-up of a glass being filled with a clear liquid, which appears to be lemonade.
2. **Action A. adding sugar to the pitcher**: The scene then transitions to show a person holding a pitcher of lemonade and a bowl of lemons, indicating that they are preparing to add sugar to the pitcher.

So, the correct order of actions is:
1. Action B: pouring liquid into a cup
2. Action A: adding sugar to the pitcher",BABA,BABA,BA,valid,valid,False,False,,,
tsh:347,qwen2.5-vl-7b,dino_heal,AB,"The sequence of actions in the video is as follows:

1. Squeezing lemons into a glass.
2. Pouring the lemon juice into a pitcher.
3. Diluting the lemon juice with water.

So, the correct order of actions is:

1. Squeeze the lemons (Action A)
2. Dilute with water (Action B)",AB,AB,AB,valid,valid,True,False,,,
tsh:348,qwen2.5-vl-7b,dino_heal,BA,"The sequence of actions in the video is as follows:

1. Squeezing the lemons (Action B)
2. Stirring with a wooden spoon (Action A)",BA,BA,BA,valid,valid,True,False,,,
tsh:349,qwen2.5-vl-7b,dino_heal,AB,"The sequence of actions in the video is as follows:

1. The first frame shows an athlete receiving a gold medal from an official, indicating Action A: awarding a gold medal.
2. The second frame shows an athlete preparing to throw a javelin, indicating Action B: throwing a javelin.

So, the actions in order are:
- Awarding a gold medal (Action A)
- Throwing a javelin (Action B)",ABAB,ABAB,AB,valid,valid,False,False,,,
tsh:350,qwen2.5-vl-7b,dino_heal,AB,"The sequence of actions in the video is as follows:

1. The first frame shows a red toaster with English muffins inside, indicating that the action being performed is ""toasting the muffins"" (Action A).
2. The second frame shows a kettle being placed on a stove, which suggests that the next step is to heat water (Action B).

Therefore, the correct order of actions is:
1. Action A: toasting the muffins
2. Action B: heating water and then adding it to a pot",BABAB,BABAB,BA,valid,valid,False,False,,,
tsh:351,qwen2.5-vl-7b,dino_heal,AB,"The action in the video is:

Action B. lifting a dirt bike

This is evident from the sequence of frames showing a person lifting a dirt bike, which is a common activity in motocross or off-road riding preparation.",BA,BA,,valid,valid,False,False,,,
tsh:352,qwen2.5-vl-7b,dino_heal,BA,"The sequence of events in the video shows:

1. A bowling ball being thrown down a lane.
2. The pins being knocked down by the bowling ball.
3. A person raising their arms in celebration.

Given these observations, the actions can be categorized as follows:

- Action B: Bowling (the act of throwing the ball)
- Action A: Celebrating victory (the person's reaction after successfully knocking down all the pins)",BAA,BAA,BA,valid,valid,False,False,,,
tsh:353,qwen2.5-vl-7b,dino_heal,BA,Action A. folding the pot stickers,AB,AB,,valid,valid,False,False,,,
tsh:354,qwen2.5-vl-7b,dino_heal,AB,"The sequence of actions in the video is as follows:

1. **Action A. Slicing the meat**: The person is seen using a knife to slice cooked meat on a cutting board.
2. **Action B. Adding the meat to the tortilla**: After slicing the meat, the person places the sliced meat onto a tortilla.

So, the correct order of actions is: Action A followed by Action B.",AB.AB,AB.AB,AB,valid,valid,False,False,,,
tsh:355,qwen2.5-vl-7b,dino_heal,BA,"The sequence of actions in the video is as follows:

1. The first frame shows a bottle of Frank's RedHot sauce, indicating that the sauce will be used in the recipe.
2. The second frame shows a person in a kitchen holding a bowl of ingredients, which suggests they are preparing to add these ingredients to a saucepan.
3. The third frame shows the person stirring the contents of a saucepan, which indicates that the ingredients have been added and are being mixed together.

Based on this sequence, the correct order of actions is:

Action B. adding ingredients to a saucepan and stirring
Action A. coating chicken wings with sauce",BA,BA,BA,valid,valid,True,False,,,
tsh:356,qwen2.5-vl-7b,dino_heal,AB,"The sequence of actions in the video is as follows:

1. **Frying bacon in a pan**: The first image shows bacon being fried in a pan, which is Action A.
2. **Transferring the cooked mixture into the saucepan and adding corn starch**: The second image shows a person stirring a mixture in a saucepan with a whisk, which suggests that the bacon has been cooked and is now being transferred to the saucepan for further cooking or mixing, which is Action B.

So, the correct order of actions is:
1. Action A: frying bacon in a pan
2. Action B: transferring the cooked mixture into the saucepan and adding corn starch",ABAB,ABAB,AB,valid,valid,False,False,,,
tsh:357,qwen2.5-vl-7b,dino_heal,BA,"The video shows a news anchor sitting at a desk with a laptop, and there is a screen behind him displaying an image of an archer. The text on the screen reads ""INDIAN ARCHERY'S QUIVER FULL."" This suggests that the video is related to Indian archery.

1. **Action A: Practicing Archery** - This action is not directly shown in the video. The video does not depict any individuals practicing archery; it only shows an image of an archer on the screen.

2. **Action B: Talking to the Camera** - The news anchor is seen talking to the camera, which is a typical action for a news broadcast.

Therefore, the primary action in the video is:

**Action B. talking to the camera**",ABB,ABB,AB,valid,valid,False,False,,,
tsh:358,qwen2.5-vl-7b,dino_heal,AB,"The sequence of actions in the video is as follows:

1. **Action A. Cooking the sausages and steaming the bread**: The video starts with sausages being cooked in boiling water, which is a step to cook them thoroughly before serving. Simultaneously, the bread is steamed in a pot, likely to make it soft and ready for assembly.

2. **Action B. Placing the sausage and toppings in the bun**: After the sausages are cooked and the bread is steamed, the next step is to place the cooked sausage into the steamed bun. The video then shows the addition of coleslaw and shredded cheese on top of the sausage, completing the preparation of the dish.

So, the correct order of actions is:
1. Action A: Cooking the sausages and steaming the bread.
2. Action B: Placing the sausage and toppings in the bun.",ABAB,ABAB,AB,valid,valid,False,False,,,
tsh:359,qwen2.5-vl-7b,dino_heal,BA,"The video shows people riding camels in a desert setting. Therefore, the action depicted in the video is:

Action A. riding camels",AB,AB,,valid,valid,False,False,,,
tsh:360,qwen2.5-vl-7b,dino_heal,AB,"Let's analyze the video step by step:

1. The first frame shows a person wearing a helmet and gloves, standing inside what appears to be a cabin or shelter. There is a pair of skis placed on a bench next to them.
2. The second frame transitions to an outdoor scene where a child is being handed skis by an adult. The child is wearing a helmet and is ready to ski.
3. The third frame shows the child skiing down a slope with the adult following closely behind.

Based on this analysis, the sequence of actions in the video is as follows:

- Action A: handing skis to a child (occurs between the first and second frames)
- Action B: skiing on a ramp (occurs after the second frame)

Therefore, the correct order of actions is:
1. Action A: handing skis to a child
2. Action B: skiing on a ramp",ABAB,ABAB,AB,valid,valid,False,False,,,
tsh:361,qwen2.5-vl-7b,dino_heal,BA,"Let's analyze the video step by step:

1. The first frame shows a person wearing a helmet and holding ski poles, standing on a wooden ramp. This suggests preparation for skiing.
2. The second frame shows a child being handed skis by an adult. The adult is holding the skis out towards the child, indicating that the child will be receiving them.
3. The third frame shows the child now holding the skis and standing on a snowy slope, ready to ski.

Based on these observations, the sequence of events is as follows:
- The adult prepares to ski.
- The adult hands the skis to the child.
- The child is now equipped with skis and ready to ski.

Therefore, the correct actions in the video are:
Action A. skiing with assistance
Action B. handing skis to a child

The correct answer is: Action A. skiing with assistance and Action B. handing skis to a child.",ABAB,ABAB,AB,valid,valid,False,False,,,
tsh:362,qwen2.5-vl-7b,dino_heal,AB,"The sequence of actions in the video is as follows:

1. The person moves rocks to create a space for starting a fire.
2. The person then builds a fire using sticks and kindling.

So, the correct order of actions is:

Action A. moving rocks
Action B. building a fire",AB,AB,AB,valid,valid,True,False,,,
tsh:363,qwen2.5-vl-7b,dino_heal,AB,"The sequence of actions in the video is as follows:

1. The first frame shows a person mixing ingredients in a bowl, which suggests the action of baking.
2. The second frame shows a person plugging in an electrical device, which could be related to the baking process if it's a kitchen appliance.
3. The third frame shows a person holding a cake with colorful layers, indicating that the baking process has been completed.

Given these observations, the primary action in the video is:

Action A. baking colorful layers for a cake",AB,AB,,valid,valid,True,False,,,
tsh:364,qwen2.5-vl-7b,dino_heal,BA,"Let's analyze the images step by step:

1. The first image shows a person holding a contact lens, which is part of the process of handling contact lenses.
2. The second image shows a person's hands with a bottle of liquid, which appears to be a cleaning solution for contact lenses.

Based on these observations, the sequence of actions can be inferred as follows:

- Action A: Putting contact lenses in a cleaning solution (the second image shows the contact lens being placed into the solution).
- Action B: Wiping hands (the first image does not show any hand-wiping activity).

Therefore, the correct sequence of actions is:

1. Action A: Putting contact lenses in a cleaning solution
2. Action B: Wiping hands",ABAB,ABAB,AB,valid,valid,False,False,,,
tsh:365,qwen2.5-vl-7b,dino_heal,BA,"The sequence of actions in the video is as follows:

1. The first frame shows a black dog running by a lakeside, which corresponds to Action B.
2. The second frame shows a person grooming a small brown dog with a brush, which corresponds to Action A.

So, the correct order of actions is:
- Action B: a dog playing by a lakeside
- Action A: grooming dogs",BABA,BABA,BA,valid,valid,False,False,,,
tsh:366,qwen2.5-vl-7b,dino_heal,AB,"The sequence of actions in the video can be described as follows:

1. The person is lying on a bed, covered with a blanket, and appears to be checking their phone.
2. The person then gets out of bed and walks towards a door.
3. The person opens the door and steps outside.

Based on this sequence, the actions can be categorized as:

- Action A: checking the phone (while lying on the bed)
- Action B: getting dressed (implied by the person getting out of bed and walking towards the door)

So, the actions in order are:
1. Checking the phone
2. Getting dressed",AB,AB,AB,valid,valid,True,False,,,
tsh:367,qwen2.5-vl-7b,dino_heal,BA,"The action in the video is:

Action A. adding ingredients to a blender

This is evident from the close-up of the blender containing yellow liquid, which appears to be egg yolks, and the presence of a hand holding a spoon, suggesting that ingredients are being added to the blender.",AB,AB,,valid,valid,False,False,,,
tsh:368,qwen2.5-vl-7b,dino_heal,AB,"Let's analyze the video clip step by step:

1. The first frame shows a close-up of a weightlifting machine with weights labeled ""50 KG.""
2. The second frame shows a person lifting a dumbbell, which is a common weightlifting exercise.
3. The third frame shows another person holding a weightlifting barbell, which is also used for weightlifting exercises.

Given these observations, the actions in the video are related to weightlifting. Therefore, the correct action is:

Action A. weightlifting",AB,AB,,valid,valid,True,False,,,
tsh:369,qwen2.5-vl-7b,dino_heal,BA,Action B. arm wrestling,BA,BA,,valid,valid,True,False,,,
tsh:370,qwen2.5-vl-7b,dino_heal,AB,"Action A happens in the first second of the video, where the person is seen putting potatoes into a pot of cold water. Action B occurs throughout the rest of the video, as the person is shown cooking the potatoes in the pot on the stove.",AB,AB,AB,valid,valid,True,False,,,
tsh:371,qwen2.5-vl-7b,dino_heal,BA,"The video starts with a person riding a four-wheeler, which is Action B. The scene then transitions to a close-up of a bow, where a person is demonstrating its features, which is Action A. Therefore, the sequence of actions in the video is:

1. Action B: riding a four-wheeler
2. Action A: demonstrating features on a bow",BABA,BABA,BA,valid,valid,False,False,,,
tsh:372,qwen2.5-vl-7b,dino_heal,AB,"The image shows a plate with flour on it, which suggests that Action A (adding spices to flour and mixing) is taking place. However, there is no visible evidence of spices being added or mixed into the flour in this particular frame. The other image shows a bowl with raw chicken pieces and an egg being added, indicating that Action B (adding an egg to the chicken and mixing) is happening. Since the first image does not show the action of adding spices to flour, we cannot confirm if Action A has been completed. Therefore, based on the provided images, the action that can be confirmed is:

Action B. adding an egg to the chicken and mixing",ABAB,ABAB,AB,valid,valid,False,False,,,
tsh:373,qwen2.5-vl-7b,dino_heal,BA,"Let's analyze the video clip step by step:

1. The first frame shows a person wearing a red shirt and blue jeans, bending over to clean the side of a car with a cloth.
2. The second frame shows the same person standing up and looking directly at the camera.
3. The third frame is a close-up of a man in a red jacket, who appears to be speaking.

Based on this analysis, the actions in the video can be categorized as follows:

- Action B: washing the car (in the first frame)
- Action A: speaking (in the third frame)

The second frame does not show any specific action but rather a transition between the two actions. Therefore, the two main actions in the video are:

Action A. speaking
Action B. washing the car",.BABAB,.BABAB,BA,valid,valid,False,False,,,
tsh:374,qwen2.5-vl-7b,dino_heal,AB,"The image shows a person standing on a tiled floor, which is typically found in a bathroom or restroom. The presence of a toilet and the person's posture suggest that they are using the toilet in a stall. Therefore, the action depicted in the image is:

Action A. using the toilet in a stall",AB,AB,,valid,valid,True,False,,,
tsh:375,qwen2.5-vl-7b,dino_heal,AB,"Let's analyze the video clip step by step:

1. The first frame shows a vehicle driving on a dirt path near a body of water, which appears to be a lake or river.
2. The second frame shows a person being pulled behind a boat on the water, performing a maneuver that resembles wakeboarding.

Based on these observations:

- Action A (backing a boat down a ramp) is not depicted in the provided frames.
- Action B (wakeboarding) is shown in the second frame where a person is being pulled behind a boat.

Therefore, the action that occurs in the video is:

Action B. wakeboarding",ABB,ABB,AB,valid,valid,False,False,,,
tsh:376,qwen2.5-vl-7b,dino_heal,BA,"The image shows a person in a dance studio, performing a dance move. The person is not lying down; they are standing and extending their arms out to the sides, which is a part of a dance routine.

Therefore, the action depicted in the image is:
Action B. performing a dance",BA,BA,,valid,valid,True,False,,,
tsh:377,qwen2.5-vl-7b,dino_heal,AB,"The sequence of actions in the video is as follows:

1. The chef is seen preparing ingredients, including what appears to be a piece of tuna and some shredded vegetables.
2. The chef then places the tuna on top of the shredded vegetables.

Therefore, the correct order of actions is:

Action A. placing the tuna on shredded vegetables
Action B. placing wasabi on the plate (which is not shown in the provided frames)",AB,AB,AB,valid,valid,True,False,,,
tsh:378,qwen2.5-vl-7b,dino_heal,BA,"The action in the video is:

Action A. shoveling snow

The person in the video is using a shovel to clear snow from the ground, which is a common winter activity to remove snow from driveways and walkways.",AB,AB,,valid,valid,False,False,,,
tsh:379,qwen2.5-vl-7b,dino_heal,BA,"The sequence of actions in the video can be described as follows:

1. The video starts with two individuals performing a dance routine with sticks.
2. The scene transitions to a close-up of one individual who is waving to the camera.
3. The video ends with a closing screen that says ""THANK YOU FOR WATCHING.""

So, the actions in the video are:
- Action B: dancing with sticks (in the beginning)
- Action A: waving to the camera (at the end)",.BA,.BA,BA,valid,valid,False,False,,,
tsh:380,qwen2.5-vl-7b,dino_heal,AB,"The video shows a person working on a bicycle, adjusting and assembling parts such as the handlebars and gears. Therefore, the action depicted in the video is:

Action B. assembling bicycles",BA,BA,,valid,valid,False,False,,,
tsh:381,qwen2.5-vl-7b,dino_heal,AB,Action B. shoveling snow,BA,BA,,valid,valid,False,False,,,
tsh:382,qwen2.5-vl-7b,dino_heal,BA,"The action in the video is:

Action B. putting on winter clothes

This is indicated by the person standing in front of a garage door wearing a winter hat, scarf, and gloves, which are typical winter clothing items.",BA,BA,,valid,valid,True,False,,,
tsh:383,qwen2.5-vl-7b,dino_heal,AB,"The image shows a bundt cake with a marbled pattern, which suggests that the action depicted is:

Action A. creating a marbling effect in batter

This is evident because the cake has a swirled pattern of light and dark colors, indicating that different batters were mixed together before baking to create this effect.",AB,AB,,valid,valid,True,False,,,
tsh:384,qwen2.5-vl-7b,dino_heal,BA,"The sequence of actions in the video is as follows:

1. The video starts with a person talking to the camera.
2. The scene then transitions to a close-up of a glass bowl containing melted chocolate, which is being stirred with a red spatula.

So, the correct order of actions is:
Action B. talking to the camera
Action A. stirring the chocolate",..BA,..BA,BA,valid,valid,False,False,,,
tsh:385,qwen2.5-vl-7b,dino_heal,AB,"Let's analyze the video clip step by step:

1. The first frame shows a close-up of a person wearing a red helmet, which is commonly used in sports like hockey or lacrosse.
2. The second frame shows a person in a blue and white uniform, which could be part of a sports team, possibly celebrating a goal.
3. The third frame shows a person with a bandage on their head, suggesting they might have been involved in a physical activity that caused an injury.

Given these observations, the most likely action in the video is:

Action B. celebrating a goal

This is because the person in the blue and white uniform appears to be in a celebratory pose, which is typical after scoring a goal in sports.",BA,BA,,valid,valid,False,False,,,
tsh:386,qwen2.5-vl-7b,dino_heal,BA,"The sequence of actions in the video is as follows:

1. The person is seen using a yellow sponge to clean the side mirror of the car.
2. The person then uses a high-pressure water hose to rinse the front part of the car, including the grille and headlights.

So, the actions in order are:
- Action A: rinsing the car
- Action B: brushing rims (not shown in the provided frames)",AB,AB,AB,valid,valid,False,False,,,
tsh:387,qwen2.5-vl-7b,dino_heal,AB,"The video shows two different actions:

1. **Action A: Rafting down a river** - This is evident from the first frame where people are seen in a raft, navigating through water with visible rapids and other rafts in the background.

2. **Action B: Zip lining** - The second frame shows a person suspended in mid-air on a zip line, with trees and a clear sky in the background, indicating an outdoor adventure activity.

So, the two actions depicted in the video are:
- Action A: Rafting down a river
- Action B: Zip lining",ABAB,ABAB,AB,valid,valid,False,False,,,
tsh:388,qwen2.5-vl-7b,dino_heal,BA,"The image shows a person working on a car tire, which is part of the process of changing a tire. This action is related to the maintenance of a vehicle and does not depict driving on a road. Therefore, the correct action described in the image is:

Action B. removing a car wheel",BA,BA,,valid,valid,True,False,,,
tsh:389,qwen2.5-vl-7b,dino_heal,AB,"The sequence of actions in the video is as follows:

1. **Action B. Cooking ingredients in a pot**: The video starts with a close-up of a pot where various chopped vegetables, including onions, bell peppers, and celery, are being sautéed. This indicates that the ingredients are being cooked in a pot.

2. **Action A. Putting meat and cheese on the pasta**: After the vegetables are cooked, the scene transitions to a plate of pasta being topped with grated cheese. This suggests that the next step involves adding meat and cheese to the pasta dish.

So, the correct order of actions is:
- Action B: Cooking ingredients in a pot
- Action A: Putting meat and cheese on the pasta",BABA,BABA,BA,valid,valid,False,False,,,
tsh:390,qwen2.5-vl-7b,dino_heal,BA,"The first action shown in the video is Action B: combining various ingredients, as a person is seen mixing ingredients in a glass bowl. The second action is Action A: adding sauce to the pan, where a sauce is being poured into a pan with food items.",BA,BA,BA,valid,valid,True,False,,,
tsh:391,qwen2.5-vl-7b,dino_heal,AB,"The sequence of actions in the video is as follows:

1. The person is seen sitting on a boat, preparing to get geared up for wakeboarding.
2. The person then starts wakeboarding behind the boat.

So, the actions in order are:
Action A. getting geared up for wakeboarding
Action B. wakeboarding",AB,AB,AB,valid,valid,True,False,,,
tsh:392,qwen2.5-vl-7b,dino_heal,BA,"The sequence of events in the video is as follows:

1. The video starts with a person preparing to wakeboard, which includes putting on their gear.
2. After getting geared up, the person begins to ride the wakeboard.

Therefore, the actions in the video are:

Action A. wakeboarding
Action B. getting geared up for wakeboarding",AB,AB,AB,valid,valid,False,False,,,
tsh:393,qwen2.5-vl-7b,dino_heal,BA,"The sequence of actions in the video is as follows:

1. The person is holding a juicer, which suggests they are preparing to juice lemons.
2. The video then shows a close-up of a glass with a lemon slice and a drink that appears to be lemonade.
3. The final frame shows a pitcher of liquid being poured into a glass, indicating the preparation of a drink.

Given these observations, the actions in the video can be described as:

Action A. making sparkling lemonade

The video does not show the juicing process, but it clearly depicts the steps involved in making a lemonade drink, including juicing (implied by the juicer), mixing the ingredients, and serving the drink.",AB,AB,,valid,valid,False,False,,,
tsh:394,qwen2.5-vl-7b,dino_heal,AB,"The sequence of actions in the video is as follows:

1. The person is initially seen sitting on a couch, talking to the camera.
2. The scene then transitions to a close-up of hands working with yarn and knitting needles, indicating that the person is engaged in the action of knitting.

So, the actions in order are:
Action A. talking to the camera
Action B. knitting",.AB,.AB,AB,valid,valid,False,False,,,
tsh:395,qwen2.5-vl-7b,dino_heal,BA,"The action in the video is:

Action A. scuba diving

This is evident from the underwater scene where a person is wearing scuba gear and interacting with marine life, including a large fish.",AB,AB,,valid,valid,False,False,,,
tsh:396,qwen2.5-vl-7b,dino_heal,AB,"The sequence of actions in the video can be described as follows:

1. The person is initially seen standing in a gymnasium, which is indicated by the presence of a basketball hoop and the indoor setting.
2. The person then begins to perform a baton routine, as evidenced by their movements and the baton they are holding.

So, the actions in the video are:

Action A. standing in a gymnasium
Action B. performing a baton routine",AB,AB,AB,valid,valid,True,False,,,
tsh:397,qwen2.5-vl-7b,dino_heal,AB,"The video shows a person surfing on a wave, which corresponds to Action A. The second part of the video shows individuals standing under a banner with surfboards and wearing crowns, which suggests they are receiving awards, corresponding to Action B.",AB,AB,AB,valid,valid,True,False,,,
tsh:398,qwen2.5-vl-7b,dino_heal,BA,"The sequence of events in the video shows:

1. A person surfing on a wave.
2. A group of people standing under a banner with surfboards, which suggests they are receiving awards.

Therefore, the actions in the video are:

Action A. receiving awards
Action B. surfing",AB,AB,AB,valid,valid,False,False,,,
tsh:399,qwen2.5-vl-7b,dino_heal,AB,"The sequence of actions in the video is as follows:

1. The person is seen fixing a bun, which involves gathering and securing hair into a neat updo.
2. The scene then transitions to the person holding a child.

So, the actions are:
- Action A: fixing a bun
- Action B: holding a child",AB,AB,AB,valid,valid,True,False,,,
tsh:400,qwen2.5-vl-7b,dino_heal,BA,"Let's analyze the video clip step by step:

1. The first frame shows two men sitting at a table, one of whom is eating while the other is talking.
2. In the second frame, the man who was eating is now standing up and appears to be in motion, possibly reacting to something.
3. The third frame shows the same man from the second frame, now leaning forward with his hands on the table, looking surprised or shocked.

Based on these observations, the sequence of events suggests that the man who was eating initially engaged in a conversation (Action B). However, as he stood up and leaned forward, it seems like there might have been an unexpected event or reaction (possibly related to Action A, although no direct hit is shown).

Given the available frames, the primary action observed is:

Action B. eating and talking",BAB,BAB,BA,valid,valid,False,False,,,
tsh:401,qwen2.5-vl-7b,dino_heal,BA,"Let's analyze the video step by step:

1. The first frame shows a person holding a hose and spraying water on a car.
2. The second frame shows the same person, but now they are standing with their hand raised to their face.

Given these observations, it appears that the person is washing the car in the first frame and then adjusts their sunglasses in the second frame.

Therefore, the sequence of actions is:
- Action B: washing the car
- Action A: taking off sunglasses",BA,BA,BA,valid,valid,True,False,,,
tsh:402,qwen2.5-vl-7b,dino_heal,AB,"The image shows a person's hands holding a tomato over a bowl, which suggests that they are about to add the tomato to the bowl. This action is more consistent with Action A, as it involves adding ingredients to a bowl, which is part of the process of making a dressing or sauce (like mayonnaise and lemon juice). The other actions (cutting apples, chopping celery, and taking some walnuts) are not directly visible in this image.

Therefore, based on the visible action in the image, the most likely action is:

Action A. adding mayonnaise and lemon juice to a bowl and mixing it well.",AB,AB,,valid,valid,True,False,,,
tsh:403,qwen2.5-vl-7b,dino_heal,BA,"The sequence of actions in the video is as follows:

1. The person is seen chopping vegetables, which includes cutting a red bell pepper and a green onion.
2. The chopped vegetables are then added to a salad.

So, the actions in order are:
- Action B: chopping vegetables
- Action A: putting stuff on a salad",BA,BA,BA,valid,valid,True,False,,,
tsh:404,qwen2.5-vl-7b,dino_heal,AB,"The video shows a group of people running on a path, which corresponds to Action A: running. Additionally, there is a person who appears to be speaking directly to the camera, which corresponds to Action B: talking to the camera.",AB.,AB.,AB,valid,valid,False,False,,,
tsh:405,qwen2.5-vl-7b,dino_heal,AB,"The action in the video is:

Action B. talking to the camera

This is indicated by the person in the video speaking directly to the camera, which is typical for interviews or news segments.",BA,BA,,valid,valid,False,False,,,
tsh:406,qwen2.5-vl-7b,dino_heal,BA,"The sequence of actions in the video is as follows:

1. The salesman is explaining that the hulte is already cooked and can be used for a salad or many other dishes.
2. Dr. Cristian Segura is then shown cutting the hulte into bite-size pieces.

So, the correct order of actions is:
Action B. explaining food
Action A. cutting the hulte into pieces",BA,BA,BA,valid,valid,True,False,,,
tsh:407,qwen2.5-vl-7b,dino_heal,AB,"Let's analyze the sequence of events in the video:

1. The video starts with a close-up of a Breville toaster, indicating that the bread is being toasted.
2. The next frame shows a hand placing a slice of toasted bread on top of a sandwich that already has some ingredients inside it.

Given these observations, the actions can be identified as follows:

- Action A: toasting bread (the first part of the video)
- Action B: making a sandwich (the second part of the video)

So, the correct order of actions is:
1. Action A: toasting bread
2. Action B: making a sandwich",ABAB,ABAB,AB,valid,valid,False,False,,,
tsh:408,qwen2.5-vl-7b,dino_heal,BA,Action A. demonstrating the functions of a washing machine,AB,AB,,valid,valid,False,False,,,
tsh:409,qwen2.5-vl-7b,dino_heal,AB,"The person in the video is playing the saxophone, as indicated by their posture and the instrument they are holding. Therefore, the action in the video is:

Action A. playing saxophone",AB,AB,,valid,valid,True,False,,,
tsh:410,qwen2.5-vl-7b,dino_heal,BA,"The image shows a group of people standing around a dartboard, which suggests that they are engaged in the action of throwing darts at it. Therefore, the correct action is:

Action A. throwing darts at a dartboard",AB,AB,,valid,valid,False,False,,,
tsh:411,qwen2.5-vl-7b,dino_heal,AB,"The video shows a person in a gymnasium, and there is a volleyball net visible in the background. The person appears to be engaged in an activity that involves moving around the court, which suggests they might be playing volleyball. Therefore, the action in the video is:

Action B. playing volleyball",BA,BA,,valid,valid,False,False,,,
tsh:412,qwen2.5-vl-7b,dino_heal,BA,"The sequence of actions in the video is as follows:

1. The first action (Action B) is ""walking to a piano."" This is shown at the beginning of the video where a man in a suit walks towards a piano.
2. The second action (Action A) is ""clapping."" This is shown later in the video, where an audience is seen clapping.

So, the correct order of actions is: Action B followed by Action A.",BABA,BABA,BA,valid,valid,False,False,,,
tsh:413,qwen2.5-vl-7b,dino_heal,BA,"Let's analyze the image step by step:

1. The person is holding a glass pitcher filled with a yellow liquid, which appears to be lemonade.
2. There is a pot on the stove, and the person seems to be stirring or handling something in it.

Given these observations, the action being performed is more aligned with Action A: making lemonade. The presence of the pitcher with a yellow liquid and the pot on the stove suggests that the person is in the process of preparing a beverage, likely lemonade, rather than syrup.",BA,BA,BA,valid,valid,True,False,,,
tsh:414,qwen2.5-vl-7b,dino_heal,AB,"Let's analyze the video clip step by step:

1. The video starts with a man in a suit and tie walking through a crowd of people.
2. The scene then transitions to a table tennis match where a person is actively playing ping-pong.

Based on this analysis, the actions in the video are:

Action A. walking through a crowd
Action B. playing table tennis

The first action (A) occurs at the beginning of the video, and the second action (B) occurs later in the video.",AB)),AB)),AB,valid,valid,False,False,,,
tsh:415,qwen2.5-vl-7b,dino_heal,BA,"The sequence of actions in the video is as follows:

1. The person is shown sitting in a chair, smiling and looking at the camera.
2. The person then appears to be in a salon, where they are getting a haircut.

So, the actions in the video are:
- Action A: talking to the camera (when the person is smiling and looking at the camera)
- Action B: getting a haircut (when the person is in the salon)",.A)B,.A)B,AB,valid,valid,False,False,,,
tsh:416,qwen2.5-vl-7b,dino_heal,AB,"Let's analyze the video step by step:

1. The video starts with a close-up of a person's hand holding a tool, which appears to be a jack or a similar device.
2. The camera then pans out to show a red car parked on a grassy area.
3. The person uses the tool to lift the car, as indicated by the movement of the car's wheel and the position of the tool under the car.

Given these observations, the action being performed is:

Action A. using a tool to adjust a car",.BA,.BA,BA,valid,valid,False,False,,,
tsh:417,qwen2.5-vl-7b,dino_heal,BA,"Let's analyze the video clip step by step:

1. The video starts with a close-up of a person's hand holding a tool, which appears to be a wrench or a similar instrument.
2. The camera then pans up to show a white bicycle lying on the grass.
3. The person is seen adjusting the handlebars of the bicycle with the tool.

Given these observations, the action being performed in the video is:

Action A. inspecting the bike",BA,BA,BA,valid,valid,True,False,,,
tsh:418,qwen2.5-vl-7b,dino_heal,AB,"The action in the video is:

Action A. shooting an arrow from a bow

The video shows a person aiming and releasing an arrow from a bow, which then hits a target. The subsequent frames show the arrow hitting a bottle on top of a hay bale, causing it to fall off. However, the primary action captured in the first frame is the release of the arrow from the bow.",AB,AB,,valid,valid,True,False,,,
tsh:419,qwen2.5-vl-7b,dino_heal,BA,"The action depicted in the video is:

Action A. welding

This is indicated by the bright light and sparks coming from the tool being used, which is characteristic of welding processes. The person is wearing protective gear, including a welding helmet, which is standard for welding to protect against the intense light and heat.",AB,AB,,valid,valid,False,False,,,
tsh:420,qwen2.5-vl-7b,dino_heal,AB,"Let's analyze the images step by step:

1. The first image shows a close-up of a control panel with a digital display and some buttons labeled ""ON"" and ""OFF."" This suggests that someone might be interacting with a machine, possibly turning a knob or pressing a button.

2. The second image shows a person wearing protective gear, including a helmet and gloves, using a torch to apply heat to a gray substance. This is a clear action of torching a material.

Given these observations, the actions in the video can be identified as follows:

- Action A: Turning a knob on a machine (implied by the first image).
- Action B: Torching a gray substance (implied by the second image).

Since the question asks for the actions in the video, we can conclude that both actions are present, but the specific actions described in the question are:

Action A: turning a knob on a machine
Action B: torching a gray substance",ABAB,ABAB,AB,valid,valid,False,False,,,
tsh:421,qwen2.5-vl-7b,dino_heal,BA,"Let's analyze the sequence of events in the video:

1. The first frame shows a person swimming in water, which is not related to the actions listed.
2. The second frame shows a close-up of a hand holding a coconut and a straw. This suggests that someone is about to drink from the coconut.

Given these observations, the action depicted in the video is:

Action A. drinking from a coconut",AB,AB,,valid,valid,False,False,,,
tsh:422,qwen2.5-vl-7b,dino_heal,AB,"The sequence of actions in the video is as follows:

1. The first action is **walking through the forest**.
2. The second action is **jumping into water**.

So, the correct order of actions is:
- Action A: walking through the forest
- Action B: jumping into water",AB,AB,AB,valid,valid,True,False,,,
tsh:423,qwen2.5-vl-7b,dino_heal,AB,"Let's analyze the video clip step by step:

1. The first frame shows a person wearing a colorful costume, possibly part of a festival or event, and they appear to be carrying a raft.
2. The second frame shows a person running towards a waterfall, which is not directly related to the actions described in the question.

Based on the descriptions provided:

- Action A: Carrying a raft - This action is depicted in the first frame.
- Action B: Jumping into water - This action is not depicted in the frames provided.

Therefore, the correct answer based on the given frames is:

Action A. carrying a raft",ABA,ABA,AB,valid,valid,False,False,,,
tsh:424,qwen2.5-vl-7b,dino_heal,BA,"The sequence of actions in the video is as follows:

1. **Action B**: The video starts with frozen peas being added to boiling water, which is shown in the first frame.
2. **Action A**: After the peas have been cooked, they are transferred to a pan, and then the video transitions to a bowl where ingredients are being mixed.

Therefore, the correct order of actions is:
- Action B: adding peas to boiling water and then transferring them to a pan
- Action A: adding ingredients to a bowl and mixing them",BABA,BABA,BA,valid,valid,False,False,,,
tsh:425,qwen2.5-vl-7b,dino_heal,AB,"The action in the video is:

Action A. arm wrestling",AB,AB,,valid,valid,True,False,,,
tsh:426,qwen2.5-vl-7b,dino_heal,BA,"The sequence of actions in the video is as follows:

1. The person is seen rowing on a machine.
2. The camera then focuses on the screen of the rowing machine, displaying various metrics such as distance, time, and calories burned.

So, the correct order of actions is:

Action B. rowing on a machine
Action A. showing the screen on the rowing machine",BA,BA,BA,valid,valid,True,False,,,
tsh:427,qwen2.5-vl-7b,dino_heal,BA,"The sequence of actions in the video is as follows:

1. The person is seen using a rowing machine, which involves pulling the handle towards their chest and then pushing it back.
2. The camera then focuses on the screen of the rowing machine, displaying various metrics such as distance, calories burned, and time.

So, the correct order of actions is:

Action B. sitting on a rowing machine
Action A. showing the screen on the rowing machine",BA,BA,BA,valid,valid,True,False,,,
tsh:428,qwen2.5-vl-7b,dino_heal,AB,"The sequence of actions in the video is as follows:

1. The first frame shows a close-up of a hand holding a bottle, which appears to be a face wash.
2. The second frame shows a person applying a mask to their face.

Therefore, the actions in the video are:

Action A. throwing face wash (not shown in the provided frames)
Action B. putting on a mask (shown in the second frame)",AB,AB,AB,valid,valid,True,False,,,
tsh:429,qwen2.5-vl-7b,dino_heal,BA,"Let's analyze the sequence of actions shown in the video:

1. The first frame shows hands holding a bottle and a small object, which appears to be a cap or a cork.
2. The second frame shows a close-up of a piece of paper with three ""X""s on it, suggesting that the bottle might have been used to shoot at these targets.
3. The third frame shows a camera being held by a person, indicating that the person is about to take a picture or record something.

Given these observations, the actions in the video can be interpreted as follows:

- Action A: shooting targets (the presence of the paper with ""X""s suggests this).
- Action B: opening a bottle (the initial frame shows hands holding a bottle and a cap).

Since the video starts with the action of opening a bottle and then transitions to shooting targets, the primary action in the video is:

Action A. shooting targets",ABA,ABA,AB,valid,valid,False,False,,,
tsh:430,qwen2.5-vl-7b,dino_heal,AB,"Let's analyze the sequence of actions in the video:

1. The first frame shows a close-up of hands holding a bottle, which appears to be a spray can. The person is opening the bottle by unscrewing the cap.
2. The second frame shows a person holding a gun and aiming it at a target on the ground. The target is a piece of wood with various objects attached to it.

Based on this analysis, the actions in the video are:

- Action A: opening a bottle (spray can)
- Action B: shooting at targets

The correct sequence of actions is:
1. Opening a bottle (Action A)
2. Shooting at targets (Action B)",ABAB,ABAB,AB,valid,valid,False,False,,,
tsh:431,qwen2.5-vl-7b,dino_heal,AB,"The sequence of actions in the video is as follows:

1. The video starts with a close-up shot of a bowl containing 2,3 oz (350 gr) of short pasta.
2. It then transitions to a person chopping vegetables on a cutting board.

So, the correct order of actions is:

Action A. showing the images of ingredients
Action B. chopping vegetables",.AB,.AB,AB,valid,valid,False,False,,,
tsh:432,qwen2.5-vl-7b,dino_heal,BA,"The image shows a hand holding a mussel, which is part of the process of preparing mussels. The background includes chopped vegetables and herbs, indicating that these ingredients are being prepared for cooking. Therefore, the sequence of actions is:

1. Preparing healthy mussels (Action B)
2. Chopping some vegetables and herbs (Action A)",BA,BA,BA,valid,valid,True,False,,,
tsh:433,qwen2.5-vl-7b,dino_heal,AB,"Let's analyze the sequence of actions in the video:

1. The video starts with a person holding a section of hair and wrapping it in aluminum foil.
2. The next frame shows the same person using a flat iron on the section of hair that is wrapped in foil.

Based on this sequence, the actions can be identified as follows:

- Action A: applying heat to hair wrapped in foil (this occurs after the hair is wrapped in foil).
- Action B: spinning in front of the camera (there is no indication of spinning in the provided frames).

Therefore, the correct action in the video is:

Action A. applying heat to hair wrapped in foil",ABA,ABA,BA,valid,valid,False,False,,,
tsh:434,qwen2.5-vl-7b,dino_heal,BA,"The sequence of actions in the video is as follows:

1. The person is seen cutting a bell pepper, which indicates Action B: carving bell peppers.
2. The person then pours diced seasoned tomatoes into a bowl, which indicates Action A: adding ingredients to a bowl.

So, the correct order of actions is:
1. Action B: carving bell peppers
2. Action A: adding ingredients to a bowl",BABA,BABA,BA,valid,valid,False,False,,,
tsh:435,qwen2.5-vl-7b,dino_heal,AB,"The sequence of actions in the video is as follows:

1. The video starts with a pot of boiling water.
2. Then, a bundle of spaghetti is added into the boiling water.

So, the correct order of actions is:

Action A. adding the pasta in the pot
Action B. adding olive oil to pasta (This action does not occur in the provided video clips.)",AB,AB,AB,valid,valid,True,False,,,
tsh:436,qwen2.5-vl-7b,dino_heal,BA,"The video shows a person climbing on a rock wall, which is an example of rock climbing (Action A). There is also a scene showing a person exercising in a gym, which is an example of doing exercise in a gym (Action B). Therefore, both actions are present in the video.",AB,AB,AB,valid,valid,False,False,,,
tsh:437,qwen2.5-vl-7b,dino_heal,AB,"Let's analyze the video step by step:

1. The person is holding a black object, which appears to be a sharpening stone.
2. They are using a clear glass measuring cup to pour liquid onto the stone.
3. The liquid being poured is likely water, as it is common for sharpening stones to require water to work effectively.

Given these observations, the action being performed is:

Action A. pouring water on a sharpening stone",BA,BA,BA,valid,valid,False,False,,,
tsh:438,qwen2.5-vl-7b,dino_heal,BA,"The image shows a person holding a kite, which appears to be in the process of being assembled or adjusted. There is also a child standing nearby, and the setting looks like an outdoor area with a patterned floor. Given these observations, the action depicted in the image is:

Action B. making a kite",BA,BA,,valid,valid,True,False,,,
tsh:439,qwen2.5-vl-7b,dino_heal,AB,"The sequence of actions in the video is as follows:

1. The chicken is cut into cubes or strips.
2. The mixed salad leaves are placed into a bowl, followed by the addition of the chicken and croutons.

So, the correct order of actions is:
Action A. cutting the chicken
Action B. placing the mixed salad leaves into a bowl and adding the chicken and croutons",AB,AB,AB,valid,valid,True,False,,,
tsh:440,qwen2.5-vl-7b,dino_heal,BA,"The video shows a person shopping for sunscreen, which is an action related to ""buying sunscreen."" Therefore, the correct action in the video is:

Action A. buying sunscreen",AB,AB,,valid,valid,False,False,,,
tsh:441,qwen2.5-vl-7b,dino_heal,BA,"The video starts with a woman in a store, which suggests she is shopping for sunscreen (Action B). The next scene shows her applying sunscreen to her face and body (Action A). Therefore, the sequence of actions is:

1. Buying sunscreen
2. Applying sunscreen",BA,BA,BA,valid,valid,True,False,,,
tsh:442,qwen2.5-vl-7b,dino_heal,AB,"Let's analyze the sequence of actions shown in the video:

1. The first frame shows a bowl with eggs and other ingredients being whisked together, indicating that the ingredients are being mixed.
2. The second frame shows a Zojirushi rice cooker with its lid closed, suggesting that the mixture is about to be baked or cooked inside the rice cooker.

Given these observations, the actions can be described as follows:

- Action A: mixing ingredients (first frame)
- Action B: baking a cake in a rice cooker (second frame)

So, the correct sequence of actions is:
1. Mixing ingredients
2. Baking a cake in a rice cooker",AB,AB,AB,valid,valid,True,False,,,
tsh:443,qwen2.5-vl-7b,dino_heal,BA,"The sequence of actions in the video is as follows:

1. The person is seen standing in a kitchen, preparing food.
2. The person is shown holding a sandwich and placing it on a plate.
3. The person then inserts a toothpick through the center of the sandwich to hold it together.

So, the correct order of actions is:
Action A. inserting a toothpick into a sandwich
Action B. talking to the camera

However, since the video starts with the person talking to the camera, the first action is Action B. talking to the camera, followed by Action A. inserting a toothpick into a sandwich.",ABBA,ABBA,AB,valid,valid,False,False,,,
tsh:444,qwen2.5-vl-7b,dino_heal,AB,"The sequence of actions in the video is as follows:

1. The person is standing in a kitchen, holding a knife and appears to be preparing food.
2. The person is shown placing a slice of bread on top of another slice that already has some ingredients on it.
3. The person continues to add more ingredients to the sandwich.

Given these observations, the actions can be categorized as:

- Action A: talking to the camera (implied by the person's posture and the context of a cooking tutorial)
- Action B: making a sandwich (as evidenced by the person's actions of assembling the sandwich)",AB,AB,AB,valid,valid,True,False,,,
tsh:445,qwen2.5-vl-7b,dino_heal,AB,"The sequence of actions in the video is as follows:

1. The video starts with a picture of an Oreo cheesecake, which is labeled ""No Bake Oreo Cheesecake.""
2. The scene transitions to a close-up of a bowl where Oreo cookies are being crushed.
3. The crushed cookies are then mixed with melted butter and pressed into a springform pan.

So, the correct order of actions is:

Action A. displaying a picture of a oreo cheesecake
Action B. crushing cookies",AB,AB,AB,valid,valid,True,False,,,
tsh:446,qwen2.5-vl-7b,dino_heal,BA,"The sequence of actions in the video is as follows:

1. The first frame shows a close-up of a hand sprinkling what appears to be a mixture of spices and possibly garlic over a dish, which includes sliced vegetables and possibly some cooked meat or tofu.
2. The second frame shows a hand mixing ingredients in a bowl, which seems to include a creamy substance and possibly some dry ingredients like flour or breadcrumbs.

Given these observations, the actions can be identified as:

- Action B: mixing ingredients in a bowl (first frame)
- Action A: stir-frying croutons (second frame)",BA,BA,BA,valid,valid,True,False,,,
tsh:447,qwen2.5-vl-7b,dino_heal,BA,"The sequence of actions in the video is as follows:

1. The video starts with a montage of various food dishes, which sets the context for a cooking show.
2. The scene transitions to a close-up of a pot where eggs are being cooked.
3. The next action shows a person cutting an onion on a cutting board.
4. Following this, the person is seen mixing ingredients in a bowl, which appears to be preparing an egg salad.
5. The final action shows the egg salad being spread onto slices of bread.

Given these observations, the correct order of actions is:

1. Action A: cutting onion and eggs
2. Action B: putting egg salad on bread

So, the correct sequence is:
Action A → Action B",ABAB,ABAB,AB,valid,valid,False,False,,,
tsh:448,qwen2.5-vl-7b,dino_heal,AB,"The sequence of actions in the video is as follows:

1. The person is seen holding a contact lens near their eye.
2. The person then places the contact lens into their eye.

Given these observations, the action performed in the video is:

Action A. putting on a contact lens",AB,AB,,valid,valid,True,False,,,
tsh:449,qwen2.5-vl-7b,dino_heal,BA,"The sequence of actions in the video is as follows:

1. The first frame shows a close-up of a person's face, with their hand near their eye, suggesting they are about to apply or adjust something.
2. The second frame shows a hand holding a bottle labeled ""Opti-Free Replenish,"" which is a solution used for cleaning and disinfecting contact lenses.
3. The third frame shows a hand holding a contact lens case, indicating that the person is preparing to handle contact lenses.

Given these observations, the actions can be identified as:

- Action B: applying contact lenses (implied by the presence of the contact lens case and the proximity to the eye).
- Action A: cleaning and disinfecting hands (implied by the presence of the Opti-Free Replenish bottle).

Therefore, the correct sequence of actions is:
1. B. applying contact lenses
2. A. cleaning and disinfecting hands",BA..,BA..,BA,valid,valid,False,False,,,
tsh:450,qwen2.5-vl-7b,dino_heal,AB,"The sequence of events in the video shows:

1. The person is riding a skateboard.
2. The person loses balance and falls off the skateboard.

Therefore, the actions in the video are:

Action B. falling off a skateboard",BA,BA,,valid,valid,False,False,,,
tsh:451,qwen2.5-vl-7b,dino_heal,BA,"The sequence of actions in the video is as follows:

1. The first action shows a person riding a dirt bike on a track, performing a jump and landing.
2. The second action shows a person standing on top of a hill or elevated area, looking out over the landscape.

So, the actions are:
- Action B: dirt biking
- Action A: walking off",BA,BA,BA,valid,valid,True,False,,,
tsh:452,qwen2.5-vl-7b,dino_heal,AB,"The sequence of actions in the video is as follows:

1. **Action A. Adding pasta to a pan**: The chef is seen adding pasta to a pan, which is likely part of the preparation process for cooking the pasta.
2. **Action B. Pouring the sauce on top of the pasta**: After the pasta is cooked and prepared, the chef is shown pouring a sauce over the pasta in a bowl.

So, the correct order of actions is:
- Action A (adding pasta to a pan)
- Action B (pouring the sauce on top of the pasta)",A.BAB),A.BAB),AB,valid,valid,False,False,,,
tsh:453,qwen2.5-vl-7b,dino_heal,AB,"Let's analyze the video step by step:

1. The person is seen holding a hose connected to a sprayer tank.
2. They are spraying water onto the car, which indicates they are washing the car.

Given these observations, the action being performed is:

Action B. washing the car",BA,BA,,valid,valid,False,False,,,
tsh:454,qwen2.5-vl-7b,dino_heal,BA,"Let's analyze the video step by step:

1. The person is seen holding a bowl of grated cheese, which suggests they are preparing to add it to a dish.
2. The next frame shows the person stirring something in a pan on the stove.
3. The pan appears to contain pancetta (a type of bacon), and the person is using a wooden spoon to stir it.

Given these observations, the action being performed in the video is:

Action A. cooking pancetta in a pot without adding oil

The person is not adding any ingredients or mixing them at this moment; they are simply cooking the pancetta in the pot.",BA,BA,BA,valid,valid,True,False,,,
tsh:455,qwen2.5-vl-7b,dino_heal,AB,"The sequence of actions in the video is as follows:

1. **Action B**: Cooking the noodles in boiling water.
2. **Action A**: Placing the meat onto a wonton sheet and closing it.

The first action shows the noodles being cooked in boiling water, while the second action involves preparing a wonton by placing meat on a sheet and closing it.",BA,BA,BA,valid,valid,False,False,,,
tsh:456,qwen2.5-vl-7b,dino_heal,BA,"The sequence of actions in the video is as follows:

1. The video starts with a close-up of a person's eyes, which are closed.
2. The scene transitions to a wide shot of a person performing hula hooping with multiple hoops in a desert-like environment.

So, the actions in the video are:

- Action B: Opening eyes (the eyes are closed at the beginning and then open).
- Action A: Hula hooping with multiple hoops (the person is seen performing this action).",BA,BA,BA,valid,valid,True,False,,,
tsh:457,qwen2.5-vl-7b,dino_heal,AB,"The person in the video is playing the flute, as indicated by their hand position and the instrument they are holding. Therefore, the action being performed is:

Action A. playing the flute",BA,BA,BA,valid,valid,False,False,,,
tsh:458,qwen2.5-vl-7b,dino_heal,BA,"The sequence of actions in the video is as follows:

1. **Action B. pouring oil and vegetables into a pan**: The video starts with a hand pouring oil into a pan, followed by adding chopped vegetables.
2. **Action A. mixing ingredients in a pan**: After the oil and vegetables are added to the pan, the video shows the ingredients being stirred together.

So, the correct order of actions is: Action B first, then Action A.",BABA,BABA,BA,valid,valid,False,False,,,
tsh:459,qwen2.5-vl-7b,dino_heal,AB,"The sequence of actions in the video is as follows:

1. **Action A**: Pouring oil and vegetables into a pan.
2. **Action B**: Blending ingredients.

The first action shows a hand pouring oil and chopped vegetables into a pan, which is followed by the second action where the blended mixture is shown in a blender.",AB,AB,AB,valid,valid,True,False,,,
tsh:460,qwen2.5-vl-7b,dino_heal,BA,"Let's analyze the sequence of actions in the video:

1. The first person is sitting at a table, holding a hookah hose and appears to be using it.
2. The second person enters the room and stands near the doorway.
3. The second person then moves closer to the table and appears to be adjusting or interacting with something on the table.

Given these observations:
- Action A (putting on a jacket) does not seem to be happening in the video as there is no indication of someone putting on a jacket.
- Action B (using a hookah) seems to be happening as the first person is holding and using a hookah hose.

Therefore, the primary action in the video is:
Action B. using a hookah.",ABB,ABB,AB,valid,valid,False,False,,,
tsh:461,qwen2.5-vl-7b,dino_heal,AB,"Let's analyze the video clip step by step:

1. The first frame shows a person using a rake to gather leaves into a bag.
2. The second frame shows a person operating a lawnmower on a grassy area.

Based on this analysis, the actions in the video are:

- Action A: raking leaves into a bag (in the first frame)
- Action B: mowing the lawn (in the second frame)",.AB,.AB,AB,valid,valid,False,False,,,
tsh:462,qwen2.5-vl-7b,dino_heal,BA,"Let's analyze the video clip step by step:

1. The first frame shows a person pouring a liquid from a bottle into a white bucket.
2. The second frame shows the same person using a hose to spray water on a yellow car.

Based on these observations, the sequence of actions is as follows:

- Action B: pouring water into a white bucket (first frame)
- Action A: washing a car (second frame)

Therefore, the correct order of actions is:

1. B. pouring water into a white bucket
2. A. washing a car",BA..,BA..,BA,valid,valid,False,False,,,
tsh:463,qwen2.5-vl-7b,dino_heal,AB,"The sequence of actions in the video is as follows:

1. The person is seen preparing to dive, which includes putting on scuba gear.
2. After putting on the scuba gear, the person is shown underwater interacting with marine life.

Therefore, the correct order of actions is:

Action A. putting on scuba gear
Action B. handing an underwater animal",AB,AB,AB,valid,valid,True,False,,,
tsh:464,qwen2.5-vl-7b,dino_heal,BA,"The action in the video is:

Action A. welding

The person in the video is wearing protective gear and is using a welding torch, which indicates that they are engaged in the process of welding.",AB,AB,,valid,valid,False,False,,,
tsh:465,qwen2.5-vl-7b,dino_heal,AB,"Let's analyze the sequence of actions in the video:

1. The person is seen holding a cloth, which appears to be wet.
2. The person then rolls the wet cloth into a dry towel.

Based on this analysis, the actions can be identified as follows:

Action A: holding a cloth (occurs at the beginning)
Action B: rolling a wet cloth into a dry towel (occurs after holding the cloth)

So, the correct order of actions is:
1. Action A: holding a cloth
2. Action B: rolling a wet cloth into a dry towel",ABAB,ABAB,AB,valid,valid,False,False,,,
tsh:466,qwen2.5-vl-7b,dino_heal,BA,"The action in the video is:

Action A. ironing a cloth",AB,AB,,valid,valid,False,False,,,
tsh:467,qwen2.5-vl-7b,dino_heal,BA,"Let's analyze the video clip step by step:

1. The first frame shows a person in a kitchen, holding a white cloth and a hairdryer.
2. The second frame transitions to a bathroom where the same person is seen running water from a faucet into a bathtub.

Based on this analysis, the sequence of actions is as follows:

- Action A: Running water in a bathtub (occurs in the second frame)
- Action B: Holding a cloth (occurs in the first frame)

Therefore, the correct order of actions is:

1. Action B: holding a cloth
2. Action A: running water in a bathtub",.ABBA,.ABBA,AB,valid,valid,False,False,,,
tsh:468,qwen2.5-vl-7b,dino_heal,AB,Action A. mixing ingredients in a bowl,AB,AB,,valid,valid,True,False,,,
tsh:469,qwen2.5-vl-7b,dino_heal,AB,"The action in the video is:

Action B. jumping into a pool

The person in the video is seen jumping off a diving board and landing in a pool, which is characteristic of Action B.",BA,BA,,valid,valid,False,False,,,
tsh:470,qwen2.5-vl-7b,dino_heal,BA,"The sequence of actions in the video is as follows:

1. The first frame shows a pot with a mixture that appears to be a cooked dish, possibly a type of pasta or rice with herbs.
2. The second frame shows a pot with penne pasta being stirred with a wooden spoon, indicating that the pasta is being mixed with a sauce.

Therefore, the correct order of actions is:

Action A. mixing pasta and sauce
Action B. adding parsley to a pot",AB,AB,AB,valid,valid,False,False,,,
tsh:471,qwen2.5-vl-7b,dino_heal,BA,"The sequence of actions in the video is as follows:

1. The person is seen applying lipstick.
2. After applying the lipstick, the person walks out of the room.

So, the correct order of actions is:
Action B. applying lipstick
Action A. walking out the door",BA,BA,BA,valid,valid,True,False,,,
tsh:472,qwen2.5-vl-7b,dino_heal,AB,"The sequence of actions in the video is as follows:

1. **Frying Tofu in a Pan (Action A)**: The video starts with a person frying tofu in a pan, which is shown in the first frame.
2. **Placing the Tofu and Vegetables in the Buns (Action B)**: After frying the tofu, the person places it along with other vegetables into the buns, as shown in the second frame.

So, the correct order of actions is:
- Action A: Frying tofu in a pan
- Action B: Placing the tofu and vegetables in the buns",ABAB,ABAB,AB,valid,valid,False,False,,,
tsh:473,qwen2.5-vl-7b,dino_heal,AB,"The sequence of actions in the video is as follows:

1. The first action shown is mixing the chicken with the eggs, which is labeled as Action A.
2. The second action shown is mixing spices with the flour, which is labeled as Action B.

So, the correct order of actions is:
Action A. mixing the chicken with the eggs
Action B. mixing spices with the flour",ABAB,ABAB,AB,valid,valid,False,False,,,
tsh:474,qwen2.5-vl-7b,dino_heal,BA,"Let's analyze the video step by step:

1. The first frame shows a hand reaching towards an object on a surface, which appears to be a phone.
2. In the second frame, the hand is seen holding a black object that looks like a bicycle seat.

Based on this analysis, the sequence of actions can be identified as follows:

- **Action B**: Picking up and holding the object (the bicycle seat).
- **Action A**: Shifting the seat of a bike (though the action itself is not shown, it is implied by the context).

Therefore, the correct sequence of actions is:

1. Action B: Picking up and holding the object.
2. Action A: Shifting the seat of a bike.",BABA,BABA,BA,valid,valid,False,False,,,
tsh:475,qwen2.5-vl-7b,dino_heal,BA,"The action in the video is:

Action A. jumping with stilts

This is because the person in the video is seen wearing stilts and appears to be jumping or moving in a manner consistent with using stilts.",AB,AB,,valid,valid,False,False,,,
tsh:476,qwen2.5-vl-7b,dino_heal,AB,"The sequence of actions in the video is as follows:

1. The person is seen brushing a horse.
2. The person then stops brushing and turns to talk to the camera.

So, the correct order of actions is:

Action A. brushing a horse
Action B. talking to the camera",.AB,.AB,AB,valid,valid,False,False,,,
tsh:477,qwen2.5-vl-7b,dino_heal,BA,"Let's analyze the video step by step:

1. The first frame shows a group of people gathered around a vehicle, with one person actively working on the tire.
2. In the second frame, the focus is on a tire that has been removed from the vehicle, and several people are standing around it, seemingly discussing or examining it.

Based on these observations:

- **Action A: inspecting a tire** seems to be the primary activity in the second frame, as the tire is removed and people are gathered around it for discussion.
- **Action B: changing a tire** appears to be happening in the first frame, where a person is actively working on the tire while others watch.

Therefore, the sequence of actions is:
1. Changing a tire (Action B)
2. Inspecting a tire (Action A)",ABBA,ABBA,AB,valid,valid,False,False,,,
tsh:478,qwen2.5-vl-7b,dino_heal,AB,"The action in the video is:

Action A. changing a tire

This is evident from the group of people working on the truck, with one person kneeling and appearing to be in the process of changing or inspecting the tire.",AB,AB,,valid,valid,True,False,,,
tsh:479,qwen2.5-vl-7b,dino_heal,AB,"Let's analyze the images step by step:

1. The first image shows hands holding a razor and a blade, which suggests that someone is assembling or preparing a razor.
2. The second image shows a person applying a white substance to their neck, which appears to be lotion.

Based on this analysis, the actions in the video are:

Action A: assembling a razor (in the first image)
Action B: applying lotion to the neck (in the second image)",AB,AB,AB,valid,valid,True,False,,,
tsh:480,qwen2.5-vl-7b,dino_heal,BA,"The sequence of actions in the video starts with a person inspecting a bicycle, which is indicated by the close-up of the bike's components and the person's hand pointing at specific parts. This suggests that the person is checking for any issues or damage before proceeding to repair it.

Following this inspection, the person is shown working on the tire, specifically removing the tube from the tire. This action is part of the process of repairing a flat tire, which typically involves replacing the tube if it has been punctured.

Therefore, the correct order of actions is:

1. Action B: inspecting the bike
2. Action A: replacing the tube of the tire",BA,BA,BA,valid,valid,True,False,,,
tsh:481,qwen2.5-vl-7b,dino_heal,AB,"The action in the video is:

Action A. flipping the fish and pressing the rice into it

This can be inferred from the close-up of hands working on a piece of fish, which suggests that the person is preparing sushi by shaping the fish with rice. The subsequent scene shows a chef in a kitchen setting, which aligns with the preparation of sushi.",AB,AB,,valid,valid,True,False,,,
tsh:482,qwen2.5-vl-7b,dino_heal,BA,"The sequence of actions in the video is as follows:

1. Boiling wonton and baby bok choy.
2. Combining the ingredients and serving the soup.

So, the correct order of actions is:

Action B. boiling wonton and baby bok choy
Action A. combining the ingredients and serving the soup",BA,BA,BA,valid,valid,True,False,,,
tsh:483,qwen2.5-vl-7b,dino_heal,BA,"The sequence of events in the video is as follows:

1. The person is seen skateboarding inside a store.
2. The person exits the store through the door.
3. The person continues skateboarding outside, passing between parked cars.

So, the correct order of actions is:

Action B. walking out the door of the store
Action A. skateboarding between cars",BA,BA,BA,valid,valid,True,False,,,
tsh:484,qwen2.5-vl-7b,dino_heal,AB,"The sequence of actions in the video is as follows:

1. Action A: The person is seen mixing the ingredients by hand, which suggests that they are preparing the meat mixture for the patties.
2. Action B: After mixing the ingredients, the person places the patties into a pan to fry them.

So, the correct order of actions is:
1. Mixing the ingredients by hand (Action A)
2. Frying the meat patty in a pan (Action B)",ABAB,ABAB,AB,valid,valid,False,False,,,
tsh:485,qwen2.5-vl-7b,dino_heal,AB,"Let's analyze the sequence of actions shown in the video:

1. The first frame shows a person placing a tray of baked potatoes into an oven.
2. The second frame shows a person sifting flour through a sieve into a bowl, which is a step in preparing ingredients for baking.

Given these observations, the actions can be categorized as follows:

- Action A: baking the potatoes (first frame)
- Action B: mixing ingredients together (second frame)

So, the correct categorization is:
Action A. baking the potatoes
Action B. mixing ingredients together",ABAB,ABAB,AB,valid,valid,False,False,,,
tsh:486,qwen2.5-vl-7b,dino_heal,BA,"The sequence of actions in the video is as follows:

1. The person removes the leaves from the stems and chops them.
2. The chopped leaves are then added to the pan.

So, the correct order of actions is:
Action B. removing the leaves from the stems and chopping them
Action A. adding ingredients to the pan",BA,BA,BA,valid,valid,True,False,,,
tsh:487,qwen2.5-vl-7b,dino_heal,BA,"The sequence of actions in the video is as follows:

1. The person is seen holding a ball and appears to be preparing to play foosball.
2. The scene then cuts to a different setting where a person is lying on the floor, seemingly having fallen.

Therefore, the actions in the video are:

Action A. falling down on the sofa
Action B. playing foosball",AB,AB,AB,valid,valid,False,False,,,
tsh:488,qwen2.5-vl-7b,dino_heal,AB,"The action in the video is:

Action A. playing the drums

This can be inferred from the presence of conga drums and the rhythmic hand movements that resemble drumming.",AB,AB,,valid,valid,True,False,,,
tsh:489,qwen2.5-vl-7b,dino_heal,AB,"The sequence of actions in the video is as follows:

1. The person is seen walking to the end of a diving board.
2. The person then jumps off the diving board and performs a dive into the pool.

So, the correct order of actions is:

Action A. walking to the end of a diving board
Action B. swimming to the edge (This action does not occur in the provided video clip.)",AB,AB,AB,valid,valid,True,False,,,
tsh:490,qwen2.5-vl-7b,dino_heal,BA,"Let's analyze the video clip step by step:

1. The video starts with a close-up of a door handle, suggesting that someone is about to open or close a door.
2. The scene then transitions to a garage where a person is standing inside.
3. The person appears to be walking towards the camera, which could imply they are moving from one area to another within the garage.
4. There is no visible action of turning off the lights in this sequence.
5. The final frame shows a black screen with text indicating it is a short film by David Hegedus.

Given these observations, the action that occurs in the video is:

Action B. closing a door and opening a car door

The initial close-up of the door handle suggests an action related to doors, and the transition to the garage implies that the person might have closed a door before entering the garage. However, there is no clear evidence of opening a car door in the provided frames.",,,,unparseable,unparseable,,False,official parser returned None,,
tsh:491,qwen2.5-vl-7b,dino_heal,AB,"Let's analyze the sequence of actions shown in the video:

1. The person is seen juicing an orange using a manual juicer.
2. The juice is collected in a bowl.

Given these observations, the action that best describes what is happening in the video is:

Action A. juicing fruits",AB,AB,,valid,valid,True,False,,,
tsh:492,qwen2.5-vl-7b,dino_heal,BA,"The sequence of actions in the video is as follows:

1. **Action B**: The person is seen combining ingredients and stirring them together, which is indicated by the text ""stir"" on the screen.
2. **Action A**: After the ingredients are combined, the person places the mixture into the wonton wrappers, which is shown by the text ""wonton wrappers"" on the screen.

So, the correct order of actions is:
- Action B: combining ingredients and stirring them together
- Action A: filling the wonton wrappers",BABA,BABA,BA,valid,valid,False,False,,,
tsh:493,qwen2.5-vl-7b,dino_heal,AB,"The action in the video is:

Action B. playing bassoons

This can be identified by the instruments being played, which are bassoons, as shown in the close-up of the musicians.",BA,BA,,valid,valid,False,False,,,
tsh:494,qwen2.5-vl-7b,dino_heal,BA,"The sequence of actions in the video is as follows:

1. The first frame shows a person walking, which could be interpreted as crossing a zebra crossing.
2. The second frame shows a man and a woman inside a car, with the man driving and the woman looking out the window. This does not depict any action related to crossing a zebra crossing.

Therefore, the actions in the video are:
- Action A: crossing the zebra crossing (in the first frame)
- Action B: reading a newspaper (not depicted in the provided frames)",AB,AB,AB,valid,valid,False,False,,,
tsh:495,qwen2.5-vl-7b,dino_heal,AB,"The action in the video is:

Action A. pouring water into a bowl

This can be inferred from the person's hand movements and the presence of a bowl being filled with water.",AB,AB,,valid,valid,True,False,,,
tsh:496,qwen2.5-vl-7b,dino_heal,BA,"The action in the video is:

Action A. showing a washing machine

The video starts with a person pouring water from a pot into a bowl, but then quickly transitions to a close-up of a washing machine. The focus shifts from the person and the bowl to the washing machine, indicating that the main subject of the video is the washing machine.",AB,AB,,valid,valid,False,False,,,
tsh:497,qwen2.5-vl-7b,dino_heal,BA,Action A. cooking bread on a grill,AB,AB,,valid,valid,False,False,,,
tsh:498,qwen2.5-vl-7b,dino_heal,AB,"The sequence of actions in the video is as follows:

1. The person is shown rowing on a machine.
2. The camera then focuses on the person's hand, showing blisters.

So, the actions are:
Action A. rowing on a machine
Action B. showing blisters on hand",AB,AB,AB,valid,valid,True,False,,,
tsh:499,qwen2.5-vl-7b,dino_heal,BA,"The sequence of actions in the video is as follows:

1. The person is seen walking outdoors, possibly in a park or a similar setting.
2. The scene transitions to a close-up of a container filled with rocks.
3. The next scene shows a person drawing hopscotch squares on a sidewalk with chalk.
4. The final scene captures a person jumping on the sidewalk within the hopscotch squares.

Given these observations, the actions can be categorized as:

- Action A: jumping on the sidewalk (occurring at the end of the sequence)
- Action B: sitting in a sidewalk and talking to the camera (not present in the provided frames)

Therefore, the correct action based on the provided frames is:

Action A: jumping on the sidewalk",ABBA,ABBA,AB,valid,valid,False,False,,,
tsh:500,qwen2.5-vl-7b,dino_heal,AB,"The sequence of actions in the video is as follows:

1. **Action A**: Placing baked bacon slices on a plate.
2. **Action B**: Toasting the bread.

The video starts with a plate of baked bacon slices, and then it transitions to showing bread being toasted. Therefore, the correct order of actions is:

1. Action A: Placing baked bacon slices on a plate.
2. Action B: Toasting the bread.",ABAB,ABAB,AB,valid,valid,False,False,,,
tsh:501,qwen2.5-vl-7b,dino_heal,AB,"The sequence of actions in the video is as follows:

1. The first action shows a person chopping herbs and garlic on a wooden cutting board, which is part of preparing ingredients.
2. The second action shows a person cooking pasta with shrimp in a pot, which is part of cooking pasta with shrimp.

Therefore, the correct order of actions is:
Action A. preparing ingredients
Action B. cooking pasta with shrimp",AB,AB,AB,valid,valid,True,False,,,
tsh:502,qwen2.5-vl-7b,dino_heal,BA,"The sequence of actions in the video is as follows:

1. The person is playing the violin.
2. The person stops playing and talks to the camera.

So, the correct order of actions is:
Action B. playing the violin
Action A. talking to the camera",.BA,.BA,BA,valid,valid,False,False,,,
tsh:503,qwen2.5-vl-7b,dino_heal,AB,"The sequence of actions in the video is as follows:

1. The first action shown is cutting tofu into strips, which corresponds to Action A.
2. The second action shown is adding various ingredients to a pot, which corresponds to Action B.

So, the correct order of actions is: A followed by B.",AB.,AB.,AB,valid,valid,False,False,,,
tsh:504,qwen2.5-vl-7b,dino_heal,BA,"The sequence of actions in the video can be described as follows:

1. The person is standing on a diving board, preparing to dive.
2. The person jumps off the diving board and performs a dive into the water.
3. After entering the water, the person begins to swim.

Given these observations, the actions can be categorized as:

- Action A: swimming (after the dive)
- Action B: the opening of the arms (during the dive)",AB,AB,BA,valid,valid,False,False,,,
tsh:505,qwen2.5-vl-7b,dino_heal,BA,"The sequence of actions in the video is as follows:

1. The first action is **B. walking to the edge of the diving board**.
2. The second action is **A. swimming**.

The person in the video walks to the edge of the diving board and then dives into the pool, performing a swimming action after entering the water.",AB,AB,,valid,valid,False,False,,,
tsh:506,qwen2.5-vl-7b,dino_heal,AB,"Let's analyze the video clip step by step:

1. The first frame shows an exterior view of a building with windows and a roof.
2. The second frame transitions to the interior, showing a close-up of a white appliance, possibly a refrigerator, with energy efficiency ratings displayed.
3. The third frame shifts to a close-up of a hand reaching towards a bed.
4. The fourth frame shows a hand picking up a cell phone from a bed.

Given these observations, the action that occurs in the video is:

Action A. picking up a cell phone on a bed",AB,AB,,valid,valid,True,False,,,
tsh:507,qwen2.5-vl-7b,dino_heal,AB,"Let's analyze the video clip step by step:

1. The person is lying down, and their hand is moving towards their face.
2. The camera then shifts to show a view through a window, showing buildings outside.

Given these observations, it appears that the person might be reaching for something near their face. However, there is no clear indication of them picking up a cell phone or drinking a beer. The action closest to what is shown in the video is:

Action B. picking up a cell phone on a bed

The hand movement suggests an action related to the face, which could be associated with picking up a phone or another object close to the face.",,,,unparseable,unparseable,,False,official parser returned None,,
tsh:508,qwen2.5-vl-7b,dino_heal,BA,"The sequence of actions in the video is as follows:

1. The person is peeling a potato.
2. The scene transitions to a close-up of a knife displayed on the table.

So, the correct order of actions is:

Action B. peeling a potato
Action A. displaying a knife on the table",BA,BA,BA,valid,valid,True,False,,,
tsh:509,qwen2.5-vl-7b,dino_heal,BA,"Let's analyze the sequence of actions in the video:

1. The first frame shows a person using a jack to lift the car, which is a step in changing a tire.
2. The second frame shows a person placing a tire into the trunk of the car.

Given this sequence, the correct order of actions is:

Action B. raising the car with a jack
Action A. putting a tire into the trunk",BA,BA,BA,valid,valid,True,False,,,
tsh:510,qwen2.5-vl-7b,dino_heal,AB,"The action depicted in the video is:

Action A. running and jumping

This can be inferred from the sequence of frames showing a person running on a track, preparing to jump, and then performing a long jump. The presence of a long jump pit and the athlete's posture suggest that the action involves running and jumping.",AB,AB,,valid,valid,True,False,,,
tsh:511,qwen2.5-vl-7b,dino_heal,AB,"The video shows a person performing a long jump, which is an action that involves running and jumping. Therefore, the correct action for the video is:

Action B. running and jumping",BA,BA,,valid,valid,False,False,,,
tsh:512,qwen2.5-vl-7b,dino_heal,BA,"Let's analyze the video step by step:

1. The first frame shows a building with the sign ""Jubes Auto Greene River Co."" This suggests that the location might be related to river activities or a business involved with rivers.
2. The second frame shows people on a raft, which is floating on water. They appear to be enjoying themselves and are likely engaged in recreational activities.
3. The third frame continues to show people on a raft, with one person holding a paddle, indicating that they are actively paddling.

Given these observations, the primary action in the video is:

Action A. paddling a raft",AB,AB,,valid,valid,False,False,,,
tsh:513,qwen2.5-vl-7b,dino_heal,AB,"The video shows a person running away from a storm, which suggests that they are trying to avoid being caught in the rain or wind. This action is more closely related to ""monitoring a storm"" as it indicates awareness of the weather conditions and an attempt to take precautions.

Therefore, the primary action in the video is:
Action A. monitoring a storm",AB,AB,,valid,valid,True,False,,,
tsh:514,qwen2.5-vl-7b,dino_heal,BA,"The sequence of actions in the video is as follows:

1. **Action B. Applying liquid with a paintbrush**: The person is seen using a paintbrush to apply a liquid substance onto a wooden surface, likely for painting or sealing.
2. **Action A. Use a tack rag to remove dust**: After applying the liquid, the person uses a tack rag to wipe down the surface, presumably to remove any dust or debris that might have been left behind.

So, the correct order of actions is:
1. Apply the liquid with a paintbrush.
2. Use a tack rag to remove dust.",BA,BA,BA,valid,valid,True,False,,,
tsh:515,qwen2.5-vl-7b,dino_heal,BA,"Let's analyze the sequence of actions shown in the video:

1. The first frame shows a close-up of a piece of meat being cut with a knife.
2. The second frame shows a pot of water being stirred with a wooden spoon.

Given these observations, the actions in the video are:

- Action B: cutting pancetta (the first frame)
- Action A: boiling water, adding salt, and cooking the spaghetti (the second frame)

Therefore, the correct order of actions is:

1. Action B: cutting pancetta
2. Action A: boiling water, adding salt, and cooking the spaghetti",BABA,BABA,BA,valid,valid,False,False,,,
tsh:516,qwen2.5-vl-7b,dino_heal,AB,"The action in the video is:

Action A. raking leaves

The person in the video is using a rake to gather leaves, which indicates they are engaged in the activity of raking leaves.",AB,AB,,valid,valid,True,False,,,
tsh:517,qwen2.5-vl-7b,dino_heal,AB,"The sequence of actions in the video is as follows:

1. The person is seen raking leaves.
2. The scene transitions to a close-up of a Hamm's beer can with the text ""please drink responsibly"" displayed.

So, the actions in order are:
Action A. raking leaves
Action B. drinking from a can",AB,AB,AB,valid,valid,True,False,,,
tsh:518,qwen2.5-vl-7b,dino_heal,BA,"The sequence of actions in the video is as follows:

1. **Adding ingredients to the pan**: The video starts with a close-up of a pot on the stove, where ingredients are being added to the pan. This includes vegetables and possibly some spices or seasonings.
2. **Adding meatballs to the pan**: After the initial addition of ingredients, the video transitions to show meatballs being added to the pan, which already contains the vegetables.

So, the correct order of actions is:
- Action A: adding ingredients to the pan
- Action B: adding meatballs to the pan",AB,AB,AB,valid,valid,False,False,,,
tsh:519,qwen2.5-vl-7b,dino_heal,AB,"The sequence of actions in the video is as follows:

1. The person pours 1 cup of burgundy wine into a pan.
2. The person then adds various seasonings to a bowl.

So, the correct order of actions is:
Action A. adding wine to the pan
Action B. adding various seasonings to a bowl",AB,AB,AB,valid,valid,True,False,,,
tsh:520,qwen2.5-vl-7b,dino_heal,BA,"The video shows a person being pulled by a boat, which is a common activity associated with wakeboarding. Therefore, the action depicted in the video is:

Action A. wakeboarding",AB,AB,,valid,valid,False,False,,,
tsh:521,qwen2.5-vl-7b,dino_heal,AB,"The video shows a person performing a trick on a wakeboard, which is a type of water sport where the rider is pulled by a boat and glides across the water's surface. Therefore, the action depicted in the video is:

Action B. wakeboarding",BA,BA,,valid,valid,False,False,,,
tsh:522,qwen2.5-vl-7b,dino_heal,BA,"Let's analyze the sequence of actions in the video:

1. The chef is seen stirring a pot on the stove, which contains a soup with herbs.
2. The scene then cuts to a close-up of a bowl where pasta is being placed using a spoon.

Based on this sequence, the actions can be identified as follows:

- Action B: Adding herbs to the soup (occurs first)
- Action A: Placing the pasta in a bowl (occurs second)

Therefore, the correct order of actions is:
1. B. adding herbs to the soup
2. A. placing the pasta in a bowl",BA..,BA..,BA,valid,valid,False,False,,,
tsh:523,qwen2.5-vl-7b,dino_heal,AB,"The image shows a person riding a horse, which corresponds to Action A. riding horses. The other image depicts children playing together in a muddy area, which corresponds to Action B. playing together.",AB,AB,AB,valid,valid,True,False,,,
tsh:524,qwen2.5-vl-7b,dino_heal,BA,"The image shows a group of people, including children and adults, enjoying activities near a body of water. Some individuals are in swimwear, suggesting they might be preparing for or have just finished swimming. Others appear to be playing on a wooden bridge over the water.

Given the context and the visible activities, the most appropriate action described in the image is:

Action A. playing together",AB,AB,,valid,valid,False,False,,,
tsh:525,qwen2.5-vl-7b,dino_heal,BA,"Let's analyze the video clip step by step:

1. The person is holding a contact lens case and appears to be manipulating it.
2. The person then picks up a contact lens from the case.
3. The person seems to be preparing to remove the contact lens from the case.

Given these observations, the action being performed is:

Action A. removing contact lenses",BA,BA,BA,valid,valid,True,False,,,
tsh:526,qwen2.5-vl-7b,dino_heal,AB,"The sequence of actions in the video is as follows:

1. **Action A**: The person is seen adding various ingredients to a bowl and mixing them well.
2. **Action B**: After the mixing, the person shapes the mixture into patties.

So, the correct order of actions is:
- Action A: adding various ingredients to the bowl and mixing well
- Action B: shaping the beef into patties",ABAB,ABAB,AB,valid,valid,False,False,,,
tsh:527,qwen2.5-vl-7b,dino_heal,AB,"The sequence of actions in the video is as follows:

1. The person is seen lifting weights above their head, which corresponds to Action A.
2. After lifting the weights, the person transitions to running on a track, which corresponds to Action B.

So, the correct order of actions is: Action A followed by Action B.",ABAB,ABAB,BA,valid,valid,False,False,,,
tsh:528,qwen2.5-vl-7b,dino_heal,BA,"The sequence of actions in the video is as follows:

1. **Action B. sauteing chopped onions and garlic**
2. **Action A. chopping basil and adding it with cheese**

The video starts with the person sautéing onions and garlic, then transitions to chopping basil and adding it with cheese.",BA,BA,BA,valid,valid,True,False,,,
tsh:529,qwen2.5-vl-7b,dino_heal,AB,"The sequence of actions in the video is as follows:

1. The person is seen adding spaghetti to a pot of boiling water.
2. After that, the person is shown chopping basil and adding it with cheese.

So, the correct order of actions is:
Action A. adding spaghetti to a pot of boiling water
Action B. chopping basil and adding it with cheese",AB,AB,AB,valid,valid,True,False,,,
tsh:530,qwen2.5-vl-7b,dino_heal,BA,"The sequence of events in the video shows:

1. A person is seen preparing to bowl, taking a stance and rolling the ball down the lane.
2. The camera then shifts to show a close-up of a bowling machine screen, which displays a score.

Given these observations, the actions can be identified as follows:

- Action B: bowling (the person is seen bowling)
- Action A: displaying a bowling score (the score is shown on the screen)",BA,BA,BA,valid,valid,True,False,,,
tsh:531,qwen2.5-vl-7b,dino_heal,AB,Action B. rolling wrapping paper,BA,BA,,valid,valid,False,False,,,
tsh:532,qwen2.5-vl-7b,dino_heal,BA,"The video shows a person wrapping a gift box with red and white wrapping paper. Therefore, the action depicted is:

Action A. wrapping a box",AB,AB,,valid,valid,False,False,,,
tsh:533,qwen2.5-vl-7b,dino_heal,AB,"The sequence of actions in the video is as follows:

1. The person is seen mopping the floor with a Magic Mop Spray.
2. The camera then focuses on the handle of the mop, showing the person squeezing it.

So, the actions in order are:

Action A. mopping the floor
Action B. squeezing the handle",AB,AB,AB,valid,valid,True,False,,,
tsh:534,qwen2.5-vl-7b,dino_heal,BA,"The sequence of actions in the video is as follows:

1. The first frame shows butter being placed into a mixing bowl, indicating Action B.
2. The second frame shows cookies on a baking sheet, with text suggesting that they should be removed when done, indicating Action A.

Therefore, the correct order of actions is:
Action B. placing butter in a mixing bowl
Action A. to remove cookies from the baking sheet",BABA,BABA,BA,valid,valid,False,False,,,
tsh:535,qwen2.5-vl-7b,dino_heal,AB,"The sequence of actions in the video is as follows:

1. **Action A**: Placing a parchment paper on a baking sheet.
2. **Action B**: Removing cookies from the baking sheet.

The video starts with the person placing a parchment paper on a baking sheet, which is Action A. Then, it shows the cookies being removed from the baking sheet, which is Action B.",ABAB,ABAB,AB,valid,valid,False,False,,,
tsh:536,qwen2.5-vl-7b,dino_heal,BA,"The sequence of actions in the video is as follows:

1. The first frame shows a close-up of a block of cheese, which suggests that the cheese is being prepared for use.
2. The second frame shows a hand placing a slice of bread into a heated pan on a stove.

Given these observations, the correct action sequence is:

Action A. heating a pan and toasting bread in it",AB,AB,,valid,valid,False,False,,,
tsh:537,qwen2.5-vl-7b,dino_heal,AB,"The sequence of actions in the video is as follows:

1. The person is seen walking towards a sink.
2. The person is then shown drying their hands with a sterile towel.

So, the actions in order are:
Action A. walking
Action B. drying hands",AB,AB,AB,valid,valid,True,False,,,
tsh:538,qwen2.5-vl-7b,dino_heal,BA,"The sequence of actions in the video is as follows:

1. **Action B. frying bacon**: The video starts with bacon being fried in a pan on a grill.
2. **Action A. laying ingredients on the bread**: After the bacon is cooked, it is placed on a piece of bread, and other ingredients such as lettuce and tomato slices are added to complete the sandwich.

So, the correct order of actions is:
- Action B. frying bacon
- Action A. laying ingredients on the bread",BABA,BABA,BA,valid,valid,False,False,,,
tsh:539,qwen2.5-vl-7b,dino_heal,AB,"The sequence of actions in the video is as follows:

1. The athlete is seen running on a track, which is the initial phase of a triple jump.
2. The athlete then performs the triple jump, landing in the sandpit.
3. After landing, the athlete poses in front of a scoreboard.

So, the actions in order are:

- Action A: triple jump
- Action B: posing in front of a scoreboard",AB,AB,AB,valid,valid,True,False,,,
tsh:540,qwen2.5-vl-7b,dino_heal,BA,"The sequence of actions in the video is as follows:

1. The first action shown is pressing a button on a slow cooker, which suggests setting the timer or temperature.
2. The second action shows a close-up of a slow cooker with a lid being placed on it, indicating that the food inside is being prepared for slow cooking.

Therefore, the correct order of actions is:
Action B. putting the lid on and slow cooking
Action A. adding vinegar (This action is not shown in the provided frames.)",BA,BA,BA,valid,valid,True,False,,,
tsh:541,qwen2.5-vl-7b,dino_heal,AB,"Let's analyze the sequence of actions in the video:

1. The person is seen walking towards a large black trash bin.
2. The person opens the lid of the trash bin.
3. The person then picks up a red rake and throws it into the trash bin.

Based on this sequence, the action that occurs is:

Action B. throwing a rake",BA,BA,,valid,valid,False,False,,,
tsh:542,qwen2.5-vl-7b,dino_heal,BA,"The sequence of actions in the video is as follows:

1. The person is seen throwing grass into a garbage bin.
2. The person then picks up a twig and smells it.

So, the correct order of actions is:

Action B. throwing grass in the garbage
Action A. picking up and smelling a twig",BA,BA,BA,valid,valid,True,False,,,
tsh:543,qwen2.5-vl-7b,dino_heal,AB,"The action in the video is:

Action B. adding ingredients to a bowl and whisking them well

This is evident from the sequence of events where the person is seen adding ingredients to a bowl and then whisking them together, which is a common step in preparing a batter or mixture for cooking.",BA,BA,,valid,valid,False,False,,,
tsh:544,qwen2.5-vl-7b,dino_heal,BA,"The sequence of actions in the video is as follows:

1. **Action B. squeezing lemons**: The video starts with a person squeezing lemons into a juicer, which extracts the juice.
2. **Action A. pouring lemonade to cups**: After the juice is extracted, it is poured into glasses that already contain ice and lemon slices.

So, the correct order of actions is: B followed by A.",BA.,BA.,BA,valid,valid,False,False,,,
tsh:545,qwen2.5-vl-7b,dino_heal,BA,"Let's analyze the video clip step by step:

1. The first frame shows a wet vacuum cleaner being used on a tiled floor. The text ""GVE 370 WET VACUUM"" is visible, indicating that this is a wet vacuum designed for cleaning liquids.
2. In the second frame, the vacuum cleaner is shown inside a sink, with water and debris being sucked up by the vacuum. This suggests that the vacuum is being used to clean a sink.

Based on these observations, the actions in the video can be categorized as follows:

- Action A: vacuuming the liquid in a sink (the second frame)
- Action B: scrubbing and drying a tiled floor (the first frame)

Therefore, the correct answer is:

Action A. vacuuming the liquid in a sink",ABA,ABA,AB,valid,valid,False,False,,,
tsh:546,qwen2.5-vl-7b,dino_heal,AB,"Action A. vacuuming a carpet

The video shows a person using a vacuum cleaner to clean a carpet, which is labeled as an ""EXTRACTION VAC"" and ""WET VACUUM."" The text on the screen also mentions ""CLEAN UPHOLSTERY & CARPETS,"" indicating that the vacuum is being used for cleaning carpets.",AB,AB,,valid,valid,True,False,,,
tsh:547,qwen2.5-vl-7b,dino_heal,BA,"The image shows a pan filled with thinly sliced white radishes being cooked in hot oil, along with some visible seasonings such as black pepper. Therefore, the action depicted in the image is:

Action A. adding radish to a pan of hot oil and seasoning it",AB,AB,,valid,valid,False,False,,,
tsh:548,qwen2.5-vl-7b,dino_heal,AB,Action A. creating a nail polish design in water,AB,AB,,valid,valid,True,False,,,
tsh:549,qwen2.5-vl-7b,dino_heal,BA,"Let's analyze the sequence of actions shown in the video:

1. The first frame shows a person mashing potatoes in a pot on the stove.
2. The second frame shows the same person shaping the mashed potato mixture into small patties.

Based on this analysis, the actions can be identified as follows:

- Action B (mashing the potatoes) is performed in the first frame.
- Action A (shaping the mixture into small patties) is performed in the second frame.

Therefore, the correct order of actions is:
1. B. mashing the potatoes
2. A. shaping the mixture into small patties",BA..,BA..,BA,valid,valid,False,False,,,
tsh:550,qwen2.5-vl-7b,dino_heal,AB,"The sequence of actions in the video is as follows:

1. **Action A**: The first frame shows a person cracking an egg into a bowl, which suggests that they are preparing to add eggs and milk to the mixture.
2. **Action B**: The second frame shows a person cutting hot dogs on a wooden board and inserting skewers into them, indicating that this is a separate step from the mixing process.

Therefore, the correct order of actions is:
- First, add 2 eggs (Action A).
- Then, cut hot dogs and insert skewers (Action B).",ABAB,ABAB,AB,valid,valid,False,False,,,
tsh:551,qwen2.5-vl-7b,dino_heal,AB,"The action in the video is:

Action A. welding

This is indicated by the bright sparks and the visible molten metal, which are characteristic of the welding process.",AB,AB,,valid,valid,True,False,,,
tsh:552,qwen2.5-vl-7b,dino_heal,BA,"Let's analyze the video step by step:

1. The person is initially seen bending over, which could be to adjust something on the stove or to pick up an item.
2. The person then stands up and appears to be stirring something in a pan on the stove.

Given these observations, the primary action in the video is:

Action A. cooking in a pan",AB,AB,,valid,valid,False,False,,,
tsh:553,qwen2.5-vl-7b,dino_heal,AB,"The action in the video is:

Action B. pouring liquid into a pan

This can be identified by the person holding a blue container and pouring its contents into a pan that already has food in it.",BA,BA,,valid,valid,False,False,,,
tsh:554,qwen2.5-vl-7b,dino_heal,BA,"The action in the video is:

Action A. changing a tire

This is evident from the sequence of frames showing a person working on a car's wheel, lifting it with a jack, and preparing to remove or replace the tire.",AB,AB,,valid,valid,False,False,,,
tsh:555,qwen2.5-vl-7b,dino_heal,BA,"The video starts with a scene of people interacting with horses, which could be interpreted as either ""riding horse"" or ""walking with horses."" However, since the text ""Spray River Trail Rides"" suggests an activity involving horses, it is reasonable to infer that the action being depicted is more closely aligned with ""riding horse.""

Therefore, the primary action in the video is:
Action A. riding horse",BA,BA,BA,valid,valid,True,False,,,
tsh:556,qwen2.5-vl-7b,dino_heal,AB,"The sequence of actions in the video is as follows:

1. The person is seen adjusting their shoes, which suggests they are tightening them.
2. After adjusting the shoes, the person stands up from the car.

Therefore, the correct order of actions is:

Action A. tightening shoes
Action B. standing up from the car",AB,AB,AB,valid,valid,True,False,,,
tsh:557,qwen2.5-vl-7b,dino_heal,BA,"The action in the video is:

Action B. sanding a surface with an electric sander

This is evident from the use of a power tool with a circular sanding pad, which is characteristic of an electric sander. The person is also holding the tool with both hands, which is typical when using an electric sander for stability and control.",BA,BA,,valid,valid,True,False,,,
tsh:558,qwen2.5-vl-7b,dino_heal,AB,"The sequence of actions in the video is as follows:

1. **Frying the pieces in a pan (Action A)**: The video starts with a close-up of a frying pan on a stove, where pieces are being fried in hot oil.
2. **Squeezing lemon on the fried pieces (Action B)**: After the pieces are fried, they are placed on a plate, and a hand squeezes lemon juice over them.

So, the correct order of actions is:
- Action A: frying the pieces in a pan
- Action B: squeezing lemon on the fried pieces",ABAB,ABAB,AB,valid,valid,False,False,,,
tsh:559,qwen2.5-vl-7b,dino_heal,BA,"The video shows a person windsurfing on the water, which corresponds to Action B. The sequence then transitions to a group of people receiving certificates and awards, which corresponds to Action A. Therefore, the correct order of actions is:

1. Windsurfing (Action B)
2. Receiving certificates and awards (Action A)",BABA,BABA,BA,valid,valid,False,False,,,
tsh:560,qwen2.5-vl-7b,dino_heal,AB,"The video shows a person windsurfing, as indicated by the presence of a windsurfing board and the individual actively maneuvering it on the water. Therefore, the action depicted in the video is:

Action A. windsurfing",AB,AB,,valid,valid,True,False,,,
tsh:561,qwen2.5-vl-7b,dino_heal,BA,"The sequence of actions in the video is as follows:

1. **Action B. Seasoning the chicken**: The video starts with a close-up of a glass bowl containing various spices, which are then sprinkled over raw chicken pieces on a baking tray. This action is clearly shown and labeled as ""seasoning the chicken.""

2. **Action A. Mixing the remaining spice with flour**: After the chicken is seasoned, the video transitions to a different scene where a person is seen mixing ingredients in a bowl. The mixture appears to be a combination of flour and the remaining spices from the previous scene. This action is labeled as ""mixing the remaining spice with flour.""

So, the correct order of actions is:
1. Seasoning the chicken (Action B)
2. Mixing the remaining spice with flour (Action A)",BABA,BABA,BA,valid,valid,False,False,,,
tsh:562,qwen2.5-vl-7b,dino_heal,AB,"Let's analyze the sequence of actions in the video:

1. The first frame shows a person inside a car, which appears to be preparing to exit.
2. The second frame shows a person snowboarding down a snowy street, with another person standing on a snowboard nearby.

Based on this analysis, the actions can be identified as follows:

- Action A: entering the car (first frame)
- Action B: snowboarding (second frame)

So, the correct order of actions is:
1. Action A: entering the car
2. Action B: snowboarding",ABAB,ABAB,AB,valid,valid,False,False,,,
tsh:563,qwen2.5-vl-7b,dino_heal,AB,"The sequence of actions in the video is as follows:

1. The first frame shows a person scuba diving underwater, exploring a coral reef.
2. The second frame shows a person climbing onto a boat from the water.

So, the actions are:

- Action A: scuba diving (first frame)
- Action B: climbing onto the boat (second frame)",AB,AB,AB,valid,valid,True,False,,,
tsh:564,qwen2.5-vl-7b,dino_heal,BA,"The sequence of actions in the video is as follows:

1. The video starts with a scene of people playing on the beach, where children and adults are building sandcastles and playing with sand toys.
2. The scene then transitions to a different setting where a woman is sitting on a porch, and a young girl is standing next to her.

Therefore, the correct order of actions is:
Action B. playing on the beach
Action A. a girl taking a cloth from a bag",BA,BA,BA,valid,valid,True,False,,,
tsh:565,qwen2.5-vl-7b,dino_heal,AB,"The sequence of actions in the video is as follows:

1. The person is seen putting on a blue apron.
2. After putting on the apron, the person is shown attaching handlebars to a bicycle.

So, the correct order of actions is:
Action A. putting on a blue apron
Action B. attaching handlebars",AB,AB,AB,valid,valid,True,False,,,
tsh:566,qwen2.5-vl-7b,dino_heal,BA,"The sequence of actions in the video is as follows:

1. The person is seen putting an item in the trunk of a car.
2. The scene transitions to a nighttime setting where a car is driving on a road.

So, the actions are:
- Action B: putting an item in the trunk of a car
- Action A: driving",BA,BA,BA,valid,valid,True,False,,,
tsh:567,qwen2.5-vl-7b,dino_heal,AB,"The sequence of actions in the video shows:

1. The person is holding their eyelid open with one hand.
2. The person then appears to be preparing to insert something into their eye.

Given these observations, the action being performed is:

Action A. inserting a contact lens",BA,BA,BA,valid,valid,False,False,,,
tsh:568,qwen2.5-vl-7b,dino_heal,AB,"The sequence of actions in the video is as follows:

1. The first frame shows a close-up of a person's hand, which appears to be inserting a contact lens into their eye.
2. The second frame shows a person sitting in front of an eye examination machine, which suggests they are undergoing an eye exam.

Therefore, the actions in the video are:
- Action A: inserting a contact lens (in the first frame)
- Action B: undergoing an eye exam (in the second frame)",AB,AB,AB,valid,valid,True,False,,,
tsh:569,qwen2.5-vl-7b,dino_heal,AB,"The sequence of actions in the video shows:

1. The person is holding a small object, possibly a piece of tin foil, and using a tool to poke holes into it.
2. The person then holds up a circular object that appears to be part of a hookah, showing its perforated surface.

Given these observations, the actions can be identified as:

Action A: poking holes in tin foil (first part of the video)
Action B: assembling a hookah (second part of the video)",AB,AB,AB,valid,valid,True,False,,,
tsh:570,qwen2.5-vl-7b,dino_heal,AB,"The sequence of actions in the video is as follows:

1. The person is seen sitting on a snow tube, preparing to go down a snowy slope.
2. The person then pulls a snow tube through a tunnel.

So, the correct order of actions is:

Action A. sitting on a snow tube
Action B. pulling a snow tube",AB,AB,AB,valid,valid,True,False,,,
tsh:571,qwen2.5-vl-7b,dino_heal,BA,"Let's analyze the sequence of actions in the video:

1. The video starts with a pot on a stove, and a hand is seen turning a knob, which suggests that the water is being heated.
2. The next frame shows the same pot, but now it has a lid on it, indicating that the water is boiling.
3. The final frame shows the pasta being stirred in the pot.

Based on this sequence, the actions can be identified as follows:

- Action B: boiling water (occurs before the pasta is added)
- Action A: stirring pasta (occurs after the pasta is added)

So, the correct order of actions is:
1. Boiling water
2. Stirring pasta",BA,BA,BA,valid,valid,True,False,,,
tsh:572,qwen2.5-vl-7b,dino_heal,AB,"The sequence of actions in the video is as follows:

1. The video starts with a scene where a man is being interviewed by a woman, holding a microphone.
2. The scene then transitions to a group of people playing pool.

So, the actions in the video are:

- Action A: interviewing a man (at the beginning)
- Action B: playing pool (after the interview)",AB,AB,AB,valid,valid,True,False,,,
tsh:573,qwen2.5-vl-7b,dino_heal,BA,"The video shows a sequence of actions:

1. The first frame shows a person being interviewed, which corresponds to Action B.
2. The second frame shows a group of people playing pool, which corresponds to Action A.

So, the actions in the video are:
- Action B: interviewing a man
- Action A: playing pool",BABA,BABA,BA,valid,valid,False,False,,,
tsh:574,qwen2.5-vl-7b,dino_heal,AB,"Let's analyze the video clip step by step:

1. The first frame shows a person holding a pool cue, preparing to take a shot.
2. The second frame captures the moment of the shot being taken on a pool table.
3. The third frame shows a crowd of people cheering and clapping.

Given these observations, the primary action in the video is related to playing billiards. Therefore, the correct action is:

Action B. playing billiards",BA,BA,,valid,valid,False,False,,,
tsh:575,qwen2.5-vl-7b,dino_heal,BA,"The sequence of actions in the video is as follows:

1. **Action B. Slicing the beef and marinating it**: The video starts with a close-up of sliced beef being placed into a bowl, indicating that the beef is being prepared for marination.
2. **Action A. Frying the beef and sprinkling sesame seeds over it**: After the beef is marinated, the next scene shows the beef being fried in a pan until it is cooked and golden brown. Finally, sesame seeds are sprinkled over the beef.

So, the correct order of actions is:
1. Slicing the beef and marinating it (Action B)
2. Frying the beef and sprinkling sesame seeds over it (Action A)",BABA,BABA,BA,valid,valid,False,False,,,
tsh:576,qwen2.5-vl-7b,dino_heal,AB,"Let's analyze the video clip step by step:

1. The first frame shows a person using a vacuum cleaner on a patterned carpet. This suggests that the action is related to cleaning.
2. The second frame transitions to an industrial setting where multiple workers are engaged in what appears to be manufacturing or assembly line work.

Given these observations, the actions in the video can be categorized as follows:

- **Action A**: Operating a manual vacuum cleaner (first frame)
- **Action B**: Assembly line work (second frame)

So, the correct categorization for each action is:

- Action A: operating a manual vacuum cleaner
- Action B: assembly line work",ABAB,ABAB,AB,valid,valid,False,False,,,
tsh:577,qwen2.5-vl-7b,dino_heal,AB,"The sequence of actions in the video is as follows:

1. The person is seen talking, which corresponds to Action A.
2. The person then begins to wrap a book with tape and a ribbon, which corresponds to Action B.

So, the correct order of actions is: A -> B.",AB.,AB.,AB,valid,valid,False,False,,,
tsh:578,qwen2.5-vl-7b,dino_heal,BA,"The sequence of actions in the video is as follows:

1. The first action shown is a person slicing a potato on a cutting board.
2. The second action shows the sliced potatoes being added to a dish, which appears to be a salad or a similar meal.

Therefore, the correct order of actions is:
Action B. slicing a potato
Action A. garnishing the food with some ingredients",BA,BA,BA,valid,valid,True,False,,,
tsh:579,qwen2.5-vl-7b,dino_heal,AB,"Let's analyze the sequence of actions shown in the video:

1. The first frame shows a person in a kitchen, likely preparing to cook or bake.
2. The second frame shows a close-up of a piece of dough being handled on a floured surface.

Given these observations, the action that best fits the sequence is:

Action B. adding flour to the dough and kneading it

This is because the dough appears to be on a floured surface, which is a common step in preparing dough for kneading.",BA,BA,,valid,valid,False,False,,,
tsh:580,qwen2.5-vl-7b,dino_heal,BA,"The action in the video is:

Action B. starting a fire

This is evident from the person using a lighter to ignite a small flame, which is a common method for starting a fire. The presence of a knife and the fish being handled suggest that the person might be preparing to cook the fish after starting the fire.",BA,BA,,valid,valid,True,False,,,
tsh:581,qwen2.5-vl-7b,dino_heal,AB,"The sequence of actions in the video is as follows:

1. The person applies Pond's White Beauty Face Wash to their hands.
2. They gently massage the face wash into their face using an upward circular motion with their fingertips.
3. After massaging, they rinse off the face wash with lukewarm water.
4. Finally, they pat dry their face with a towel.

The actions can be categorized as:
- Action A: washing face with face wash (steps 1, 2, and 3)
- Action B: speaking to the camera (step 4)",AB,AB,AB,valid,valid,True,False,,,
tsh:582,qwen2.5-vl-7b,dino_heal,BA,"The sequence of actions in the video is as follows:

1. The woman is seen speaking to the camera.
2. She then proceeds to wash her face with face wash, as indicated by the text overlay ""Gently massage in upward circular motion with fingertips"" and ""Rinse off with lukewarm water.""

So, the actions are:
- Action B: speaking to the camera
- Action A: washing face with face wash",.BA,.BA,BA,valid,valid,False,False,,,
tsh:583,qwen2.5-vl-7b,dino_heal,AB,"Let's analyze the video step by step:

1. In the first frame, a person is using a yellow hairdryer to dry a dog. This action is consistent with Action A: blow drying a dog.
2. In the second frame, the same person is using a brush to groom the dog. This action is consistent with Action B: grooming a dog.

Therefore, the sequence of actions in the video is:
- Action A: blow drying a dog
- Action B: grooming a dog",ABAB,ABAB,AB,valid,valid,False,False,,,
tsh:584,qwen2.5-vl-7b,dino_heal,BA,"The sequence of actions in the video is as follows:

1. The first action shown is cutting lemons in half.
2. After that, the video shows the juice being poured into a pot.

So, the correct order of actions is:
Action B. cutting lemons
Action A. pouring juice into a pot",BA,BA,BA,valid,valid,True,False,,,
tsh:585,qwen2.5-vl-7b,dino_heal,BA,"Let's analyze the images step by step:

1. The first image shows a person pouring a liquid from a pot into another container, with text indicating ""ADD SUGAR TO YOUR JUICE IN A POT REMOVAL THE SEEDS."" This suggests that the action is related to preparing a drink.

2. The second image shows a person sitting at a table with cups and a lemon, and the text ""TAST'N TIME!"" This suggests that the person is about to taste or enjoy the drink they have prepared.

Given these observations, the sequence of actions can be inferred as follows:

- Action B: Pouring juice into a pot (as indicated by the first image).
- Action A: Drinking (as indicated by the second image).

Therefore, the correct order of actions is:
1. Action B: Pouring juice into a pot.
2. Action A: Drinking.",BABA,BABA,BA,valid,valid,False,False,,,
tsh:586,qwen2.5-vl-7b,dino_heal,AB,"The sequence of events in the video shows:

1. A person is seen wakeboarding on a body of water.
2. The scene transitions to a group of people standing on a dock, holding up large checks and celebrating.

Given these observations, the actions in the video can be categorized as follows:

- Action A: wakeboarding (during the first part of the video)
- Action B: an award ceremony (during the second part of the video)",AB,AB,AB,valid,valid,True,False,,,
tsh:587,qwen2.5-vl-7b,dino_heal,AB,"The video shows a person performing a trick on a wakeboard, which is a type of water sport where the rider is pulled by a boat while standing on a board. This action aligns with Action A: wakeboarding.

Additionally, there is a scene that appears to be part of an event or competition, as indicated by the presence of a podium and a person holding a trophy. This suggests that the person might have won an award, which aligns with Action B: an award ceremony.

Therefore, both actions are present in the video.",AAB,AAB,,valid,valid,False,False,,,
tsh:588,qwen2.5-vl-7b,dino_heal,BA,Action B. adding and mixing ingredients,BA,BA,,valid,valid,True,False,,,
tsh:589,qwen2.5-vl-7b,dino_heal,AB,"Let's analyze the sequence of actions shown in the video:

1. The person is seen holding a contact lens and a bottle of liquid.
2. The person then applies the liquid to the contact lens.
3. The person proceeds to put the contact lens on their eye.

Given this sequence, the actions can be broken down as follows:

- **Action A**: Dropping liquid into a contact lens (this occurs when the person applies the liquid to the contact lens).
- **Action B**: Putting a contact lens on (this occurs when the person puts the contact lens on their eye).

Therefore, the correct order of actions is:

1. Action A: Dropping liquid into a contact lens.
2. Action B: Putting a contact lens on.",ABAB,ABAB,AB,valid,valid,False,False,,,
tsh:590,qwen2.5-vl-7b,dino_heal,BA,"Let's analyze the sequence of actions shown in the video:

1. The person is holding a small object, which appears to be a nail.
2. They are using a tool that looks like a nail clipper or a similar device to trim the nail.
3. The focus is on the hands and the nail, indicating that the action is related to nail care.

Given these observations, the action being performed is:

Action A. cutting nails",BA,BA,BA,valid,valid,True,False,,,
tsh:591,qwen2.5-vl-7b,dino_heal,BA,"The image shows a person engaged in the act of knitting with knitting needles and yarn. Therefore, the action depicted in the image is:

Action A. knitting",AB,AB,,valid,valid,False,False,,,
tsh:592,qwen2.5-vl-7b,dino_heal,AB,"The sequence of actions in the video is as follows:

1. The person is seen kneeling on the floor and using a tool to press the carpet down onto the ground.
2. The scene then transitions to the person sitting in front of a fireplace.

So, the correct order of actions is:

Action A. pressing the carpet down onto the ground
Action B. sitting in front of a fireplace",AB,AB,AB,valid,valid,True,False,,,
tsh:593,qwen2.5-vl-7b,dino_heal,BA,"Action A. celebrating

The image shows a man and a woman standing outside a house, smiling at each other, which suggests they are celebrating or enjoying a moment together. There is no indication of any action related to sharpening a blade in this image.",AB,AB,,valid,valid,False,False,,,
tsh:594,qwen2.5-vl-7b,dino_heal,AB,"The sequence of actions in the video is as follows:

1. The first action shown is the preparation of a herb sachet, where herbs are placed inside a cloth and tied with string.
2. The second action shown is the placement of various ingredients into a large bowl.

So, the correct order of actions is:
Action A. preparing and tying a herb sachet
Action B. placing various ingredients in a big bowl",AB,AB,AB,valid,valid,True,False,,,
tsh:595,qwen2.5-vl-7b,dino_heal,BA,"The sequence of actions in the video is as follows:

1. The first frame shows a hand cutting a chocolate bar with a knife, which corresponds to Action B: cutting chocolate bars.
2. The second frame shows a hand placing cookies on a baking sheet, which corresponds to Action A: baking cookies.

Therefore, the correct order of actions is:
Action B. cutting chocolate bars
Action A. baking cookies",BABA,BABA,BA,valid,valid,False,False,,,
tsh:596,qwen2.5-vl-7b,dino_heal,AB,"Let's analyze the images step by step:

1. The first image shows a person pouring a liquid into a mixing bowl, which is part of the process of making cookies.
2. The second image shows a tray with baked cookies that have been removed from an oven.

Given these observations, the sequence of events suggests that the cookies were first prepared and then baked. Therefore, the correct order of actions is:

1. Action B: baking cookies
2. Action A: melting butter in the microwave

So, the final answer is:
Action B. baking cookies",BAB,BAB,BA,valid,valid,False,False,,,
tsh:597,qwen2.5-vl-7b,dino_heal,AB,"The video shows a person mixing ingredients in a bowl, which is typically the first step in making cookie dough. After the dough is made, it is placed on a baking sheet and then baked in an oven. The sequence of events suggests that the video is demonstrating how to make and bake cookies.

Therefore, the correct answer is:
Action A. making cookie dough
Action B. baking cookies",AB,AB,AB,valid,valid,True,False,,,
tsh:598,qwen2.5-vl-7b,dino_heal,BA,"The sequence of actions in the video starts with a person walking into a store, which indicates Action B: shopping in a store. The subsequent frames show hands wrapping a gift, which indicates Action A: wrapping a gift. Therefore, the correct order of actions is:

1. B. shopping in a store
2. A. wrapping a gift",BA..,BA..,BA,valid,valid,False,False,,,
tsh:599,qwen2.5-vl-7b,dino_heal,AB,"Let's analyze the video clip step by step:

1. The first frame shows a person pushing a table into the sand.
2. The second frame transitions to a scene of a person surfing on a table.

Based on this analysis, the sequence of actions is as follows:

- Action A: pushing a table into the sand (first frame)
- Action B: surfing on a table (second frame)

Therefore, the correct order of actions is:
1. Action A
2. Action B",ABAB,ABAB,AB,valid,valid,False,False,,,
tsh:600,qwen2.5-vl-7b,dino_heal,BA,"Let's analyze the images step by step:

1. The first image shows a person using a circular saw to cut a tile. This action is clearly related to cutting a tile.
2. The second image shows a person using a sander on a piece of wood, which is typically used for sanding surfaces.

Based on this analysis, the sequence of actions in the video is:

Action A. cutting a tile and sanding it

The first image corresponds to Action A (cutting a tile), and the second image corresponds to Action B (sanding). However, since the question asks for the sequence of actions in the video, we should consider the order in which these actions are shown. Therefore, the correct answer is:

Action A. cutting a tile and sanding it",AABA,AABA,,valid,valid,False,False,,,
