task,pair_id,basic_sample_id,hallucination_sample_id,video_basic,video_hallucination,ground_truth_basic,ground_truth_hallucination,pair_valid
efh,efh:0,efh:0:basic,efh:0:hallucination,external/VideoHallucer/videohallucer_datasets/external_factual/videos/tGaAAI3aAUs_10787.mp4,external/VideoHallucer/videohallucer_datasets/external_factual/videos/tGaAAI3aAUs_10787.mp4,yes,no,True
efh,efh:1,efh:1:basic,efh:1:hallucination,external/VideoHallucer/videohallucer_datasets/external_factual/videos/JWcAs8biQFU_848.mp4,external/VideoHallucer/videohallucer_datasets/external_factual/videos/JWcAs8biQFU_848.mp4,yes,no,True
efh,efh:10,efh:10:basic,efh:10:hallucination,external/VideoHallucer/videohallucer_datasets/external_factual/videos/NTyhMGmuWik_8338.mp4,external/VideoHallucer/videohallucer_datasets/external_factual/videos/NTyhMGmuWik_8338.mp4,yes,no,True
efh,efh:100,efh:100:basic,efh:100:hallucination,external/VideoHallucer/videohallucer_datasets/external_factual/videos/cwctMiDug9Y.mp4,external/VideoHallucer/videohallucer_datasets/external_factual/videos/cwctMiDug9Y.mp4,yes,no,True
efh,efh:101,efh:101:basic,efh:101:hallucination,external/VideoHallucer/videohallucer_datasets/external_factual/videos/b2H8ph_FnTE.mp4,external/VideoHallucer/videohallucer_datasets/external_factual/videos/b2H8ph_FnTE.mp4,yes,no,True
efh,efh:102,efh:102:basic,efh:102:hallucination,external/VideoHallucer/videohallucer_datasets/external_factual/videos/ivX9Wwp13HA.mp4,external/VideoHallucer/videohallucer_datasets/external_factual/videos/ivX9Wwp13HA.mp4,yes,no,True
efh,efh:103,efh:103:basic,efh:103:hallucination,external/VideoHallucer/videohallucer_datasets/external_factual/videos/MeZvU3ffU7I.mp4,external/VideoHallucer/videohallucer_datasets/external_factual/videos/MeZvU3ffU7I.mp4,yes,no,True
efh,efh:104,efh:104:basic,efh:104:hallucination,external/VideoHallucer/videohallucer_datasets/external_factual/videos/11WfYWXFS9M.mp4,external/VideoHallucer/videohallucer_datasets/external_factual/videos/11WfYWXFS9M.mp4,yes,no,True
efh,efh:105,efh:105:basic,efh:105:hallucination,external/VideoHallucer/videohallucer_datasets/external_factual/videos/pESV6xLJNkA.mp4,external/VideoHallucer/videohallucer_datasets/external_factual/videos/pESV6xLJNkA.mp4,yes,no,True
efh,efh:106,efh:106:basic,efh:106:hallucination,external/VideoHallucer/videohallucer_datasets/external_factual/videos/x_llOQFMjAY.mp4,external/VideoHallucer/videohallucer_datasets/external_factual/videos/x_llOQFMjAY.mp4,yes,no,True
efh,efh:107,efh:107:basic,efh:107:hallucination,external/VideoHallucer/videohallucer_datasets/external_factual/videos/zKwnGRiKvPU.mp4,external/VideoHallucer/videohallucer_datasets/external_factual/videos/zKwnGRiKvPU.mp4,yes,no,True
efh,efh:108,efh:108:basic,efh:108:hallucination,external/VideoHallucer/videohallucer_datasets/external_factual/videos/fuNB9A_Z2qI.mp4,external/VideoHallucer/videohallucer_datasets/external_factual/videos/fuNB9A_Z2qI.mp4,yes,no,True
efh,efh:109,efh:109:basic,efh:109:hallucination,external/VideoHallucer/videohallucer_datasets/external_factual/videos/ozgQRSRy6uQ_607.mp4,external/VideoHallucer/videohallucer_datasets/external_factual/videos/ozgQRSRy6uQ_607.mp4,yes,no,True
efh,efh:11,efh:11:basic,efh:11:hallucination,external/VideoHallucer/videohallucer_datasets/external_factual/videos/WqfselLH4MQ_10547.mp4,external/VideoHallucer/videohallucer_datasets/external_factual/videos/WqfselLH4MQ_10547.mp4,yes,no,True
efh,efh:110,efh:110:basic,efh:110:hallucination,external/VideoHallucer/videohallucer_datasets/external_factual/videos/n5lteHq-D64.mp4,external/VideoHallucer/videohallucer_datasets/external_factual/videos/n5lteHq-D64.mp4,yes,no,True
efh,efh:111,efh:111:basic,efh:111:hallucination,external/VideoHallucer/videohallucer_datasets/external_factual/videos/luxoK5hbjmI.mp4,external/VideoHallucer/videohallucer_datasets/external_factual/videos/luxoK5hbjmI.mp4,yes,no,True
efh,efh:112,efh:112:basic,efh:112:hallucination,external/VideoHallucer/videohallucer_datasets/external_factual/videos/TpkoruQWsfA.mp4,external/VideoHallucer/videohallucer_datasets/external_factual/videos/TpkoruQWsfA.mp4,yes,no,True
efh,efh:113,efh:113:basic,efh:113:hallucination,external/VideoHallucer/videohallucer_datasets/external_factual/videos/shiQl90MgNA.mp4,external/VideoHallucer/videohallucer_datasets/external_factual/videos/shiQl90MgNA.mp4,yes,no,True
efh,efh:114,efh:114:basic,efh:114:hallucination,external/VideoHallucer/videohallucer_datasets/external_factual/videos/81gfwH3X_S4.mp4,external/VideoHallucer/videohallucer_datasets/external_factual/videos/81gfwH3X_S4.mp4,yes,no,True
efh,efh:115,efh:115:basic,efh:115:hallucination,external/VideoHallucer/videohallucer_datasets/external_factual/videos/NTCkp9PYZgc.mp4,external/VideoHallucer/videohallucer_datasets/external_factual/videos/NTCkp9PYZgc.mp4,yes,no,True
efh,efh:116,efh:116:basic,efh:116:hallucination,external/VideoHallucer/videohallucer_datasets/external_factual/videos/mlvU4-LuKwU.mp4,external/VideoHallucer/videohallucer_datasets/external_factual/videos/mlvU4-LuKwU.mp4,yes,no,True
efh,efh:117,efh:117:basic,efh:117:hallucination,external/VideoHallucer/videohallucer_datasets/external_factual/videos/9eT87s105NE_19.mp4,external/VideoHallucer/videohallucer_datasets/external_factual/videos/9eT87s105NE_19.mp4,yes,no,True
efh,efh:118,efh:118:basic,efh:118:hallucination,external/VideoHallucer/videohallucer_datasets/external_factual/videos/s2mYMIJ11b0_694.mp4,external/VideoHallucer/videohallucer_datasets/external_factual/videos/s2mYMIJ11b0_694.mp4,yes,no,True
efh,efh:119,efh:119:basic,efh:119:hallucination,external/VideoHallucer/videohallucer_datasets/external_factual/videos/AlUVHdaNrW4.mp4,external/VideoHallucer/videohallucer_datasets/external_factual/videos/AlUVHdaNrW4.mp4,yes,no,True
efh,efh:12,efh:12:basic,efh:12:hallucination,external/VideoHallucer/videohallucer_datasets/external_factual/videos/dMbb10O9hGs_4598.mp4,external/VideoHallucer/videohallucer_datasets/external_factual/videos/dMbb10O9hGs_4598.mp4,yes,no,True
efh,efh:120,efh:120:basic,efh:120:hallucination,external/VideoHallucer/videohallucer_datasets/external_factual/videos/0Q7vAc0tZwo.mp4,external/VideoHallucer/videohallucer_datasets/external_factual/videos/0Q7vAc0tZwo.mp4,yes,no,True
efh,efh:121,efh:121:basic,efh:121:hallucination,external/VideoHallucer/videohallucer_datasets/external_factual/videos/XQBfOYkvjx0.mp4,external/VideoHallucer/videohallucer_datasets/external_factual/videos/XQBfOYkvjx0.mp4,yes,no,True
efh,efh:122,efh:122:basic,efh:122:hallucination,external/VideoHallucer/videohallucer_datasets/external_factual/videos/JIm62tXmBvc.mp4,external/VideoHallucer/videohallucer_datasets/external_factual/videos/JIm62tXmBvc.mp4,yes,no,True
efh,efh:123,efh:123:basic,efh:123:hallucination,external/VideoHallucer/videohallucer_datasets/external_factual/videos/ye_CceBzB-Q.mp4,external/VideoHallucer/videohallucer_datasets/external_factual/videos/ye_CceBzB-Q.mp4,yes,no,True
efh,efh:124,efh:124:basic,efh:124:hallucination,external/VideoHallucer/videohallucer_datasets/external_factual/videos/aa9DUgKnRCs.mp4,external/VideoHallucer/videohallucer_datasets/external_factual/videos/aa9DUgKnRCs.mp4,yes,no,True
efh,efh:125,efh:125:basic,efh:125:hallucination,external/VideoHallucer/videohallucer_datasets/external_factual/videos/Cvym6uVKOc4.mp4,external/VideoHallucer/videohallucer_datasets/external_factual/videos/Cvym6uVKOc4.mp4,yes,no,True
efh,efh:126,efh:126:basic,efh:126:hallucination,external/VideoHallucer/videohallucer_datasets/external_factual/videos/gGrIGa88BbA_208.mp4,external/VideoHallucer/videohallucer_datasets/external_factual/videos/gGrIGa88BbA_208.mp4,yes,no,True
efh,efh:127,efh:127:basic,efh:127:hallucination,external/VideoHallucer/videohallucer_datasets/external_factual/videos/6P994ZVoAUA.mp4,external/VideoHallucer/videohallucer_datasets/external_factual/videos/6P994ZVoAUA.mp4,yes,no,True
efh,efh:128,efh:128:basic,efh:128:hallucination,external/VideoHallucer/videohallucer_datasets/external_factual/videos/4q7uW0w3ZRc.mp4,external/VideoHallucer/videohallucer_datasets/external_factual/videos/4q7uW0w3ZRc.mp4,yes,no,True
efh,efh:129,efh:129:basic,efh:129:hallucination,external/VideoHallucer/videohallucer_datasets/external_factual/videos/m03QoutPNDU_94.mp4,external/VideoHallucer/videohallucer_datasets/external_factual/videos/m03QoutPNDU_94.mp4,yes,no,True
efh,efh:13,efh:13:basic,efh:13:hallucination,external/VideoHallucer/videohallucer_datasets/external_factual/videos/g6eV_7U5HX8_3559.mp4,external/VideoHallucer/videohallucer_datasets/external_factual/videos/g6eV_7U5HX8_3559.mp4,yes,no,True
efh,efh:130,efh:130:basic,efh:130:hallucination,external/VideoHallucer/videohallucer_datasets/external_factual/videos/DNLg8lMlERg.mp4,external/VideoHallucer/videohallucer_datasets/external_factual/videos/DNLg8lMlERg.mp4,yes,no,True
efh,efh:131,efh:131:basic,efh:131:hallucination,external/VideoHallucer/videohallucer_datasets/external_factual/videos/I6qUVrkjdIc.mp4,external/VideoHallucer/videohallucer_datasets/external_factual/videos/I6qUVrkjdIc.mp4,yes,no,True
efh,efh:132,efh:132:basic,efh:132:hallucination,external/VideoHallucer/videohallucer_datasets/external_factual/videos/oRxqGZrnyYA.mp4,external/VideoHallucer/videohallucer_datasets/external_factual/videos/oRxqGZrnyYA.mp4,yes,no,True
efh,efh:133,efh:133:basic,efh:133:hallucination,external/VideoHallucer/videohallucer_datasets/external_factual/videos/76HTCZmJb7I.mp4,external/VideoHallucer/videohallucer_datasets/external_factual/videos/76HTCZmJb7I.mp4,yes,no,True
efh,efh:134,efh:134:basic,efh:134:hallucination,external/VideoHallucer/videohallucer_datasets/external_factual/videos/LqQDPM9D8vI.mp4,external/VideoHallucer/videohallucer_datasets/external_factual/videos/LqQDPM9D8vI.mp4,yes,no,True
efh,efh:135,efh:135:basic,efh:135:hallucination,external/VideoHallucer/videohallucer_datasets/external_factual/videos/XmZKgV0mceA.mp4,external/VideoHallucer/videohallucer_datasets/external_factual/videos/XmZKgV0mceA.mp4,yes,no,True
efh,efh:136,efh:136:basic,efh:136:hallucination,external/VideoHallucer/videohallucer_datasets/external_factual/videos/U7Hv602KAxM.mp4,external/VideoHallucer/videohallucer_datasets/external_factual/videos/U7Hv602KAxM.mp4,yes,no,True
efh,efh:137,efh:137:basic,efh:137:hallucination,external/VideoHallucer/videohallucer_datasets/external_factual/videos/DKLXfFcjJRc.mp4,external/VideoHallucer/videohallucer_datasets/external_factual/videos/DKLXfFcjJRc.mp4,yes,no,True
efh,efh:138,efh:138:basic,efh:138:hallucination,external/VideoHallucer/videohallucer_datasets/external_factual/videos/b67fXiGCbuQ_485.mp4,external/VideoHallucer/videohallucer_datasets/external_factual/videos/b67fXiGCbuQ_485.mp4,yes,no,True
efh,efh:139,efh:139:basic,efh:139:hallucination,external/VideoHallucer/videohallucer_datasets/external_factual/videos/LnogHwL3SKI.mp4,external/VideoHallucer/videohallucer_datasets/external_factual/videos/LnogHwL3SKI.mp4,yes,no,True
efh,efh:14,efh:14:basic,efh:14:hallucination,external/VideoHallucer/videohallucer_datasets/external_factual/videos/VwtkHIturro_5424.mp4,external/VideoHallucer/videohallucer_datasets/external_factual/videos/VwtkHIturro_5424.mp4,yes,no,True
efh,efh:140,efh:140:basic,efh:140:hallucination,external/VideoHallucer/videohallucer_datasets/external_factual/videos/mJKQMbffcEs.mp4,external/VideoHallucer/videohallucer_datasets/external_factual/videos/mJKQMbffcEs.mp4,yes,no,True
efh,efh:141,efh:141:basic,efh:141:hallucination,external/VideoHallucer/videohallucer_datasets/external_factual/videos/rvjaGQBlhPU.mp4,external/VideoHallucer/videohallucer_datasets/external_factual/videos/rvjaGQBlhPU.mp4,yes,no,True
efh,efh:142,efh:142:basic,efh:142:hallucination,external/VideoHallucer/videohallucer_datasets/external_factual/videos/WqMX17vnGjw_326.mp4,external/VideoHallucer/videohallucer_datasets/external_factual/videos/WqMX17vnGjw_326.mp4,yes,no,True
efh,efh:143,efh:143:basic,efh:143:hallucination,external/VideoHallucer/videohallucer_datasets/external_factual/videos/bZJZsfLKIRc.mp4,external/VideoHallucer/videohallucer_datasets/external_factual/videos/bZJZsfLKIRc.mp4,yes,no,True
efh,efh:144,efh:144:basic,efh:144:hallucination,external/VideoHallucer/videohallucer_datasets/external_factual/videos/THoWo6JUk1Q.mp4,external/VideoHallucer/videohallucer_datasets/external_factual/videos/THoWo6JUk1Q.mp4,yes,no,True
efh,efh:145,efh:145:basic,efh:145:hallucination,external/VideoHallucer/videohallucer_datasets/external_factual/videos/sDd4VkUm85Y.mp4,external/VideoHallucer/videohallucer_datasets/external_factual/videos/sDd4VkUm85Y.mp4,yes,no,True
efh,efh:146,efh:146:basic,efh:146:hallucination,external/VideoHallucer/videohallucer_datasets/external_factual/videos/8L7fj8R7mlE_658.mp4,external/VideoHallucer/videohallucer_datasets/external_factual/videos/8L7fj8R7mlE_658.mp4,yes,no,True
efh,efh:147,efh:147:basic,efh:147:hallucination,external/VideoHallucer/videohallucer_datasets/external_factual/videos/r9qsd6nNXBQ.mp4,external/VideoHallucer/videohallucer_datasets/external_factual/videos/r9qsd6nNXBQ.mp4,yes,no,True
efh,efh:148,efh:148:basic,efh:148:hallucination,external/VideoHallucer/videohallucer_datasets/external_factual/videos/89ts_Imt3RQ_495.mp4,external/VideoHallucer/videohallucer_datasets/external_factual/videos/89ts_Imt3RQ_495.mp4,yes,no,True
efh,efh:149,efh:149:basic,efh:149:hallucination,external/VideoHallucer/videohallucer_datasets/external_factual/videos/u5jaZGLTPSA.mp4,external/VideoHallucer/videohallucer_datasets/external_factual/videos/u5jaZGLTPSA.mp4,yes,no,True
efh,efh:15,efh:15:basic,efh:15:hallucination,external/VideoHallucer/videohallucer_datasets/external_factual/videos/gXINt_KMK3M_2733.mp4,external/VideoHallucer/videohallucer_datasets/external_factual/videos/gXINt_KMK3M_2733.mp4,yes,no,True
efh,efh:150,efh:150:basic,efh:150:hallucination,external/VideoHallucer/videohallucer_datasets/external_factual/videos/Chapter_3_-_Considerations_for_Your_Ethical_Framework-en.mp4,external/VideoHallucer/videohallucer_datasets/external_factual/videos/Chapter_3_-_Considerations_for_Your_Ethical_Framework-en.mp4,yes,no,True
efh,efh:151,efh:151:basic,efh:151:hallucination,external/VideoHallucer/videohallucer_datasets/external_factual/videos/Chapter_2_-_Call_to_Action_for_Ethics_in_AI-en.mp4,external/VideoHallucer/videohallucer_datasets/external_factual/videos/Chapter_2_-_Call_to_Action_for_Ethics_in_AI-en.mp4,yes,no,True
efh,efh:152,efh:152:basic,efh:152:hallucination,external/VideoHallucer/videohallucer_datasets/external_factual/videos/Chapter_1_-_Drivers_for_AI__Data_Science-en.mp4,external/VideoHallucer/videohallucer_datasets/external_factual/videos/Chapter_1_-_Drivers_for_AI__Data_Science-en.mp4,yes,no,True
efh,efh:153,efh:153:basic,efh:153:hallucination,external/VideoHallucer/videohallucer_datasets/external_factual/videos/Welcome_to_LFS112x-en.mp4,external/VideoHallucer/videohallucer_datasets/external_factual/videos/Welcome_to_LFS112x-en.mp4,yes,no,True
efh,efh:154,efh:154:basic,efh:154:hallucination,external/VideoHallucer/videohallucer_datasets/external_factual/videos/W3CHTM52T415-V000200_DTH_webedx.mp4,external/VideoHallucer/videohallucer_datasets/external_factual/videos/W3CHTM52T415-V000200_DTH_webedx.mp4,yes,no,True
efh,efh:155,efh:155:basic,efh:155:hallucination,external/VideoHallucer/videohallucer_datasets/external_factual/videos/MicrosoftDEV290x-V000300_DTH.mp4,external/VideoHallucer/videohallucer_datasets/external_factual/videos/MicrosoftDEV290x-V000300_DTH.mp4,yes,no,True
efh,efh:156,efh:156:basic,efh:156:hallucination,external/VideoHallucer/videohallucer_datasets/external_factual/videos/MicrosoftDEV290x-V000900_DTH.mp4,external/VideoHallucer/videohallucer_datasets/external_factual/videos/MicrosoftDEV290x-V000900_DTH.mp4,yes,no,True
efh,efh:157,efh:157:basic,efh:157:hallucination,external/VideoHallucer/videohallucer_datasets/external_factual/videos/IOT1x_M0_Welcome_Iain-en.mp4,external/VideoHallucer/videohallucer_datasets/external_factual/videos/IOT1x_M0_Welcome_Iain-en.mp4,yes,no,True
efh,efh:158,efh:158:basic,efh:158:hallucination,external/VideoHallucer/videohallucer_datasets/external_factual/videos/MicrosoftDEV290x-V000200_DTH.mp4,external/VideoHallucer/videohallucer_datasets/external_factual/videos/MicrosoftDEV290x-V000200_DTH.mp4,yes,no,True
efh,efh:159,efh:159:basic,efh:159:hallucination,external/VideoHallucer/videohallucer_datasets/external_factual/videos/Crash_Course_Engineering_Preview_-_English.mp4,external/VideoHallucer/videohallucer_datasets/external_factual/videos/Crash_Course_Engineering_Preview_-_English.mp4,yes,no,True
efh,efh:16,efh:16:basic,efh:16:hallucination,external/VideoHallucer/videohallucer_datasets/external_factual/videos/o8HaMr9E8J8_2707.mp4,external/VideoHallucer/videohallucer_datasets/external_factual/videos/o8HaMr9E8J8_2707.mp4,yes,no,True
efh,efh:160,efh:160:basic,efh:160:hallucination,external/VideoHallucer/videohallucer_datasets/external_factual/videos/IOT1x_M1_Animation-en.mp4,external/VideoHallucer/videohallucer_datasets/external_factual/videos/IOT1x_M1_Animation-en.mp4,yes,no,True
efh,efh:161,efh:161:basic,efh:161:hallucination,external/VideoHallucer/videohallucer_datasets/external_factual/videos/IOT1x_M1.3_CS_Agriculture_Intro-en.mp4,external/VideoHallucer/videohallucer_datasets/external_factual/videos/IOT1x_M1.3_CS_Agriculture_Intro-en.mp4,yes,no,True
efh,efh:162,efh:162:basic,efh:162:hallucination,external/VideoHallucer/videohallucer_datasets/external_factual/videos/IOT1x_M1.3_CS_Health_Intro-en.mp4,external/VideoHallucer/videohallucer_datasets/external_factual/videos/IOT1x_M1.3_CS_Health_Intro-en.mp4,yes,no,True
efh,efh:163,efh:163:basic,efh:163:hallucination,external/VideoHallucer/videohallucer_datasets/external_factual/videos/IOT1x_M2.1_CS_FootDrop_Sensors_V2-en.mp4,external/VideoHallucer/videohallucer_datasets/external_factual/videos/IOT1x_M2.1_CS_FootDrop_Sensors_V2-en.mp4,yes,no,True
efh,efh:164,efh:164:basic,efh:164:hallucination,external/VideoHallucer/videohallucer_datasets/external_factual/videos/MicrosoftDEV290x-V001300_DTH.mp4,external/VideoHallucer/videohallucer_datasets/external_factual/videos/MicrosoftDEV290x-V001300_DTH.mp4,yes,no,True
efh,efh:165,efh:165:basic,efh:165:hallucination,external/VideoHallucer/videohallucer_datasets/external_factual/videos/W3CHTM52T415-V000800_DTH_webedx.mp4,external/VideoHallucer/videohallucer_datasets/external_factual/videos/W3CHTM52T415-V000800_DTH_webedx.mp4,yes,no,True
efh,efh:166,efh:166:basic,efh:166:hallucination,external/VideoHallucer/videohallucer_datasets/external_factual/videos/IOT1x_M2.3_Demo_City_Scenario-en.mp4,external/VideoHallucer/videohallucer_datasets/external_factual/videos/IOT1x_M2.3_Demo_City_Scenario-en.mp4,yes,no,True
efh,efh:167,efh:167:basic,efh:167:hallucination,external/VideoHallucer/videohallucer_datasets/external_factual/videos/IOT1x_M2.3_Demo_Home_Scenario-en.mp4,external/VideoHallucer/videohallucer_datasets/external_factual/videos/IOT1x_M2.3_Demo_Home_Scenario-en.mp4,yes,no,True
efh,efh:168,efh:168:basic,efh:168:hallucination,external/VideoHallucer/videohallucer_datasets/external_factual/videos/IOT1x_M2_Animation_Final-en.mp4,external/VideoHallucer/videohallucer_datasets/external_factual/videos/IOT1x_M2_Animation_Final-en.mp4,yes,no,True
efh,efh:169,efh:169:basic,efh:169:hallucination,external/VideoHallucer/videohallucer_datasets/external_factual/videos/W3CHTM52T415-V001100_DTH_webedx.mp4,external/VideoHallucer/videohallucer_datasets/external_factual/videos/W3CHTM52T415-V001100_DTH_webedx.mp4,yes,no,True
efh,efh:17,efh:17:basic,efh:17:hallucination,external/VideoHallucer/videohallucer_datasets/external_factual/videos/kchoaU2HL-o.mp4,external/VideoHallucer/videohallucer_datasets/external_factual/videos/kchoaU2HL-o.mp4,yes,no,True
efh,efh:170,efh:170:basic,efh:170:hallucination,external/VideoHallucer/videohallucer_datasets/external_factual/videos/The_Story_of_Linux-en.mp4,external/VideoHallucer/videohallucer_datasets/external_factual/videos/The_Story_of_Linux-en.mp4,yes,no,True
efh,efh:171,efh:171:basic,efh:171:hallucination,external/VideoHallucer/videohallucer_datasets/external_factual/videos/MicrosoftDEV290x-V000500_DTH.mp4,external/VideoHallucer/videohallucer_datasets/external_factual/videos/MicrosoftDEV290x-V000500_DTH.mp4,yes,no,True
efh,efh:172,efh:172:basic,efh:172:hallucination,external/VideoHallucer/videohallucer_datasets/external_factual/videos/How_Linux_is_Built-en.mp4,external/VideoHallucer/videohallucer_datasets/external_factual/videos/How_Linux_is_Built-en.mp4,yes,no,True
efh,efh:173,efh:173:basic,efh:173:hallucination,external/VideoHallucer/videohallucer_datasets/external_factual/videos/IOT1x_M2.3_Demo_Industrial_Scenario-en.mp4,external/VideoHallucer/videohallucer_datasets/external_factual/videos/IOT1x_M2.3_Demo_Industrial_Scenario-en.mp4,yes,no,True
efh,efh:174,efh:174:basic,efh:174:hallucination,external/VideoHallucer/videohallucer_datasets/external_factual/videos/Crash_Course_History_of_Science_Preview_-_English.mp4,external/VideoHallucer/videohallucer_datasets/external_factual/videos/Crash_Course_History_of_Science_Preview_-_English.mp4,yes,no,True
efh,efh:175,efh:175:basic,efh:175:hallucination,external/VideoHallucer/videohallucer_datasets/external_factual/videos/MicrosoftDEV290x-V000400_DTH.mp4,external/VideoHallucer/videohallucer_datasets/external_factual/videos/MicrosoftDEV290x-V000400_DTH.mp4,yes,no,True
efh,efh:176,efh:176:basic,efh:176:hallucination,external/VideoHallucer/videohallucer_datasets/external_factual/videos/IOT1x_M1.4_Assistive_Benefits-en.mp4,external/VideoHallucer/videohallucer_datasets/external_factual/videos/IOT1x_M1.4_Assistive_Benefits-en.mp4,yes,no,True
efh,efh:177,efh:177:basic,efh:177:hallucination,external/VideoHallucer/videohallucer_datasets/external_factual/videos/HarvardXPH526x-V002500_DTH_pythedx.mp4,external/VideoHallucer/videohallucer_datasets/external_factual/videos/HarvardXPH526x-V002500_DTH_pythedx.mp4,yes,no,True
efh,efh:178,efh:178:basic,efh:178:hallucination,external/VideoHallucer/videohallucer_datasets/external_factual/videos/W3CHTM52T415-V000500_DTH_webedx.mp4,external/VideoHallucer/videohallucer_datasets/external_factual/videos/W3CHTM52T415-V000500_DTH_webedx.mp4,yes,no,True
efh,efh:179,efh:179:basic,efh:179:hallucination,external/VideoHallucer/videohallucer_datasets/external_factual/videos/IOT1x_M2.1_Demo_PT_Intro-en.mp4,external/VideoHallucer/videohallucer_datasets/external_factual/videos/IOT1x_M2.1_Demo_PT_Intro-en.mp4,yes,no,True
efh,efh:18,efh:18:basic,efh:18:hallucination,external/VideoHallucer/videohallucer_datasets/external_factual/videos/lwdypoLpMW4_8929.mp4,external/VideoHallucer/videohallucer_datasets/external_factual/videos/lwdypoLpMW4_8929.mp4,yes,no,True
efh,efh:180,efh:180:basic,efh:180:hallucination,external/VideoHallucer/videohallucer_datasets/external_factual/videos/IOT1x_M2.1_CS_KIP_Sensors-en.mp4,external/VideoHallucer/videohallucer_datasets/external_factual/videos/IOT1x_M2.1_CS_KIP_Sensors-en.mp4,yes,no,True
efh,efh:181,efh:181:basic,efh:181:hallucination,external/VideoHallucer/videohallucer_datasets/external_factual/videos/W3CHTM52T415-V000600_DTH_webedx.mp4,external/VideoHallucer/videohallucer_datasets/external_factual/videos/W3CHTM52T415-V000600_DTH_webedx.mp4,yes,no,True
efh,efh:182,efh:182:basic,efh:182:hallucination,external/VideoHallucer/videohallucer_datasets/external_factual/videos/W3CHTM52T415-V000900_DTH_webedx.mp4,external/VideoHallucer/videohallucer_datasets/external_factual/videos/W3CHTM52T415-V000900_DTH_webedx.mp4,yes,no,True
efh,efh:183,efh:183:basic,efh:183:hallucination,external/VideoHallucer/videohallucer_datasets/external_factual/videos/HarvardXPH526x-V002200_DTH_pythedx.mp4,external/VideoHallucer/videohallucer_datasets/external_factual/videos/HarvardXPH526x-V002200_DTH_pythedx.mp4,yes,no,True
efh,efh:184,efh:184:basic,efh:184:hallucination,external/VideoHallucer/videohallucer_datasets/external_factual/videos/IOT1x_M2_Intro_Iain-en.mp4,external/VideoHallucer/videohallucer_datasets/external_factual/videos/IOT1x_M2_Intro_Iain-en.mp4,yes,no,True
efh,efh:185,efh:185:basic,efh:185:hallucination,external/VideoHallucer/videohallucer_datasets/external_factual/videos/MicrosoftDEV290x-V001400_DTH.mp4,external/VideoHallucer/videohallucer_datasets/external_factual/videos/MicrosoftDEV290x-V001400_DTH.mp4,yes,no,True
efh,efh:186,efh:186:basic,efh:186:hallucination,external/VideoHallucer/videohallucer_datasets/external_factual/videos/MicrosoftDEV290x-V000100_DTH.mp4,external/VideoHallucer/videohallucer_datasets/external_factual/videos/MicrosoftDEV290x-V000100_DTH.mp4,yes,no,True
efh,efh:187,efh:187:basic,efh:187:hallucination,external/VideoHallucer/videohallucer_datasets/external_factual/videos/W3CHTM52T415-V001400_DTH_webedx.mp4,external/VideoHallucer/videohallucer_datasets/external_factual/videos/W3CHTM52T415-V001400_DTH_webedx.mp4,yes,no,True
efh,efh:188,efh:188:basic,efh:188:hallucination,external/VideoHallucer/videohallucer_datasets/external_factual/videos/IOT1x_M2.1_CS_Remote_Sensors-en.mp4,external/VideoHallucer/videohallucer_datasets/external_factual/videos/IOT1x_M2.1_CS_Remote_Sensors-en.mp4,yes,no,True
efh,efh:189,efh:189:basic,efh:189:hallucination,external/VideoHallucer/videohallucer_datasets/external_factual/videos/Cisco_-_Sydney_Harbour_Bridge_Case_Study_2Dk352Cc7yw_1080p.mp4,external/VideoHallucer/videohallucer_datasets/external_factual/videos/Cisco_-_Sydney_Harbour_Bridge_Case_Study_2Dk352Cc7yw_1080p.mp4,yes,no,True
efh,efh:19,efh:19:basic,efh:19:hallucination,external/VideoHallucer/videohallucer_datasets/external_factual/videos/WQlMXudBGT4_5244.mp4,external/VideoHallucer/videohallucer_datasets/external_factual/videos/WQlMXudBGT4_5244.mp4,yes,no,True
efh,efh:190,efh:190:basic,efh:190:hallucination,external/VideoHallucer/videohallucer_datasets/external_factual/videos/W3CHTM52T415-V000700_DTH_webedx.mp4,external/VideoHallucer/videohallucer_datasets/external_factual/videos/W3CHTM52T415-V000700_DTH_webedx.mp4,yes,no,True
efh,efh:191,efh:191:basic,efh:191:hallucination,external/VideoHallucer/videohallucer_datasets/external_factual/videos/Cisco_Helps_Mining_Companies_Streamline_Operations.mp4,external/VideoHallucer/videohallucer_datasets/external_factual/videos/Cisco_Helps_Mining_Companies_Streamline_Operations.mp4,yes,no,True
efh,efh:192,efh:192:basic,efh:192:hallucination,external/VideoHallucer/videohallucer_datasets/external_factual/videos/W3CHTM52T415-V001200_DTH_webedx.mp4,external/VideoHallucer/videohallucer_datasets/external_factual/videos/W3CHTM52T415-V001200_DTH_webedx.mp4,yes,no,True
efh,efh:193,efh:193:basic,efh:193:hallucination,external/VideoHallucer/videohallucer_datasets/external_factual/videos/W3CHTM52T415-V001000_DTH_webedx.mp4,external/VideoHallucer/videohallucer_datasets/external_factual/videos/W3CHTM52T415-V001000_DTH_webedx.mp4,yes,no,True
efh,efh:194,efh:194:basic,efh:194:hallucination,external/VideoHallucer/videohallucer_datasets/external_factual/videos/MicrosoftDEV290x-V001000_DTH.mp4,external/VideoHallucer/videohallucer_datasets/external_factual/videos/MicrosoftDEV290x-V001000_DTH.mp4,yes,no,True
efh,efh:195,efh:195:basic,efh:195:hallucination,external/VideoHallucer/videohallucer_datasets/external_factual/videos/IOT1x_M1.3_CS_Industry_Intro-en.mp4,external/VideoHallucer/videohallucer_datasets/external_factual/videos/IOT1x_M1.3_CS_Industry_Intro-en.mp4,yes,no,True
efh,efh:196,efh:196:basic,efh:196:hallucination,external/VideoHallucer/videohallucer_datasets/external_factual/videos/HarvardXPH526x-V001500_DTH_pythedx.mp4,external/VideoHallucer/videohallucer_datasets/external_factual/videos/HarvardXPH526x-V001500_DTH_pythedx.mp4,yes,no,True
efh,efh:197,efh:197:basic,efh:197:hallucination,external/VideoHallucer/videohallucer_datasets/external_factual/videos/MicrosoftDEV290x-V001100_DTH.mp4,external/VideoHallucer/videohallucer_datasets/external_factual/videos/MicrosoftDEV290x-V001100_DTH.mp4,yes,no,True
efh,efh:198,efh:198:basic,efh:198:hallucination,external/VideoHallucer/videohallucer_datasets/external_factual/videos/HarvardXPH526x-V002100_DTH_pythedx.mp4,external/VideoHallucer/videohallucer_datasets/external_factual/videos/HarvardXPH526x-V002100_DTH_pythedx.mp4,yes,no,True
efh,efh:199,efh:199:basic,efh:199:hallucination,external/VideoHallucer/videohallucer_datasets/external_factual/videos/Civil_Engineering__Crash_Course_Engineering_2_-_English.mp4,external/VideoHallucer/videohallucer_datasets/external_factual/videos/Civil_Engineering__Crash_Course_Engineering_2_-_English.mp4,yes,no,True
efh,efh:2,efh:2:basic,efh:2:hallucination,external/VideoHallucer/videohallucer_datasets/external_factual/videos/bmZB3aszZlA_6801.mp4,external/VideoHallucer/videohallucer_datasets/external_factual/videos/bmZB3aszZlA_6801.mp4,yes,no,True
efh,efh:20,efh:20:basic,efh:20:hallucination,external/VideoHallucer/videohallucer_datasets/external_factual/videos/NAMZY2LbeFY_5518.mp4,external/VideoHallucer/videohallucer_datasets/external_factual/videos/NAMZY2LbeFY_5518.mp4,yes,no,True
efh,efh:21,efh:21:basic,efh:21:hallucination,external/VideoHallucer/videohallucer_datasets/external_factual/videos/5cn9KJfaQXk.mp4,external/VideoHallucer/videohallucer_datasets/external_factual/videos/5cn9KJfaQXk.mp4,yes,no,True
efh,efh:22,efh:22:basic,efh:22:hallucination,external/VideoHallucer/videohallucer_datasets/external_factual/videos/_Vzpj0cXoSM_9508.mp4,external/VideoHallucer/videohallucer_datasets/external_factual/videos/_Vzpj0cXoSM_9508.mp4,yes,no,True
efh,efh:23,efh:23:basic,efh:23:hallucination,external/VideoHallucer/videohallucer_datasets/external_factual/videos/-k7trpuj3X8_4344.mp4,external/VideoHallucer/videohallucer_datasets/external_factual/videos/-k7trpuj3X8_4344.mp4,yes,no,True
efh,efh:24,efh:24:basic,efh:24:hallucination,external/VideoHallucer/videohallucer_datasets/external_factual/videos/2iWUUcW08ac_9037.mp4,external/VideoHallucer/videohallucer_datasets/external_factual/videos/2iWUUcW08ac_9037.mp4,yes,no,True
efh,efh:25,efh:25:basic,efh:25:hallucination,external/VideoHallucer/videohallucer_datasets/external_factual/videos/ucaCmhNo78k.mp4,external/VideoHallucer/videohallucer_datasets/external_factual/videos/ucaCmhNo78k.mp4,yes,no,True
efh,efh:26,efh:26:basic,efh:26:hallucination,external/VideoHallucer/videohallucer_datasets/external_factual/videos/ffhliBglDhY_4323.mp4,external/VideoHallucer/videohallucer_datasets/external_factual/videos/ffhliBglDhY_4323.mp4,yes,no,True
efh,efh:27,efh:27:basic,efh:27:hallucination,external/VideoHallucer/videohallucer_datasets/external_factual/videos/xhXcJ6bhX2w_6113.mp4,external/VideoHallucer/videohallucer_datasets/external_factual/videos/xhXcJ6bhX2w_6113.mp4,yes,no,True
efh,efh:28,efh:28:basic,efh:28:hallucination,external/VideoHallucer/videohallucer_datasets/external_factual/videos/wHWDBQ9_7FU_5243.mp4,external/VideoHallucer/videohallucer_datasets/external_factual/videos/wHWDBQ9_7FU_5243.mp4,yes,no,True
efh,efh:29,efh:29:basic,efh:29:hallucination,external/VideoHallucer/videohallucer_datasets/external_factual/videos/GmkRlWA2kGI.mp4,external/VideoHallucer/videohallucer_datasets/external_factual/videos/GmkRlWA2kGI.mp4,yes,no,True
efh,efh:3,efh:3:basic,efh:3:hallucination,external/VideoHallucer/videohallucer_datasets/external_factual/videos/iq7aiv9MPvA_10288.mp4,external/VideoHallucer/videohallucer_datasets/external_factual/videos/iq7aiv9MPvA_10288.mp4,yes,no,True
efh,efh:30,efh:30:basic,efh:30:hallucination,external/VideoHallucer/videohallucer_datasets/external_factual/videos/T_fPNAK5Ecg_15117.mp4,external/VideoHallucer/videohallucer_datasets/external_factual/videos/T_fPNAK5Ecg_15117.mp4,yes,no,True
efh,efh:31,efh:31:basic,efh:31:hallucination,external/VideoHallucer/videohallucer_datasets/external_factual/videos/7R5MVNE-ePU_6501.mp4,external/VideoHallucer/videohallucer_datasets/external_factual/videos/7R5MVNE-ePU_6501.mp4,yes,no,True
efh,efh:32,efh:32:basic,efh:32:hallucination,external/VideoHallucer/videohallucer_datasets/external_factual/videos/CWxjNRIKjA0_3325.mp4,external/VideoHallucer/videohallucer_datasets/external_factual/videos/CWxjNRIKjA0_3325.mp4,yes,no,True
efh,efh:33,efh:33:basic,efh:33:hallucination,external/VideoHallucer/videohallucer_datasets/external_factual/videos/vSRZRp2Ovqc_3834.mp4,external/VideoHallucer/videohallucer_datasets/external_factual/videos/vSRZRp2Ovqc_3834.mp4,yes,no,True
efh,efh:34,efh:34:basic,efh:34:hallucination,external/VideoHallucer/videohallucer_datasets/external_factual/videos/05ZSU-5UkXw_3804.mp4,external/VideoHallucer/videohallucer_datasets/external_factual/videos/05ZSU-5UkXw_3804.mp4,yes,no,True
efh,efh:35,efh:35:basic,efh:35:hallucination,external/VideoHallucer/videohallucer_datasets/external_factual/videos/KYoelaJY5LA_3894.mp4,external/VideoHallucer/videohallucer_datasets/external_factual/videos/KYoelaJY5LA_3894.mp4,yes,no,True
efh,efh:36,efh:36:basic,efh:36:hallucination,external/VideoHallucer/videohallucer_datasets/external_factual/videos/y4y22RQH05c_10799.mp4,external/VideoHallucer/videohallucer_datasets/external_factual/videos/y4y22RQH05c_10799.mp4,yes,no,True
efh,efh:37,efh:37:basic,efh:37:hallucination,external/VideoHallucer/videohallucer_datasets/external_factual/videos/rKtI8FQGhHo.mp4,external/VideoHallucer/videohallucer_datasets/external_factual/videos/rKtI8FQGhHo.mp4,yes,no,True
efh,efh:38,efh:38:basic,efh:38:hallucination,external/VideoHallucer/videohallucer_datasets/external_factual/videos/sj4BJSnjubc.mp4,external/VideoHallucer/videohallucer_datasets/external_factual/videos/sj4BJSnjubc.mp4,yes,no,True
efh,efh:39,efh:39:basic,efh:39:hallucination,external/VideoHallucer/videohallucer_datasets/external_factual/videos/Jtusyjv7GiY_7198.mp4,external/VideoHallucer/videohallucer_datasets/external_factual/videos/Jtusyjv7GiY_7198.mp4,yes,no,True
efh,efh:4,efh:4:basic,efh:4:hallucination,external/VideoHallucer/videohallucer_datasets/external_factual/videos/02nUKT0A7uE_6202.mp4,external/VideoHallucer/videohallucer_datasets/external_factual/videos/02nUKT0A7uE_6202.mp4,yes,no,True
efh,efh:40,efh:40:basic,efh:40:hallucination,external/VideoHallucer/videohallucer_datasets/external_factual/videos/GgM8IIglBLw_7669.mp4,external/VideoHallucer/videohallucer_datasets/external_factual/videos/GgM8IIglBLw_7669.mp4,yes,no,True
efh,efh:41,efh:41:basic,efh:41:hallucination,external/VideoHallucer/videohallucer_datasets/external_factual/videos/Y2HYSmo4KaI_5324.mp4,external/VideoHallucer/videohallucer_datasets/external_factual/videos/Y2HYSmo4KaI_5324.mp4,yes,no,True
efh,efh:42,efh:42:basic,efh:42:hallucination,external/VideoHallucer/videohallucer_datasets/external_factual/videos/QKjmdrMA2t8_6472.mp4,external/VideoHallucer/videohallucer_datasets/external_factual/videos/QKjmdrMA2t8_6472.mp4,yes,no,True
efh,efh:43,efh:43:basic,efh:43:hallucination,external/VideoHallucer/videohallucer_datasets/external_factual/videos/J7gBorrGvDU.mp4,external/VideoHallucer/videohallucer_datasets/external_factual/videos/J7gBorrGvDU.mp4,yes,no,True
efh,efh:44,efh:44:basic,efh:44:hallucination,external/VideoHallucer/videohallucer_datasets/external_factual/videos/i0qYuhtSQHI.mp4,external/VideoHallucer/videohallucer_datasets/external_factual/videos/i0qYuhtSQHI.mp4,yes,no,True
efh,efh:45,efh:45:basic,efh:45:hallucination,external/VideoHallucer/videohallucer_datasets/external_factual/videos/4Zl5NvXPi-0.mp4,external/VideoHallucer/videohallucer_datasets/external_factual/videos/4Zl5NvXPi-0.mp4,yes,no,True
efh,efh:46,efh:46:basic,efh:46:hallucination,external/VideoHallucer/videohallucer_datasets/external_factual/videos/efnHOsT7k9s_3724.mp4,external/VideoHallucer/videohallucer_datasets/external_factual/videos/efnHOsT7k9s_3724.mp4,yes,no,True
efh,efh:47,efh:47:basic,efh:47:hallucination,external/VideoHallucer/videohallucer_datasets/external_factual/videos/qkluMpILLdQ.mp4,external/VideoHallucer/videohallucer_datasets/external_factual/videos/qkluMpILLdQ.mp4,yes,no,True
efh,efh:48,efh:48:basic,efh:48:hallucination,external/VideoHallucer/videohallucer_datasets/external_factual/videos/84i8Qdnyd0k_4074.mp4,external/VideoHallucer/videohallucer_datasets/external_factual/videos/84i8Qdnyd0k_4074.mp4,yes,no,True
efh,efh:49,efh:49:basic,efh:49:hallucination,external/VideoHallucer/videohallucer_datasets/external_factual/videos/QYl_wwBKt18.mp4,external/VideoHallucer/videohallucer_datasets/external_factual/videos/QYl_wwBKt18.mp4,yes,no,True
efh,efh:5,efh:5:basic,efh:5:hallucination,external/VideoHallucer/videohallucer_datasets/external_factual/videos/95WMX64RIBc_7865.mp4,external/VideoHallucer/videohallucer_datasets/external_factual/videos/95WMX64RIBc_7865.mp4,yes,no,True
efh,efh:50,efh:50:basic,efh:50:hallucination,external/VideoHallucer/videohallucer_datasets/external_factual/videos/ljyO7IaGWLY_7815.mp4,external/VideoHallucer/videohallucer_datasets/external_factual/videos/ljyO7IaGWLY_7815.mp4,yes,no,True
efh,efh:51,efh:51:basic,efh:51:hallucination,external/VideoHallucer/videohallucer_datasets/external_factual/videos/88YovCsnMxs_2277.mp4,external/VideoHallucer/videohallucer_datasets/external_factual/videos/88YovCsnMxs_2277.mp4,yes,no,True
efh,efh:52,efh:52:basic,efh:52:hallucination,external/VideoHallucer/videohallucer_datasets/external_factual/videos/pNAwkqm4t3A_2699.mp4,external/VideoHallucer/videohallucer_datasets/external_factual/videos/pNAwkqm4t3A_2699.mp4,yes,no,True
efh,efh:53,efh:53:basic,efh:53:hallucination,external/VideoHallucer/videohallucer_datasets/external_factual/videos/G-AUY-jWzck_5337.mp4,external/VideoHallucer/videohallucer_datasets/external_factual/videos/G-AUY-jWzck_5337.mp4,yes,no,True
efh,efh:54,efh:54:basic,efh:54:hallucination,external/VideoHallucer/videohallucer_datasets/external_factual/videos/oDsUh1es_lo_1366.mp4,external/VideoHallucer/videohallucer_datasets/external_factual/videos/oDsUh1es_lo_1366.mp4,yes,no,True
efh,efh:55,efh:55:basic,efh:55:hallucination,external/VideoHallucer/videohallucer_datasets/external_factual/videos/hs2h7nb5PHQ_6053.mp4,external/VideoHallucer/videohallucer_datasets/external_factual/videos/hs2h7nb5PHQ_6053.mp4,yes,no,True
efh,efh:56,efh:56:basic,efh:56:hallucination,external/VideoHallucer/videohallucer_datasets/external_factual/videos/5VnaolWGIy4_2816.mp4,external/VideoHallucer/videohallucer_datasets/external_factual/videos/5VnaolWGIy4_2816.mp4,yes,no,True
efh,efh:57,efh:57:basic,efh:57:hallucination,external/VideoHallucer/videohallucer_datasets/external_factual/videos/RWtVm_5_D2s_4972.mp4,external/VideoHallucer/videohallucer_datasets/external_factual/videos/RWtVm_5_D2s_4972.mp4,yes,no,True
efh,efh:58,efh:58:basic,efh:58:hallucination,external/VideoHallucer/videohallucer_datasets/external_factual/videos/NK2tAXi3cT4_13185.mp4,external/VideoHallucer/videohallucer_datasets/external_factual/videos/NK2tAXi3cT4_13185.mp4,yes,no,True
efh,efh:59,efh:59:basic,efh:59:hallucination,external/VideoHallucer/videohallucer_datasets/external_factual/videos/4nxbRG6-sfw_7280.mp4,external/VideoHallucer/videohallucer_datasets/external_factual/videos/4nxbRG6-sfw_7280.mp4,yes,no,True
efh,efh:6,efh:6:basic,efh:6:hallucination,external/VideoHallucer/videohallucer_datasets/external_factual/videos/0ShsPjf9shQ_4136.mp4,external/VideoHallucer/videohallucer_datasets/external_factual/videos/0ShsPjf9shQ_4136.mp4,yes,no,True
efh,efh:60,efh:60:basic,efh:60:hallucination,external/VideoHallucer/videohallucer_datasets/external_factual/videos/HBUz55JRRm8_18671.mp4,external/VideoHallucer/videohallucer_datasets/external_factual/videos/HBUz55JRRm8_18671.mp4,yes,no,True
efh,efh:61,efh:61:basic,efh:61:hallucination,external/VideoHallucer/videohallucer_datasets/external_factual/videos/hLTNXDKU_Pk_2606.mp4,external/VideoHallucer/videohallucer_datasets/external_factual/videos/hLTNXDKU_Pk_2606.mp4,yes,no,True
efh,efh:62,efh:62:basic,efh:62:hallucination,external/VideoHallucer/videohallucer_datasets/external_factual/videos/MCtF5tRCRUk_6374.mp4,external/VideoHallucer/videohallucer_datasets/external_factual/videos/MCtF5tRCRUk_6374.mp4,yes,no,True
efh,efh:63,efh:63:basic,efh:63:hallucination,external/VideoHallucer/videohallucer_datasets/external_factual/videos/Dao0vasGPMQ.mp4,external/VideoHallucer/videohallucer_datasets/external_factual/videos/Dao0vasGPMQ.mp4,yes,no,True
efh,efh:64,efh:64:basic,efh:64:hallucination,external/VideoHallucer/videohallucer_datasets/external_factual/videos/sv8jRCmi3Ro_6400.mp4,external/VideoHallucer/videohallucer_datasets/external_factual/videos/sv8jRCmi3Ro_6400.mp4,yes,no,True
efh,efh:65,efh:65:basic,efh:65:hallucination,external/VideoHallucer/videohallucer_datasets/external_factual/videos/3aFiXsrKSoQ.mp4,external/VideoHallucer/videohallucer_datasets/external_factual/videos/3aFiXsrKSoQ.mp4,yes,no,True
efh,efh:66,efh:66:basic,efh:66:hallucination,external/VideoHallucer/videohallucer_datasets/external_factual/videos/M8SHMUBnm4A_5424.mp4,external/VideoHallucer/videohallucer_datasets/external_factual/videos/M8SHMUBnm4A_5424.mp4,yes,no,True
efh,efh:67,efh:67:basic,efh:67:hallucination,external/VideoHallucer/videohallucer_datasets/external_factual/videos/c4WaDsqP38k.mp4,external/VideoHallucer/videohallucer_datasets/external_factual/videos/c4WaDsqP38k.mp4,yes,no,True
efh,efh:68,efh:68:basic,efh:68:hallucination,external/VideoHallucer/videohallucer_datasets/external_factual/videos/MPCU71Hg-i4_1287.mp4,external/VideoHallucer/videohallucer_datasets/external_factual/videos/MPCU71Hg-i4_1287.mp4,yes,no,True
efh,efh:69,efh:69:basic,efh:69:hallucination,external/VideoHallucer/videohallucer_datasets/external_factual/videos/_ilIn1kmNSA_2207.mp4,external/VideoHallucer/videohallucer_datasets/external_factual/videos/_ilIn1kmNSA_2207.mp4,yes,no,True
efh,efh:7,efh:7:basic,efh:7:hallucination,external/VideoHallucer/videohallucer_datasets/external_factual/videos/6XBocXgvfTs_2876.mp4,external/VideoHallucer/videohallucer_datasets/external_factual/videos/6XBocXgvfTs_2876.mp4,yes,no,True
efh,efh:70,efh:70:basic,efh:70:hallucination,external/VideoHallucer/videohallucer_datasets/external_factual/videos/JPbFE731Y0c_4793.mp4,external/VideoHallucer/videohallucer_datasets/external_factual/videos/JPbFE731Y0c_4793.mp4,yes,no,True
efh,efh:71,efh:71:basic,efh:71:hallucination,external/VideoHallucer/videohallucer_datasets/external_factual/videos/PTpRTJKAEoI_4823.mp4,external/VideoHallucer/videohallucer_datasets/external_factual/videos/PTpRTJKAEoI_4823.mp4,yes,no,True
efh,efh:72,efh:72:basic,efh:72:hallucination,external/VideoHallucer/videohallucer_datasets/external_factual/videos/tPLVNKgs8Lk_4614.mp4,external/VideoHallucer/videohallucer_datasets/external_factual/videos/tPLVNKgs8Lk_4614.mp4,yes,no,True
efh,efh:73,efh:73:basic,efh:73:hallucination,external/VideoHallucer/videohallucer_datasets/external_factual/videos/7NptUiW8hJw.mp4,external/VideoHallucer/videohallucer_datasets/external_factual/videos/7NptUiW8hJw.mp4,yes,no,True
efh,efh:74,efh:74:basic,efh:74:hallucination,external/VideoHallucer/videohallucer_datasets/external_factual/videos/OWtnI3m-p8g_9248.mp4,external/VideoHallucer/videohallucer_datasets/external_factual/videos/OWtnI3m-p8g_9248.mp4,yes,no,True
efh,efh:75,efh:75:basic,efh:75:hallucination,external/VideoHallucer/videohallucer_datasets/external_factual/videos/F2qYQZ7Q68s_2785.mp4,external/VideoHallucer/videohallucer_datasets/external_factual/videos/F2qYQZ7Q68s_2785.mp4,yes,no,True
efh,efh:76,efh:76:basic,efh:76:hallucination,external/VideoHallucer/videohallucer_datasets/external_factual/videos/eYOn2ZVB4nc_3772.mp4,external/VideoHallucer/videohallucer_datasets/external_factual/videos/eYOn2ZVB4nc_3772.mp4,yes,no,True
efh,efh:77,efh:77:basic,efh:77:hallucination,external/VideoHallucer/videohallucer_datasets/external_factual/videos/3meb_5kcPFg_8399.mp4,external/VideoHallucer/videohallucer_datasets/external_factual/videos/3meb_5kcPFg_8399.mp4,yes,no,True
efh,efh:78,efh:78:basic,efh:78:hallucination,external/VideoHallucer/videohallucer_datasets/external_factual/videos/rwYaDqXFH88_9469.mp4,external/VideoHallucer/videohallucer_datasets/external_factual/videos/rwYaDqXFH88_9469.mp4,yes,no,True
efh,efh:79,efh:79:basic,efh:79:hallucination,external/VideoHallucer/videohallucer_datasets/external_factual/videos/WlHWRPyA7_g.mp4,external/VideoHallucer/videohallucer_datasets/external_factual/videos/WlHWRPyA7_g.mp4,yes,no,True
efh,efh:8,efh:8:basic,efh:8:hallucination,external/VideoHallucer/videohallucer_datasets/external_factual/videos/1Ihxcua2HBc_7640.mp4,external/VideoHallucer/videohallucer_datasets/external_factual/videos/1Ihxcua2HBc_7640.mp4,yes,no,True
efh,efh:80,efh:80:basic,efh:80:hallucination,external/VideoHallucer/videohallucer_datasets/external_factual/videos/PQ97HXmsFR0.mp4,external/VideoHallucer/videohallucer_datasets/external_factual/videos/PQ97HXmsFR0.mp4,yes,no,True
efh,efh:81,efh:81:basic,efh:81:hallucination,external/VideoHallucer/videohallucer_datasets/external_factual/videos/EpNUSTO2BI4.mp4,external/VideoHallucer/videohallucer_datasets/external_factual/videos/EpNUSTO2BI4.mp4,yes,no,True
efh,efh:82,efh:82:basic,efh:82:hallucination,external/VideoHallucer/videohallucer_datasets/external_factual/videos/_GTwKEPmB-U_5183.mp4,external/VideoHallucer/videohallucer_datasets/external_factual/videos/_GTwKEPmB-U_5183.mp4,yes,no,True
efh,efh:83,efh:83:basic,efh:83:hallucination,external/VideoHallucer/videohallucer_datasets/external_factual/videos/HdQzPLk_KiA_4824.mp4,external/VideoHallucer/videohallucer_datasets/external_factual/videos/HdQzPLk_KiA_4824.mp4,yes,no,True
efh,efh:84,efh:84:basic,efh:84:hallucination,external/VideoHallucer/videohallucer_datasets/external_factual/videos/uOXlG8Tglc8_2389.mp4,external/VideoHallucer/videohallucer_datasets/external_factual/videos/uOXlG8Tglc8_2389.mp4,yes,no,True
efh,efh:85,efh:85:basic,efh:85:hallucination,external/VideoHallucer/videohallucer_datasets/external_factual/videos/EedEYHqLfP8.mp4,external/VideoHallucer/videohallucer_datasets/external_factual/videos/EedEYHqLfP8.mp4,yes,no,True
efh,efh:86,efh:86:basic,efh:86:hallucination,external/VideoHallucer/videohallucer_datasets/external_factual/videos/A8eDWlCYaq8.mp4,external/VideoHallucer/videohallucer_datasets/external_factual/videos/A8eDWlCYaq8.mp4,yes,no,True
efh,efh:87,efh:87:basic,efh:87:hallucination,external/VideoHallucer/videohallucer_datasets/external_factual/videos/J5Tw7KRnSyc_6223.mp4,external/VideoHallucer/videohallucer_datasets/external_factual/videos/J5Tw7KRnSyc_6223.mp4,yes,no,True
efh,efh:88,efh:88:basic,efh:88:hallucination,external/VideoHallucer/videohallucer_datasets/external_factual/videos/XAHNVoKV1Bc_16302.mp4,external/VideoHallucer/videohallucer_datasets/external_factual/videos/XAHNVoKV1Bc_16302.mp4,yes,no,True
efh,efh:89,efh:89:basic,efh:89:hallucination,external/VideoHallucer/videohallucer_datasets/external_factual/videos/awQYyYgulLw_2573.mp4,external/VideoHallucer/videohallucer_datasets/external_factual/videos/awQYyYgulLw_2573.mp4,yes,no,True
efh,efh:9,efh:9:basic,efh:9:hallucination,external/VideoHallucer/videohallucer_datasets/external_factual/videos/5Oq5giRXtag_5243.mp4,external/VideoHallucer/videohallucer_datasets/external_factual/videos/5Oq5giRXtag_5243.mp4,yes,no,True
efh,efh:90,efh:90:basic,efh:90:hallucination,external/VideoHallucer/videohallucer_datasets/external_factual/videos/XEifm-iXMvs.mp4,external/VideoHallucer/videohallucer_datasets/external_factual/videos/XEifm-iXMvs.mp4,yes,no,True
efh,efh:91,efh:91:basic,efh:91:hallucination,external/VideoHallucer/videohallucer_datasets/external_factual/videos/RznLeKVI3yo.mp4,external/VideoHallucer/videohallucer_datasets/external_factual/videos/RznLeKVI3yo.mp4,yes,no,True
efh,efh:92,efh:92:basic,efh:92:hallucination,external/VideoHallucer/videohallucer_datasets/external_factual/videos/wlq30WwXwSM.mp4,external/VideoHallucer/videohallucer_datasets/external_factual/videos/wlq30WwXwSM.mp4,yes,no,True
efh,efh:93,efh:93:basic,efh:93:hallucination,external/VideoHallucer/videohallucer_datasets/external_factual/videos/oAE7nqQeMBQ_3175.mp4,external/VideoHallucer/videohallucer_datasets/external_factual/videos/oAE7nqQeMBQ_3175.mp4,yes,no,True
efh,efh:94,efh:94:basic,efh:94:hallucination,external/VideoHallucer/videohallucer_datasets/external_factual/videos/DHpQOhQhW3A_3648.mp4,external/VideoHallucer/videohallucer_datasets/external_factual/videos/DHpQOhQhW3A_3648.mp4,yes,no,True
efh,efh:95,efh:95:basic,efh:95:hallucination,external/VideoHallucer/videohallucer_datasets/external_factual/videos/c3JFGGhkArA_3205.mp4,external/VideoHallucer/videohallucer_datasets/external_factual/videos/c3JFGGhkArA_3205.mp4,yes,no,True
efh,efh:96,efh:96:basic,efh:96:hallucination,external/VideoHallucer/videohallucer_datasets/external_factual/videos/2HsWZdKKBGg.mp4,external/VideoHallucer/videohallucer_datasets/external_factual/videos/2HsWZdKKBGg.mp4,yes,no,True
efh,efh:97,efh:97:basic,efh:97:hallucination,external/VideoHallucer/videohallucer_datasets/external_factual/videos/mhEVgpfF-IU.mp4,external/VideoHallucer/videohallucer_datasets/external_factual/videos/mhEVgpfF-IU.mp4,yes,no,True
efh,efh:98,efh:98:basic,efh:98:hallucination,external/VideoHallucer/videohallucer_datasets/external_factual/videos/peld2w63tpM_4391.mp4,external/VideoHallucer/videohallucer_datasets/external_factual/videos/peld2w63tpM_4391.mp4,yes,no,True
efh,efh:99,efh:99:basic,efh:99:hallucination,external/VideoHallucer/videohallucer_datasets/external_factual/videos/TfITvKr5M3k.mp4,external/VideoHallucer/videohallucer_datasets/external_factual/videos/TfITvKr5M3k.mp4,yes,no,True
enfh,enfh:0,enfh:0:basic,enfh:0:hallucination,external/VideoHallucer/videohallucer_datasets/external_nonfactual/videos/tGaAAI3aAUs_10787.mp4,external/VideoHallucer/videohallucer_datasets/external_nonfactual/videos/tGaAAI3aAUs_10787.mp4,yes,no,True
enfh,enfh:1,enfh:1:basic,enfh:1:hallucination,external/VideoHallucer/videohallucer_datasets/external_nonfactual/videos/JWcAs8biQFU_848.mp4,external/VideoHallucer/videohallucer_datasets/external_nonfactual/videos/JWcAs8biQFU_848.mp4,yes,no,True
enfh,enfh:10,enfh:10:basic,enfh:10:hallucination,external/VideoHallucer/videohallucer_datasets/external_nonfactual/videos/NTyhMGmuWik_8338.mp4,external/VideoHallucer/videohallucer_datasets/external_nonfactual/videos/NTyhMGmuWik_8338.mp4,yes,no,True
enfh,enfh:100,enfh:100:basic,enfh:100:hallucination,external/VideoHallucer/videohallucer_datasets/external_nonfactual/videos/cwctMiDug9Y.mp4,external/VideoHallucer/videohallucer_datasets/external_nonfactual/videos/cwctMiDug9Y.mp4,yes,no,True
enfh,enfh:101,enfh:101:basic,enfh:101:hallucination,external/VideoHallucer/videohallucer_datasets/external_nonfactual/videos/b2H8ph_FnTE.mp4,external/VideoHallucer/videohallucer_datasets/external_nonfactual/videos/b2H8ph_FnTE.mp4,yes,no,True
enfh,enfh:102,enfh:102:basic,enfh:102:hallucination,external/VideoHallucer/videohallucer_datasets/external_nonfactual/videos/ivX9Wwp13HA.mp4,external/VideoHallucer/videohallucer_datasets/external_nonfactual/videos/ivX9Wwp13HA.mp4,yes,no,True
enfh,enfh:103,enfh:103:basic,enfh:103:hallucination,external/VideoHallucer/videohallucer_datasets/external_nonfactual/videos/MeZvU3ffU7I.mp4,external/VideoHallucer/videohallucer_datasets/external_nonfactual/videos/MeZvU3ffU7I.mp4,yes,no,True
enfh,enfh:104,enfh:104:basic,enfh:104:hallucination,external/VideoHallucer/videohallucer_datasets/external_nonfactual/videos/11WfYWXFS9M.mp4,external/VideoHallucer/videohallucer_datasets/external_nonfactual/videos/11WfYWXFS9M.mp4,yes,no,True
enfh,enfh:105,enfh:105:basic,enfh:105:hallucination,external/VideoHallucer/videohallucer_datasets/external_nonfactual/videos/pESV6xLJNkA.mp4,external/VideoHallucer/videohallucer_datasets/external_nonfactual/videos/pESV6xLJNkA.mp4,yes,no,True
enfh,enfh:106,enfh:106:basic,enfh:106:hallucination,external/VideoHallucer/videohallucer_datasets/external_nonfactual/videos/x_llOQFMjAY.mp4,external/VideoHallucer/videohallucer_datasets/external_nonfactual/videos/x_llOQFMjAY.mp4,yes,no,True
enfh,enfh:107,enfh:107:basic,enfh:107:hallucination,external/VideoHallucer/videohallucer_datasets/external_nonfactual/videos/zKwnGRiKvPU.mp4,external/VideoHallucer/videohallucer_datasets/external_nonfactual/videos/zKwnGRiKvPU.mp4,yes,no,True
enfh,enfh:108,enfh:108:basic,enfh:108:hallucination,external/VideoHallucer/videohallucer_datasets/external_nonfactual/videos/fuNB9A_Z2qI.mp4,external/VideoHallucer/videohallucer_datasets/external_nonfactual/videos/fuNB9A_Z2qI.mp4,yes,no,True
enfh,enfh:109,enfh:109:basic,enfh:109:hallucination,external/VideoHallucer/videohallucer_datasets/external_nonfactual/videos/ozgQRSRy6uQ_607.mp4,external/VideoHallucer/videohallucer_datasets/external_nonfactual/videos/ozgQRSRy6uQ_607.mp4,yes,no,True
enfh,enfh:11,enfh:11:basic,enfh:11:hallucination,external/VideoHallucer/videohallucer_datasets/external_nonfactual/videos/WqfselLH4MQ_10547.mp4,external/VideoHallucer/videohallucer_datasets/external_nonfactual/videos/WqfselLH4MQ_10547.mp4,yes,no,True
enfh,enfh:110,enfh:110:basic,enfh:110:hallucination,external/VideoHallucer/videohallucer_datasets/external_nonfactual/videos/n5lteHq-D64.mp4,external/VideoHallucer/videohallucer_datasets/external_nonfactual/videos/n5lteHq-D64.mp4,yes,no,True
enfh,enfh:111,enfh:111:basic,enfh:111:hallucination,external/VideoHallucer/videohallucer_datasets/external_nonfactual/videos/luxoK5hbjmI.mp4,external/VideoHallucer/videohallucer_datasets/external_nonfactual/videos/luxoK5hbjmI.mp4,yes,no,True
enfh,enfh:112,enfh:112:basic,enfh:112:hallucination,external/VideoHallucer/videohallucer_datasets/external_nonfactual/videos/TpkoruQWsfA.mp4,external/VideoHallucer/videohallucer_datasets/external_nonfactual/videos/TpkoruQWsfA.mp4,yes,no,True
enfh,enfh:113,enfh:113:basic,enfh:113:hallucination,external/VideoHallucer/videohallucer_datasets/external_nonfactual/videos/shiQl90MgNA.mp4,external/VideoHallucer/videohallucer_datasets/external_nonfactual/videos/shiQl90MgNA.mp4,yes,no,True
enfh,enfh:114,enfh:114:basic,enfh:114:hallucination,external/VideoHallucer/videohallucer_datasets/external_nonfactual/videos/81gfwH3X_S4.mp4,external/VideoHallucer/videohallucer_datasets/external_nonfactual/videos/81gfwH3X_S4.mp4,yes,no,True
enfh,enfh:115,enfh:115:basic,enfh:115:hallucination,external/VideoHallucer/videohallucer_datasets/external_nonfactual/videos/NTCkp9PYZgc.mp4,external/VideoHallucer/videohallucer_datasets/external_nonfactual/videos/NTCkp9PYZgc.mp4,yes,no,True
enfh,enfh:116,enfh:116:basic,enfh:116:hallucination,external/VideoHallucer/videohallucer_datasets/external_nonfactual/videos/mlvU4-LuKwU.mp4,external/VideoHallucer/videohallucer_datasets/external_nonfactual/videos/mlvU4-LuKwU.mp4,yes,no,True
enfh,enfh:117,enfh:117:basic,enfh:117:hallucination,external/VideoHallucer/videohallucer_datasets/external_nonfactual/videos/9eT87s105NE_19.mp4,external/VideoHallucer/videohallucer_datasets/external_nonfactual/videos/9eT87s105NE_19.mp4,yes,no,True
enfh,enfh:118,enfh:118:basic,enfh:118:hallucination,external/VideoHallucer/videohallucer_datasets/external_nonfactual/videos/s2mYMIJ11b0_694.mp4,external/VideoHallucer/videohallucer_datasets/external_nonfactual/videos/s2mYMIJ11b0_694.mp4,yes,no,True
enfh,enfh:119,enfh:119:basic,enfh:119:hallucination,external/VideoHallucer/videohallucer_datasets/external_nonfactual/videos/AlUVHdaNrW4.mp4,external/VideoHallucer/videohallucer_datasets/external_nonfactual/videos/AlUVHdaNrW4.mp4,yes,no,True
enfh,enfh:12,enfh:12:basic,enfh:12:hallucination,external/VideoHallucer/videohallucer_datasets/external_nonfactual/videos/dMbb10O9hGs_4598.mp4,external/VideoHallucer/videohallucer_datasets/external_nonfactual/videos/dMbb10O9hGs_4598.mp4,yes,no,True
enfh,enfh:120,enfh:120:basic,enfh:120:hallucination,external/VideoHallucer/videohallucer_datasets/external_nonfactual/videos/0Q7vAc0tZwo.mp4,external/VideoHallucer/videohallucer_datasets/external_nonfactual/videos/0Q7vAc0tZwo.mp4,yes,no,True
enfh,enfh:121,enfh:121:basic,enfh:121:hallucination,external/VideoHallucer/videohallucer_datasets/external_nonfactual/videos/XQBfOYkvjx0.mp4,external/VideoHallucer/videohallucer_datasets/external_nonfactual/videos/XQBfOYkvjx0.mp4,yes,no,True
enfh,enfh:122,enfh:122:basic,enfh:122:hallucination,external/VideoHallucer/videohallucer_datasets/external_nonfactual/videos/JIm62tXmBvc.mp4,external/VideoHallucer/videohallucer_datasets/external_nonfactual/videos/JIm62tXmBvc.mp4,yes,no,True
enfh,enfh:123,enfh:123:basic,enfh:123:hallucination,external/VideoHallucer/videohallucer_datasets/external_nonfactual/videos/ye_CceBzB-Q.mp4,external/VideoHallucer/videohallucer_datasets/external_nonfactual/videos/ye_CceBzB-Q.mp4,yes,no,True
enfh,enfh:124,enfh:124:basic,enfh:124:hallucination,external/VideoHallucer/videohallucer_datasets/external_nonfactual/videos/aa9DUgKnRCs.mp4,external/VideoHallucer/videohallucer_datasets/external_nonfactual/videos/aa9DUgKnRCs.mp4,yes,no,True
enfh,enfh:125,enfh:125:basic,enfh:125:hallucination,external/VideoHallucer/videohallucer_datasets/external_nonfactual/videos/Cvym6uVKOc4.mp4,external/VideoHallucer/videohallucer_datasets/external_nonfactual/videos/Cvym6uVKOc4.mp4,yes,no,True
enfh,enfh:126,enfh:126:basic,enfh:126:hallucination,external/VideoHallucer/videohallucer_datasets/external_nonfactual/videos/gGrIGa88BbA_208.mp4,external/VideoHallucer/videohallucer_datasets/external_nonfactual/videos/gGrIGa88BbA_208.mp4,yes,no,True
enfh,enfh:127,enfh:127:basic,enfh:127:hallucination,external/VideoHallucer/videohallucer_datasets/external_nonfactual/videos/6P994ZVoAUA.mp4,external/VideoHallucer/videohallucer_datasets/external_nonfactual/videos/6P994ZVoAUA.mp4,yes,no,True
enfh,enfh:128,enfh:128:basic,enfh:128:hallucination,external/VideoHallucer/videohallucer_datasets/external_nonfactual/videos/4q7uW0w3ZRc.mp4,external/VideoHallucer/videohallucer_datasets/external_nonfactual/videos/4q7uW0w3ZRc.mp4,yes,no,True
enfh,enfh:129,enfh:129:basic,enfh:129:hallucination,external/VideoHallucer/videohallucer_datasets/external_nonfactual/videos/m03QoutPNDU_94.mp4,external/VideoHallucer/videohallucer_datasets/external_nonfactual/videos/m03QoutPNDU_94.mp4,yes,no,True
enfh,enfh:13,enfh:13:basic,enfh:13:hallucination,external/VideoHallucer/videohallucer_datasets/external_nonfactual/videos/g6eV_7U5HX8_3559.mp4,external/VideoHallucer/videohallucer_datasets/external_nonfactual/videos/g6eV_7U5HX8_3559.mp4,yes,no,True
enfh,enfh:130,enfh:130:basic,enfh:130:hallucination,external/VideoHallucer/videohallucer_datasets/external_nonfactual/videos/DNLg8lMlERg.mp4,external/VideoHallucer/videohallucer_datasets/external_nonfactual/videos/DNLg8lMlERg.mp4,yes,no,True
enfh,enfh:131,enfh:131:basic,enfh:131:hallucination,external/VideoHallucer/videohallucer_datasets/external_nonfactual/videos/I6qUVrkjdIc.mp4,external/VideoHallucer/videohallucer_datasets/external_nonfactual/videos/I6qUVrkjdIc.mp4,yes,no,True
enfh,enfh:132,enfh:132:basic,enfh:132:hallucination,external/VideoHallucer/videohallucer_datasets/external_nonfactual/videos/oRxqGZrnyYA.mp4,external/VideoHallucer/videohallucer_datasets/external_nonfactual/videos/oRxqGZrnyYA.mp4,yes,no,True
enfh,enfh:133,enfh:133:basic,enfh:133:hallucination,external/VideoHallucer/videohallucer_datasets/external_nonfactual/videos/76HTCZmJb7I.mp4,external/VideoHallucer/videohallucer_datasets/external_nonfactual/videos/76HTCZmJb7I.mp4,yes,no,True
enfh,enfh:134,enfh:134:basic,enfh:134:hallucination,external/VideoHallucer/videohallucer_datasets/external_nonfactual/videos/LqQDPM9D8vI.mp4,external/VideoHallucer/videohallucer_datasets/external_nonfactual/videos/LqQDPM9D8vI.mp4,yes,no,True
enfh,enfh:135,enfh:135:basic,enfh:135:hallucination,external/VideoHallucer/videohallucer_datasets/external_nonfactual/videos/XmZKgV0mceA.mp4,external/VideoHallucer/videohallucer_datasets/external_nonfactual/videos/XmZKgV0mceA.mp4,yes,no,True
enfh,enfh:136,enfh:136:basic,enfh:136:hallucination,external/VideoHallucer/videohallucer_datasets/external_nonfactual/videos/U7Hv602KAxM.mp4,external/VideoHallucer/videohallucer_datasets/external_nonfactual/videos/U7Hv602KAxM.mp4,yes,no,True
enfh,enfh:137,enfh:137:basic,enfh:137:hallucination,external/VideoHallucer/videohallucer_datasets/external_nonfactual/videos/DKLXfFcjJRc.mp4,external/VideoHallucer/videohallucer_datasets/external_nonfactual/videos/DKLXfFcjJRc.mp4,yes,no,True
enfh,enfh:138,enfh:138:basic,enfh:138:hallucination,external/VideoHallucer/videohallucer_datasets/external_nonfactual/videos/b67fXiGCbuQ_485.mp4,external/VideoHallucer/videohallucer_datasets/external_nonfactual/videos/b67fXiGCbuQ_485.mp4,yes,no,True
enfh,enfh:139,enfh:139:basic,enfh:139:hallucination,external/VideoHallucer/videohallucer_datasets/external_nonfactual/videos/LnogHwL3SKI.mp4,external/VideoHallucer/videohallucer_datasets/external_nonfactual/videos/LnogHwL3SKI.mp4,yes,no,True
enfh,enfh:14,enfh:14:basic,enfh:14:hallucination,external/VideoHallucer/videohallucer_datasets/external_nonfactual/videos/VwtkHIturro_5424.mp4,external/VideoHallucer/videohallucer_datasets/external_nonfactual/videos/VwtkHIturro_5424.mp4,yes,no,True
enfh,enfh:140,enfh:140:basic,enfh:140:hallucination,external/VideoHallucer/videohallucer_datasets/external_nonfactual/videos/mJKQMbffcEs.mp4,external/VideoHallucer/videohallucer_datasets/external_nonfactual/videos/mJKQMbffcEs.mp4,yes,no,True
enfh,enfh:141,enfh:141:basic,enfh:141:hallucination,external/VideoHallucer/videohallucer_datasets/external_nonfactual/videos/rvjaGQBlhPU.mp4,external/VideoHallucer/videohallucer_datasets/external_nonfactual/videos/rvjaGQBlhPU.mp4,yes,no,True
enfh,enfh:142,enfh:142:basic,enfh:142:hallucination,external/VideoHallucer/videohallucer_datasets/external_nonfactual/videos/WqMX17vnGjw_326.mp4,external/VideoHallucer/videohallucer_datasets/external_nonfactual/videos/WqMX17vnGjw_326.mp4,yes,no,True
enfh,enfh:143,enfh:143:basic,enfh:143:hallucination,external/VideoHallucer/videohallucer_datasets/external_nonfactual/videos/bZJZsfLKIRc.mp4,external/VideoHallucer/videohallucer_datasets/external_nonfactual/videos/bZJZsfLKIRc.mp4,yes,no,True
enfh,enfh:144,enfh:144:basic,enfh:144:hallucination,external/VideoHallucer/videohallucer_datasets/external_nonfactual/videos/THoWo6JUk1Q.mp4,external/VideoHallucer/videohallucer_datasets/external_nonfactual/videos/THoWo6JUk1Q.mp4,yes,no,True
enfh,enfh:145,enfh:145:basic,enfh:145:hallucination,external/VideoHallucer/videohallucer_datasets/external_nonfactual/videos/sDd4VkUm85Y.mp4,external/VideoHallucer/videohallucer_datasets/external_nonfactual/videos/sDd4VkUm85Y.mp4,yes,no,True
enfh,enfh:146,enfh:146:basic,enfh:146:hallucination,external/VideoHallucer/videohallucer_datasets/external_nonfactual/videos/8L7fj8R7mlE_658.mp4,external/VideoHallucer/videohallucer_datasets/external_nonfactual/videos/8L7fj8R7mlE_658.mp4,yes,no,True
enfh,enfh:147,enfh:147:basic,enfh:147:hallucination,external/VideoHallucer/videohallucer_datasets/external_nonfactual/videos/r9qsd6nNXBQ.mp4,external/VideoHallucer/videohallucer_datasets/external_nonfactual/videos/r9qsd6nNXBQ.mp4,yes,no,True
enfh,enfh:148,enfh:148:basic,enfh:148:hallucination,external/VideoHallucer/videohallucer_datasets/external_nonfactual/videos/89ts_Imt3RQ_495.mp4,external/VideoHallucer/videohallucer_datasets/external_nonfactual/videos/89ts_Imt3RQ_495.mp4,yes,no,True
enfh,enfh:149,enfh:149:basic,enfh:149:hallucination,external/VideoHallucer/videohallucer_datasets/external_nonfactual/videos/u5jaZGLTPSA.mp4,external/VideoHallucer/videohallucer_datasets/external_nonfactual/videos/u5jaZGLTPSA.mp4,yes,no,True
enfh,enfh:15,enfh:15:basic,enfh:15:hallucination,external/VideoHallucer/videohallucer_datasets/external_nonfactual/videos/gXINt_KMK3M_2733.mp4,external/VideoHallucer/videohallucer_datasets/external_nonfactual/videos/gXINt_KMK3M_2733.mp4,yes,no,True
enfh,enfh:150,enfh:150:basic,enfh:150:hallucination,external/VideoHallucer/videohallucer_datasets/external_nonfactual/videos/Chapter_3_-_Considerations_for_Your_Ethical_Framework-en.mp4,external/VideoHallucer/videohallucer_datasets/external_nonfactual/videos/Chapter_3_-_Considerations_for_Your_Ethical_Framework-en.mp4,yes,no,True
enfh,enfh:151,enfh:151:basic,enfh:151:hallucination,external/VideoHallucer/videohallucer_datasets/external_nonfactual/videos/Chapter_2_-_Call_to_Action_for_Ethics_in_AI-en.mp4,external/VideoHallucer/videohallucer_datasets/external_nonfactual/videos/Chapter_2_-_Call_to_Action_for_Ethics_in_AI-en.mp4,yes,no,True
enfh,enfh:152,enfh:152:basic,enfh:152:hallucination,external/VideoHallucer/videohallucer_datasets/external_nonfactual/videos/Chapter_1_-_Drivers_for_AI__Data_Science-en.mp4,external/VideoHallucer/videohallucer_datasets/external_nonfactual/videos/Chapter_1_-_Drivers_for_AI__Data_Science-en.mp4,yes,no,True
enfh,enfh:153,enfh:153:basic,enfh:153:hallucination,external/VideoHallucer/videohallucer_datasets/external_nonfactual/videos/Welcome_to_LFS112x-en.mp4,external/VideoHallucer/videohallucer_datasets/external_nonfactual/videos/Welcome_to_LFS112x-en.mp4,yes,no,True
enfh,enfh:154,enfh:154:basic,enfh:154:hallucination,external/VideoHallucer/videohallucer_datasets/external_nonfactual/videos/W3CHTM52T415-V000200_DTH_webedx.mp4,external/VideoHallucer/videohallucer_datasets/external_nonfactual/videos/W3CHTM52T415-V000200_DTH_webedx.mp4,yes,no,True
enfh,enfh:155,enfh:155:basic,enfh:155:hallucination,external/VideoHallucer/videohallucer_datasets/external_nonfactual/videos/MicrosoftDEV290x-V000300_DTH.mp4,external/VideoHallucer/videohallucer_datasets/external_nonfactual/videos/MicrosoftDEV290x-V000300_DTH.mp4,yes,no,True
enfh,enfh:156,enfh:156:basic,enfh:156:hallucination,external/VideoHallucer/videohallucer_datasets/external_nonfactual/videos/MicrosoftDEV290x-V000900_DTH.mp4,external/VideoHallucer/videohallucer_datasets/external_nonfactual/videos/MicrosoftDEV290x-V000900_DTH.mp4,yes,no,True
enfh,enfh:157,enfh:157:basic,enfh:157:hallucination,external/VideoHallucer/videohallucer_datasets/external_nonfactual/videos/IOT1x_M0_Welcome_Iain-en.mp4,external/VideoHallucer/videohallucer_datasets/external_nonfactual/videos/IOT1x_M0_Welcome_Iain-en.mp4,yes,no,True
enfh,enfh:158,enfh:158:basic,enfh:158:hallucination,external/VideoHallucer/videohallucer_datasets/external_nonfactual/videos/MicrosoftDEV290x-V000200_DTH.mp4,external/VideoHallucer/videohallucer_datasets/external_nonfactual/videos/MicrosoftDEV290x-V000200_DTH.mp4,yes,no,True
enfh,enfh:159,enfh:159:basic,enfh:159:hallucination,external/VideoHallucer/videohallucer_datasets/external_nonfactual/videos/Crash_Course_Engineering_Preview_-_English.mp4,external/VideoHallucer/videohallucer_datasets/external_nonfactual/videos/Crash_Course_Engineering_Preview_-_English.mp4,yes,no,True
enfh,enfh:16,enfh:16:basic,enfh:16:hallucination,external/VideoHallucer/videohallucer_datasets/external_nonfactual/videos/o8HaMr9E8J8_2707.mp4,external/VideoHallucer/videohallucer_datasets/external_nonfactual/videos/o8HaMr9E8J8_2707.mp4,yes,no,True
enfh,enfh:160,enfh:160:basic,enfh:160:hallucination,external/VideoHallucer/videohallucer_datasets/external_nonfactual/videos/IOT1x_M1_Animation-en.mp4,external/VideoHallucer/videohallucer_datasets/external_nonfactual/videos/IOT1x_M1_Animation-en.mp4,yes,no,True
enfh,enfh:161,enfh:161:basic,enfh:161:hallucination,external/VideoHallucer/videohallucer_datasets/external_nonfactual/videos/IOT1x_M1.3_CS_Agriculture_Intro-en.mp4,external/VideoHallucer/videohallucer_datasets/external_nonfactual/videos/IOT1x_M1.3_CS_Agriculture_Intro-en.mp4,yes,no,True
enfh,enfh:162,enfh:162:basic,enfh:162:hallucination,external/VideoHallucer/videohallucer_datasets/external_nonfactual/videos/IOT1x_M1.3_CS_Health_Intro-en.mp4,external/VideoHallucer/videohallucer_datasets/external_nonfactual/videos/IOT1x_M1.3_CS_Health_Intro-en.mp4,yes,no,True
enfh,enfh:163,enfh:163:basic,enfh:163:hallucination,external/VideoHallucer/videohallucer_datasets/external_nonfactual/videos/IOT1x_M2.1_CS_FootDrop_Sensors_V2-en.mp4,external/VideoHallucer/videohallucer_datasets/external_nonfactual/videos/IOT1x_M2.1_CS_FootDrop_Sensors_V2-en.mp4,yes,no,True
enfh,enfh:164,enfh:164:basic,enfh:164:hallucination,external/VideoHallucer/videohallucer_datasets/external_nonfactual/videos/MicrosoftDEV290x-V001300_DTH.mp4,external/VideoHallucer/videohallucer_datasets/external_nonfactual/videos/MicrosoftDEV290x-V001300_DTH.mp4,yes,no,True
enfh,enfh:165,enfh:165:basic,enfh:165:hallucination,external/VideoHallucer/videohallucer_datasets/external_nonfactual/videos/W3CHTM52T415-V000800_DTH_webedx.mp4,external/VideoHallucer/videohallucer_datasets/external_nonfactual/videos/W3CHTM52T415-V000800_DTH_webedx.mp4,yes,no,True
enfh,enfh:166,enfh:166:basic,enfh:166:hallucination,external/VideoHallucer/videohallucer_datasets/external_nonfactual/videos/IOT1x_M2.3_Demo_City_Scenario-en.mp4,external/VideoHallucer/videohallucer_datasets/external_nonfactual/videos/IOT1x_M2.3_Demo_City_Scenario-en.mp4,yes,no,True
enfh,enfh:167,enfh:167:basic,enfh:167:hallucination,external/VideoHallucer/videohallucer_datasets/external_nonfactual/videos/IOT1x_M2.3_Demo_Home_Scenario-en.mp4,external/VideoHallucer/videohallucer_datasets/external_nonfactual/videos/IOT1x_M2.3_Demo_Home_Scenario-en.mp4,yes,no,True
enfh,enfh:168,enfh:168:basic,enfh:168:hallucination,external/VideoHallucer/videohallucer_datasets/external_nonfactual/videos/IOT1x_M2_Animation_Final-en.mp4,external/VideoHallucer/videohallucer_datasets/external_nonfactual/videos/IOT1x_M2_Animation_Final-en.mp4,yes,no,True
enfh,enfh:169,enfh:169:basic,enfh:169:hallucination,external/VideoHallucer/videohallucer_datasets/external_nonfactual/videos/W3CHTM52T415-V001100_DTH_webedx.mp4,external/VideoHallucer/videohallucer_datasets/external_nonfactual/videos/W3CHTM52T415-V001100_DTH_webedx.mp4,yes,no,True
enfh,enfh:17,enfh:17:basic,enfh:17:hallucination,external/VideoHallucer/videohallucer_datasets/external_nonfactual/videos/kchoaU2HL-o.mp4,external/VideoHallucer/videohallucer_datasets/external_nonfactual/videos/kchoaU2HL-o.mp4,yes,no,True
enfh,enfh:170,enfh:170:basic,enfh:170:hallucination,external/VideoHallucer/videohallucer_datasets/external_nonfactual/videos/The_Story_of_Linux-en.mp4,external/VideoHallucer/videohallucer_datasets/external_nonfactual/videos/The_Story_of_Linux-en.mp4,yes,no,True
enfh,enfh:171,enfh:171:basic,enfh:171:hallucination,external/VideoHallucer/videohallucer_datasets/external_nonfactual/videos/MicrosoftDEV290x-V000500_DTH.mp4,external/VideoHallucer/videohallucer_datasets/external_nonfactual/videos/MicrosoftDEV290x-V000500_DTH.mp4,yes,no,True
enfh,enfh:172,enfh:172:basic,enfh:172:hallucination,external/VideoHallucer/videohallucer_datasets/external_nonfactual/videos/How_Linux_is_Built-en.mp4,external/VideoHallucer/videohallucer_datasets/external_nonfactual/videos/How_Linux_is_Built-en.mp4,yes,no,True
enfh,enfh:173,enfh:173:basic,enfh:173:hallucination,external/VideoHallucer/videohallucer_datasets/external_nonfactual/videos/IOT1x_M2.3_Demo_Industrial_Scenario-en.mp4,external/VideoHallucer/videohallucer_datasets/external_nonfactual/videos/IOT1x_M2.3_Demo_Industrial_Scenario-en.mp4,yes,no,True
enfh,enfh:174,enfh:174:basic,enfh:174:hallucination,external/VideoHallucer/videohallucer_datasets/external_nonfactual/videos/Crash_Course_History_of_Science_Preview_-_English.mp4,external/VideoHallucer/videohallucer_datasets/external_nonfactual/videos/Crash_Course_History_of_Science_Preview_-_English.mp4,yes,no,True
enfh,enfh:175,enfh:175:basic,enfh:175:hallucination,external/VideoHallucer/videohallucer_datasets/external_nonfactual/videos/MicrosoftDEV290x-V000400_DTH.mp4,external/VideoHallucer/videohallucer_datasets/external_nonfactual/videos/MicrosoftDEV290x-V000400_DTH.mp4,yes,no,True
enfh,enfh:176,enfh:176:basic,enfh:176:hallucination,external/VideoHallucer/videohallucer_datasets/external_nonfactual/videos/IOT1x_M1.4_Assistive_Benefits-en.mp4,external/VideoHallucer/videohallucer_datasets/external_nonfactual/videos/IOT1x_M1.4_Assistive_Benefits-en.mp4,yes,no,True
enfh,enfh:177,enfh:177:basic,enfh:177:hallucination,external/VideoHallucer/videohallucer_datasets/external_nonfactual/videos/HarvardXPH526x-V002500_DTH_pythedx.mp4,external/VideoHallucer/videohallucer_datasets/external_nonfactual/videos/HarvardXPH526x-V002500_DTH_pythedx.mp4,yes,no,True
enfh,enfh:178,enfh:178:basic,enfh:178:hallucination,external/VideoHallucer/videohallucer_datasets/external_nonfactual/videos/W3CHTM52T415-V000500_DTH_webedx.mp4,external/VideoHallucer/videohallucer_datasets/external_nonfactual/videos/W3CHTM52T415-V000500_DTH_webedx.mp4,yes,no,True
enfh,enfh:179,enfh:179:basic,enfh:179:hallucination,external/VideoHallucer/videohallucer_datasets/external_nonfactual/videos/IOT1x_M2.1_Demo_PT_Intro-en.mp4,external/VideoHallucer/videohallucer_datasets/external_nonfactual/videos/IOT1x_M2.1_Demo_PT_Intro-en.mp4,yes,no,True
enfh,enfh:18,enfh:18:basic,enfh:18:hallucination,external/VideoHallucer/videohallucer_datasets/external_nonfactual/videos/lwdypoLpMW4_8929.mp4,external/VideoHallucer/videohallucer_datasets/external_nonfactual/videos/lwdypoLpMW4_8929.mp4,yes,no,True
enfh,enfh:180,enfh:180:basic,enfh:180:hallucination,external/VideoHallucer/videohallucer_datasets/external_nonfactual/videos/IOT1x_M2.1_CS_KIP_Sensors-en.mp4,external/VideoHallucer/videohallucer_datasets/external_nonfactual/videos/IOT1x_M2.1_CS_KIP_Sensors-en.mp4,yes,no,True
enfh,enfh:181,enfh:181:basic,enfh:181:hallucination,external/VideoHallucer/videohallucer_datasets/external_nonfactual/videos/W3CHTM52T415-V000600_DTH_webedx.mp4,external/VideoHallucer/videohallucer_datasets/external_nonfactual/videos/W3CHTM52T415-V000600_DTH_webedx.mp4,yes,no,True
enfh,enfh:182,enfh:182:basic,enfh:182:hallucination,external/VideoHallucer/videohallucer_datasets/external_nonfactual/videos/W3CHTM52T415-V000900_DTH_webedx.mp4,external/VideoHallucer/videohallucer_datasets/external_nonfactual/videos/W3CHTM52T415-V000900_DTH_webedx.mp4,yes,no,True
enfh,enfh:183,enfh:183:basic,enfh:183:hallucination,external/VideoHallucer/videohallucer_datasets/external_nonfactual/videos/HarvardXPH526x-V002200_DTH_pythedx.mp4,external/VideoHallucer/videohallucer_datasets/external_nonfactual/videos/HarvardXPH526x-V002200_DTH_pythedx.mp4,yes,no,True
enfh,enfh:184,enfh:184:basic,enfh:184:hallucination,external/VideoHallucer/videohallucer_datasets/external_nonfactual/videos/IOT1x_M2_Intro_Iain-en.mp4,external/VideoHallucer/videohallucer_datasets/external_nonfactual/videos/IOT1x_M2_Intro_Iain-en.mp4,yes,no,True
enfh,enfh:185,enfh:185:basic,enfh:185:hallucination,external/VideoHallucer/videohallucer_datasets/external_nonfactual/videos/MicrosoftDEV290x-V001400_DTH.mp4,external/VideoHallucer/videohallucer_datasets/external_nonfactual/videos/MicrosoftDEV290x-V001400_DTH.mp4,yes,no,True
enfh,enfh:186,enfh:186:basic,enfh:186:hallucination,external/VideoHallucer/videohallucer_datasets/external_nonfactual/videos/MicrosoftDEV290x-V000100_DTH.mp4,external/VideoHallucer/videohallucer_datasets/external_nonfactual/videos/MicrosoftDEV290x-V000100_DTH.mp4,yes,no,True
enfh,enfh:187,enfh:187:basic,enfh:187:hallucination,external/VideoHallucer/videohallucer_datasets/external_nonfactual/videos/W3CHTM52T415-V001400_DTH_webedx.mp4,external/VideoHallucer/videohallucer_datasets/external_nonfactual/videos/W3CHTM52T415-V001400_DTH_webedx.mp4,yes,no,True
enfh,enfh:188,enfh:188:basic,enfh:188:hallucination,external/VideoHallucer/videohallucer_datasets/external_nonfactual/videos/IOT1x_M2.1_CS_Remote_Sensors-en.mp4,external/VideoHallucer/videohallucer_datasets/external_nonfactual/videos/IOT1x_M2.1_CS_Remote_Sensors-en.mp4,yes,no,True
enfh,enfh:189,enfh:189:basic,enfh:189:hallucination,external/VideoHallucer/videohallucer_datasets/external_nonfactual/videos/Cisco_-_Sydney_Harbour_Bridge_Case_Study_2Dk352Cc7yw_1080p.mp4,external/VideoHallucer/videohallucer_datasets/external_nonfactual/videos/Cisco_-_Sydney_Harbour_Bridge_Case_Study_2Dk352Cc7yw_1080p.mp4,yes,no,True
enfh,enfh:19,enfh:19:basic,enfh:19:hallucination,external/VideoHallucer/videohallucer_datasets/external_nonfactual/videos/WQlMXudBGT4_5244.mp4,external/VideoHallucer/videohallucer_datasets/external_nonfactual/videos/WQlMXudBGT4_5244.mp4,yes,no,True
enfh,enfh:190,enfh:190:basic,enfh:190:hallucination,external/VideoHallucer/videohallucer_datasets/external_nonfactual/videos/W3CHTM52T415-V000700_DTH_webedx.mp4,external/VideoHallucer/videohallucer_datasets/external_nonfactual/videos/W3CHTM52T415-V000700_DTH_webedx.mp4,yes,no,True
enfh,enfh:191,enfh:191:basic,enfh:191:hallucination,external/VideoHallucer/videohallucer_datasets/external_nonfactual/videos/Cisco_Helps_Mining_Companies_Streamline_Operations.mp4,external/VideoHallucer/videohallucer_datasets/external_nonfactual/videos/Cisco_Helps_Mining_Companies_Streamline_Operations.mp4,yes,no,True
enfh,enfh:192,enfh:192:basic,enfh:192:hallucination,external/VideoHallucer/videohallucer_datasets/external_nonfactual/videos/W3CHTM52T415-V001200_DTH_webedx.mp4,external/VideoHallucer/videohallucer_datasets/external_nonfactual/videos/W3CHTM52T415-V001200_DTH_webedx.mp4,yes,no,True
enfh,enfh:193,enfh:193:basic,enfh:193:hallucination,external/VideoHallucer/videohallucer_datasets/external_nonfactual/videos/W3CHTM52T415-V001000_DTH_webedx.mp4,external/VideoHallucer/videohallucer_datasets/external_nonfactual/videos/W3CHTM52T415-V001000_DTH_webedx.mp4,yes,no,True
enfh,enfh:194,enfh:194:basic,enfh:194:hallucination,external/VideoHallucer/videohallucer_datasets/external_nonfactual/videos/MicrosoftDEV290x-V001000_DTH.mp4,external/VideoHallucer/videohallucer_datasets/external_nonfactual/videos/MicrosoftDEV290x-V001000_DTH.mp4,yes,no,True
enfh,enfh:195,enfh:195:basic,enfh:195:hallucination,external/VideoHallucer/videohallucer_datasets/external_nonfactual/videos/IOT1x_M1.3_CS_Industry_Intro-en.mp4,external/VideoHallucer/videohallucer_datasets/external_nonfactual/videos/IOT1x_M1.3_CS_Industry_Intro-en.mp4,yes,no,True
enfh,enfh:196,enfh:196:basic,enfh:196:hallucination,external/VideoHallucer/videohallucer_datasets/external_nonfactual/videos/HarvardXPH526x-V001500_DTH_pythedx.mp4,external/VideoHallucer/videohallucer_datasets/external_nonfactual/videos/HarvardXPH526x-V001500_DTH_pythedx.mp4,yes,no,True
enfh,enfh:197,enfh:197:basic,enfh:197:hallucination,external/VideoHallucer/videohallucer_datasets/external_nonfactual/videos/MicrosoftDEV290x-V001100_DTH.mp4,external/VideoHallucer/videohallucer_datasets/external_nonfactual/videos/MicrosoftDEV290x-V001100_DTH.mp4,yes,no,True
enfh,enfh:198,enfh:198:basic,enfh:198:hallucination,external/VideoHallucer/videohallucer_datasets/external_nonfactual/videos/HarvardXPH526x-V002100_DTH_pythedx.mp4,external/VideoHallucer/videohallucer_datasets/external_nonfactual/videos/HarvardXPH526x-V002100_DTH_pythedx.mp4,yes,no,True
enfh,enfh:199,enfh:199:basic,enfh:199:hallucination,external/VideoHallucer/videohallucer_datasets/external_nonfactual/videos/Civil_Engineering__Crash_Course_Engineering_2_-_English.mp4,external/VideoHallucer/videohallucer_datasets/external_nonfactual/videos/Civil_Engineering__Crash_Course_Engineering_2_-_English.mp4,yes,no,True
enfh,enfh:2,enfh:2:basic,enfh:2:hallucination,external/VideoHallucer/videohallucer_datasets/external_nonfactual/videos/bmZB3aszZlA_6801.mp4,external/VideoHallucer/videohallucer_datasets/external_nonfactual/videos/bmZB3aszZlA_6801.mp4,yes,no,True
enfh,enfh:20,enfh:20:basic,enfh:20:hallucination,external/VideoHallucer/videohallucer_datasets/external_nonfactual/videos/NAMZY2LbeFY_5518.mp4,external/VideoHallucer/videohallucer_datasets/external_nonfactual/videos/NAMZY2LbeFY_5518.mp4,yes,no,True
enfh,enfh:21,enfh:21:basic,enfh:21:hallucination,external/VideoHallucer/videohallucer_datasets/external_nonfactual/videos/5cn9KJfaQXk.mp4,external/VideoHallucer/videohallucer_datasets/external_nonfactual/videos/5cn9KJfaQXk.mp4,yes,no,True
enfh,enfh:22,enfh:22:basic,enfh:22:hallucination,external/VideoHallucer/videohallucer_datasets/external_nonfactual/videos/_Vzpj0cXoSM_9508.mp4,external/VideoHallucer/videohallucer_datasets/external_nonfactual/videos/_Vzpj0cXoSM_9508.mp4,yes,no,True
enfh,enfh:23,enfh:23:basic,enfh:23:hallucination,external/VideoHallucer/videohallucer_datasets/external_nonfactual/videos/-k7trpuj3X8_4344.mp4,external/VideoHallucer/videohallucer_datasets/external_nonfactual/videos/-k7trpuj3X8_4344.mp4,yes,no,True
enfh,enfh:24,enfh:24:basic,enfh:24:hallucination,external/VideoHallucer/videohallucer_datasets/external_nonfactual/videos/2iWUUcW08ac_9037.mp4,external/VideoHallucer/videohallucer_datasets/external_nonfactual/videos/2iWUUcW08ac_9037.mp4,yes,no,True
enfh,enfh:25,enfh:25:basic,enfh:25:hallucination,external/VideoHallucer/videohallucer_datasets/external_nonfactual/videos/ucaCmhNo78k.mp4,external/VideoHallucer/videohallucer_datasets/external_nonfactual/videos/ucaCmhNo78k.mp4,yes,no,True
enfh,enfh:26,enfh:26:basic,enfh:26:hallucination,external/VideoHallucer/videohallucer_datasets/external_nonfactual/videos/ffhliBglDhY_4323.mp4,external/VideoHallucer/videohallucer_datasets/external_nonfactual/videos/ffhliBglDhY_4323.mp4,yes,no,True
enfh,enfh:27,enfh:27:basic,enfh:27:hallucination,external/VideoHallucer/videohallucer_datasets/external_nonfactual/videos/xhXcJ6bhX2w_6113.mp4,external/VideoHallucer/videohallucer_datasets/external_nonfactual/videos/xhXcJ6bhX2w_6113.mp4,yes,no,True
enfh,enfh:28,enfh:28:basic,enfh:28:hallucination,external/VideoHallucer/videohallucer_datasets/external_nonfactual/videos/wHWDBQ9_7FU_5243.mp4,external/VideoHallucer/videohallucer_datasets/external_nonfactual/videos/wHWDBQ9_7FU_5243.mp4,yes,no,True
enfh,enfh:29,enfh:29:basic,enfh:29:hallucination,external/VideoHallucer/videohallucer_datasets/external_nonfactual/videos/GmkRlWA2kGI.mp4,external/VideoHallucer/videohallucer_datasets/external_nonfactual/videos/GmkRlWA2kGI.mp4,yes,no,True
enfh,enfh:3,enfh:3:basic,enfh:3:hallucination,external/VideoHallucer/videohallucer_datasets/external_nonfactual/videos/iq7aiv9MPvA_10288.mp4,external/VideoHallucer/videohallucer_datasets/external_nonfactual/videos/iq7aiv9MPvA_10288.mp4,yes,no,True
enfh,enfh:30,enfh:30:basic,enfh:30:hallucination,external/VideoHallucer/videohallucer_datasets/external_nonfactual/videos/T_fPNAK5Ecg_15117.mp4,external/VideoHallucer/videohallucer_datasets/external_nonfactual/videos/T_fPNAK5Ecg_15117.mp4,yes,no,True
enfh,enfh:31,enfh:31:basic,enfh:31:hallucination,external/VideoHallucer/videohallucer_datasets/external_nonfactual/videos/7R5MVNE-ePU_6501.mp4,external/VideoHallucer/videohallucer_datasets/external_nonfactual/videos/7R5MVNE-ePU_6501.mp4,yes,no,True
enfh,enfh:32,enfh:32:basic,enfh:32:hallucination,external/VideoHallucer/videohallucer_datasets/external_nonfactual/videos/CWxjNRIKjA0_3325.mp4,external/VideoHallucer/videohallucer_datasets/external_nonfactual/videos/CWxjNRIKjA0_3325.mp4,yes,no,True
enfh,enfh:33,enfh:33:basic,enfh:33:hallucination,external/VideoHallucer/videohallucer_datasets/external_nonfactual/videos/vSRZRp2Ovqc_3834.mp4,external/VideoHallucer/videohallucer_datasets/external_nonfactual/videos/vSRZRp2Ovqc_3834.mp4,yes,no,True
enfh,enfh:34,enfh:34:basic,enfh:34:hallucination,external/VideoHallucer/videohallucer_datasets/external_nonfactual/videos/05ZSU-5UkXw_3804.mp4,external/VideoHallucer/videohallucer_datasets/external_nonfactual/videos/05ZSU-5UkXw_3804.mp4,yes,no,True
enfh,enfh:35,enfh:35:basic,enfh:35:hallucination,external/VideoHallucer/videohallucer_datasets/external_nonfactual/videos/KYoelaJY5LA_3894.mp4,external/VideoHallucer/videohallucer_datasets/external_nonfactual/videos/KYoelaJY5LA_3894.mp4,yes,no,True
enfh,enfh:36,enfh:36:basic,enfh:36:hallucination,external/VideoHallucer/videohallucer_datasets/external_nonfactual/videos/y4y22RQH05c_10799.mp4,external/VideoHallucer/videohallucer_datasets/external_nonfactual/videos/y4y22RQH05c_10799.mp4,yes,no,True
enfh,enfh:37,enfh:37:basic,enfh:37:hallucination,external/VideoHallucer/videohallucer_datasets/external_nonfactual/videos/rKtI8FQGhHo.mp4,external/VideoHallucer/videohallucer_datasets/external_nonfactual/videos/rKtI8FQGhHo.mp4,yes,no,True
enfh,enfh:38,enfh:38:basic,enfh:38:hallucination,external/VideoHallucer/videohallucer_datasets/external_nonfactual/videos/sj4BJSnjubc.mp4,external/VideoHallucer/videohallucer_datasets/external_nonfactual/videos/sj4BJSnjubc.mp4,yes,no,True
enfh,enfh:39,enfh:39:basic,enfh:39:hallucination,external/VideoHallucer/videohallucer_datasets/external_nonfactual/videos/Jtusyjv7GiY_7198.mp4,external/VideoHallucer/videohallucer_datasets/external_nonfactual/videos/Jtusyjv7GiY_7198.mp4,yes,no,True
enfh,enfh:4,enfh:4:basic,enfh:4:hallucination,external/VideoHallucer/videohallucer_datasets/external_nonfactual/videos/02nUKT0A7uE_6202.mp4,external/VideoHallucer/videohallucer_datasets/external_nonfactual/videos/02nUKT0A7uE_6202.mp4,yes,no,True
enfh,enfh:40,enfh:40:basic,enfh:40:hallucination,external/VideoHallucer/videohallucer_datasets/external_nonfactual/videos/GgM8IIglBLw_7669.mp4,external/VideoHallucer/videohallucer_datasets/external_nonfactual/videos/GgM8IIglBLw_7669.mp4,yes,no,True
enfh,enfh:41,enfh:41:basic,enfh:41:hallucination,external/VideoHallucer/videohallucer_datasets/external_nonfactual/videos/Y2HYSmo4KaI_5324.mp4,external/VideoHallucer/videohallucer_datasets/external_nonfactual/videos/Y2HYSmo4KaI_5324.mp4,yes,no,True
enfh,enfh:42,enfh:42:basic,enfh:42:hallucination,external/VideoHallucer/videohallucer_datasets/external_nonfactual/videos/QKjmdrMA2t8_6472.mp4,external/VideoHallucer/videohallucer_datasets/external_nonfactual/videos/QKjmdrMA2t8_6472.mp4,yes,no,True
enfh,enfh:43,enfh:43:basic,enfh:43:hallucination,external/VideoHallucer/videohallucer_datasets/external_nonfactual/videos/J7gBorrGvDU.mp4,external/VideoHallucer/videohallucer_datasets/external_nonfactual/videos/J7gBorrGvDU.mp4,yes,no,True
enfh,enfh:44,enfh:44:basic,enfh:44:hallucination,external/VideoHallucer/videohallucer_datasets/external_nonfactual/videos/i0qYuhtSQHI.mp4,external/VideoHallucer/videohallucer_datasets/external_nonfactual/videos/i0qYuhtSQHI.mp4,yes,no,True
enfh,enfh:45,enfh:45:basic,enfh:45:hallucination,external/VideoHallucer/videohallucer_datasets/external_nonfactual/videos/4Zl5NvXPi-0.mp4,external/VideoHallucer/videohallucer_datasets/external_nonfactual/videos/4Zl5NvXPi-0.mp4,yes,no,True
enfh,enfh:46,enfh:46:basic,enfh:46:hallucination,external/VideoHallucer/videohallucer_datasets/external_nonfactual/videos/efnHOsT7k9s_3724.mp4,external/VideoHallucer/videohallucer_datasets/external_nonfactual/videos/efnHOsT7k9s_3724.mp4,yes,no,True
enfh,enfh:47,enfh:47:basic,enfh:47:hallucination,external/VideoHallucer/videohallucer_datasets/external_nonfactual/videos/qkluMpILLdQ.mp4,external/VideoHallucer/videohallucer_datasets/external_nonfactual/videos/qkluMpILLdQ.mp4,yes,no,True
enfh,enfh:48,enfh:48:basic,enfh:48:hallucination,external/VideoHallucer/videohallucer_datasets/external_nonfactual/videos/84i8Qdnyd0k_4074.mp4,external/VideoHallucer/videohallucer_datasets/external_nonfactual/videos/84i8Qdnyd0k_4074.mp4,yes,no,True
enfh,enfh:49,enfh:49:basic,enfh:49:hallucination,external/VideoHallucer/videohallucer_datasets/external_nonfactual/videos/QYl_wwBKt18.mp4,external/VideoHallucer/videohallucer_datasets/external_nonfactual/videos/QYl_wwBKt18.mp4,yes,no,True
enfh,enfh:5,enfh:5:basic,enfh:5:hallucination,external/VideoHallucer/videohallucer_datasets/external_nonfactual/videos/95WMX64RIBc_7865.mp4,external/VideoHallucer/videohallucer_datasets/external_nonfactual/videos/95WMX64RIBc_7865.mp4,yes,no,True
enfh,enfh:50,enfh:50:basic,enfh:50:hallucination,external/VideoHallucer/videohallucer_datasets/external_nonfactual/videos/ljyO7IaGWLY_7815.mp4,external/VideoHallucer/videohallucer_datasets/external_nonfactual/videos/ljyO7IaGWLY_7815.mp4,yes,no,True
enfh,enfh:51,enfh:51:basic,enfh:51:hallucination,external/VideoHallucer/videohallucer_datasets/external_nonfactual/videos/88YovCsnMxs_2277.mp4,external/VideoHallucer/videohallucer_datasets/external_nonfactual/videos/88YovCsnMxs_2277.mp4,yes,no,True
enfh,enfh:52,enfh:52:basic,enfh:52:hallucination,external/VideoHallucer/videohallucer_datasets/external_nonfactual/videos/pNAwkqm4t3A_2699.mp4,external/VideoHallucer/videohallucer_datasets/external_nonfactual/videos/pNAwkqm4t3A_2699.mp4,yes,no,True
enfh,enfh:53,enfh:53:basic,enfh:53:hallucination,external/VideoHallucer/videohallucer_datasets/external_nonfactual/videos/G-AUY-jWzck_5337.mp4,external/VideoHallucer/videohallucer_datasets/external_nonfactual/videos/G-AUY-jWzck_5337.mp4,yes,no,True
enfh,enfh:54,enfh:54:basic,enfh:54:hallucination,external/VideoHallucer/videohallucer_datasets/external_nonfactual/videos/oDsUh1es_lo_1366.mp4,external/VideoHallucer/videohallucer_datasets/external_nonfactual/videos/oDsUh1es_lo_1366.mp4,yes,no,True
enfh,enfh:55,enfh:55:basic,enfh:55:hallucination,external/VideoHallucer/videohallucer_datasets/external_nonfactual/videos/hs2h7nb5PHQ_6053.mp4,external/VideoHallucer/videohallucer_datasets/external_nonfactual/videos/hs2h7nb5PHQ_6053.mp4,yes,no,True
enfh,enfh:56,enfh:56:basic,enfh:56:hallucination,external/VideoHallucer/videohallucer_datasets/external_nonfactual/videos/5VnaolWGIy4_2816.mp4,external/VideoHallucer/videohallucer_datasets/external_nonfactual/videos/5VnaolWGIy4_2816.mp4,yes,no,True
enfh,enfh:57,enfh:57:basic,enfh:57:hallucination,external/VideoHallucer/videohallucer_datasets/external_nonfactual/videos/RWtVm_5_D2s_4972.mp4,external/VideoHallucer/videohallucer_datasets/external_nonfactual/videos/RWtVm_5_D2s_4972.mp4,yes,no,True
enfh,enfh:58,enfh:58:basic,enfh:58:hallucination,external/VideoHallucer/videohallucer_datasets/external_nonfactual/videos/NK2tAXi3cT4_13185.mp4,external/VideoHallucer/videohallucer_datasets/external_nonfactual/videos/NK2tAXi3cT4_13185.mp4,yes,no,True
enfh,enfh:59,enfh:59:basic,enfh:59:hallucination,external/VideoHallucer/videohallucer_datasets/external_nonfactual/videos/4nxbRG6-sfw_7280.mp4,external/VideoHallucer/videohallucer_datasets/external_nonfactual/videos/4nxbRG6-sfw_7280.mp4,yes,no,True
enfh,enfh:6,enfh:6:basic,enfh:6:hallucination,external/VideoHallucer/videohallucer_datasets/external_nonfactual/videos/0ShsPjf9shQ_4136.mp4,external/VideoHallucer/videohallucer_datasets/external_nonfactual/videos/0ShsPjf9shQ_4136.mp4,yes,no,True
enfh,enfh:60,enfh:60:basic,enfh:60:hallucination,external/VideoHallucer/videohallucer_datasets/external_nonfactual/videos/HBUz55JRRm8_18671.mp4,external/VideoHallucer/videohallucer_datasets/external_nonfactual/videos/HBUz55JRRm8_18671.mp4,yes,no,True
enfh,enfh:61,enfh:61:basic,enfh:61:hallucination,external/VideoHallucer/videohallucer_datasets/external_nonfactual/videos/hLTNXDKU_Pk_2606.mp4,external/VideoHallucer/videohallucer_datasets/external_nonfactual/videos/hLTNXDKU_Pk_2606.mp4,yes,no,True
enfh,enfh:62,enfh:62:basic,enfh:62:hallucination,external/VideoHallucer/videohallucer_datasets/external_nonfactual/videos/MCtF5tRCRUk_6374.mp4,external/VideoHallucer/videohallucer_datasets/external_nonfactual/videos/MCtF5tRCRUk_6374.mp4,yes,no,True
enfh,enfh:63,enfh:63:basic,enfh:63:hallucination,external/VideoHallucer/videohallucer_datasets/external_nonfactual/videos/Dao0vasGPMQ.mp4,external/VideoHallucer/videohallucer_datasets/external_nonfactual/videos/Dao0vasGPMQ.mp4,yes,no,True
enfh,enfh:64,enfh:64:basic,enfh:64:hallucination,external/VideoHallucer/videohallucer_datasets/external_nonfactual/videos/sv8jRCmi3Ro_6400.mp4,external/VideoHallucer/videohallucer_datasets/external_nonfactual/videos/sv8jRCmi3Ro_6400.mp4,yes,no,True
enfh,enfh:65,enfh:65:basic,enfh:65:hallucination,external/VideoHallucer/videohallucer_datasets/external_nonfactual/videos/3aFiXsrKSoQ.mp4,external/VideoHallucer/videohallucer_datasets/external_nonfactual/videos/3aFiXsrKSoQ.mp4,yes,no,True
enfh,enfh:66,enfh:66:basic,enfh:66:hallucination,external/VideoHallucer/videohallucer_datasets/external_nonfactual/videos/M8SHMUBnm4A_5424.mp4,external/VideoHallucer/videohallucer_datasets/external_nonfactual/videos/M8SHMUBnm4A_5424.mp4,yes,no,True
enfh,enfh:67,enfh:67:basic,enfh:67:hallucination,external/VideoHallucer/videohallucer_datasets/external_nonfactual/videos/c4WaDsqP38k.mp4,external/VideoHallucer/videohallucer_datasets/external_nonfactual/videos/c4WaDsqP38k.mp4,yes,no,True
enfh,enfh:68,enfh:68:basic,enfh:68:hallucination,external/VideoHallucer/videohallucer_datasets/external_nonfactual/videos/MPCU71Hg-i4_1287.mp4,external/VideoHallucer/videohallucer_datasets/external_nonfactual/videos/MPCU71Hg-i4_1287.mp4,yes,no,True
enfh,enfh:69,enfh:69:basic,enfh:69:hallucination,external/VideoHallucer/videohallucer_datasets/external_nonfactual/videos/_ilIn1kmNSA_2207.mp4,external/VideoHallucer/videohallucer_datasets/external_nonfactual/videos/_ilIn1kmNSA_2207.mp4,yes,no,True
enfh,enfh:7,enfh:7:basic,enfh:7:hallucination,external/VideoHallucer/videohallucer_datasets/external_nonfactual/videos/6XBocXgvfTs_2876.mp4,external/VideoHallucer/videohallucer_datasets/external_nonfactual/videos/6XBocXgvfTs_2876.mp4,yes,no,True
enfh,enfh:70,enfh:70:basic,enfh:70:hallucination,external/VideoHallucer/videohallucer_datasets/external_nonfactual/videos/JPbFE731Y0c_4793.mp4,external/VideoHallucer/videohallucer_datasets/external_nonfactual/videos/JPbFE731Y0c_4793.mp4,yes,no,True
enfh,enfh:71,enfh:71:basic,enfh:71:hallucination,external/VideoHallucer/videohallucer_datasets/external_nonfactual/videos/PTpRTJKAEoI_4823.mp4,external/VideoHallucer/videohallucer_datasets/external_nonfactual/videos/PTpRTJKAEoI_4823.mp4,yes,no,True
enfh,enfh:72,enfh:72:basic,enfh:72:hallucination,external/VideoHallucer/videohallucer_datasets/external_nonfactual/videos/tPLVNKgs8Lk_4614.mp4,external/VideoHallucer/videohallucer_datasets/external_nonfactual/videos/tPLVNKgs8Lk_4614.mp4,yes,no,True
enfh,enfh:73,enfh:73:basic,enfh:73:hallucination,external/VideoHallucer/videohallucer_datasets/external_nonfactual/videos/7NptUiW8hJw.mp4,external/VideoHallucer/videohallucer_datasets/external_nonfactual/videos/7NptUiW8hJw.mp4,yes,no,True
enfh,enfh:74,enfh:74:basic,enfh:74:hallucination,external/VideoHallucer/videohallucer_datasets/external_nonfactual/videos/OWtnI3m-p8g_9248.mp4,external/VideoHallucer/videohallucer_datasets/external_nonfactual/videos/OWtnI3m-p8g_9248.mp4,yes,no,True
enfh,enfh:75,enfh:75:basic,enfh:75:hallucination,external/VideoHallucer/videohallucer_datasets/external_nonfactual/videos/F2qYQZ7Q68s_2785.mp4,external/VideoHallucer/videohallucer_datasets/external_nonfactual/videos/F2qYQZ7Q68s_2785.mp4,yes,no,True
enfh,enfh:76,enfh:76:basic,enfh:76:hallucination,external/VideoHallucer/videohallucer_datasets/external_nonfactual/videos/eYOn2ZVB4nc_3772.mp4,external/VideoHallucer/videohallucer_datasets/external_nonfactual/videos/eYOn2ZVB4nc_3772.mp4,yes,no,True
enfh,enfh:77,enfh:77:basic,enfh:77:hallucination,external/VideoHallucer/videohallucer_datasets/external_nonfactual/videos/3meb_5kcPFg_8399.mp4,external/VideoHallucer/videohallucer_datasets/external_nonfactual/videos/3meb_5kcPFg_8399.mp4,yes,no,True
enfh,enfh:78,enfh:78:basic,enfh:78:hallucination,external/VideoHallucer/videohallucer_datasets/external_nonfactual/videos/rwYaDqXFH88_9469.mp4,external/VideoHallucer/videohallucer_datasets/external_nonfactual/videos/rwYaDqXFH88_9469.mp4,yes,no,True
enfh,enfh:79,enfh:79:basic,enfh:79:hallucination,external/VideoHallucer/videohallucer_datasets/external_nonfactual/videos/WlHWRPyA7_g.mp4,external/VideoHallucer/videohallucer_datasets/external_nonfactual/videos/WlHWRPyA7_g.mp4,yes,no,True
enfh,enfh:8,enfh:8:basic,enfh:8:hallucination,external/VideoHallucer/videohallucer_datasets/external_nonfactual/videos/1Ihxcua2HBc_7640.mp4,external/VideoHallucer/videohallucer_datasets/external_nonfactual/videos/1Ihxcua2HBc_7640.mp4,yes,no,True
enfh,enfh:80,enfh:80:basic,enfh:80:hallucination,external/VideoHallucer/videohallucer_datasets/external_nonfactual/videos/PQ97HXmsFR0.mp4,external/VideoHallucer/videohallucer_datasets/external_nonfactual/videos/PQ97HXmsFR0.mp4,yes,no,True
enfh,enfh:81,enfh:81:basic,enfh:81:hallucination,external/VideoHallucer/videohallucer_datasets/external_nonfactual/videos/EpNUSTO2BI4.mp4,external/VideoHallucer/videohallucer_datasets/external_nonfactual/videos/EpNUSTO2BI4.mp4,yes,no,True
enfh,enfh:82,enfh:82:basic,enfh:82:hallucination,external/VideoHallucer/videohallucer_datasets/external_nonfactual/videos/_GTwKEPmB-U_5183.mp4,external/VideoHallucer/videohallucer_datasets/external_nonfactual/videos/_GTwKEPmB-U_5183.mp4,yes,no,True
enfh,enfh:83,enfh:83:basic,enfh:83:hallucination,external/VideoHallucer/videohallucer_datasets/external_nonfactual/videos/HdQzPLk_KiA_4824.mp4,external/VideoHallucer/videohallucer_datasets/external_nonfactual/videos/HdQzPLk_KiA_4824.mp4,yes,no,True
enfh,enfh:84,enfh:84:basic,enfh:84:hallucination,external/VideoHallucer/videohallucer_datasets/external_nonfactual/videos/uOXlG8Tglc8_2389.mp4,external/VideoHallucer/videohallucer_datasets/external_nonfactual/videos/uOXlG8Tglc8_2389.mp4,yes,no,True
enfh,enfh:85,enfh:85:basic,enfh:85:hallucination,external/VideoHallucer/videohallucer_datasets/external_nonfactual/videos/EedEYHqLfP8.mp4,external/VideoHallucer/videohallucer_datasets/external_nonfactual/videos/EedEYHqLfP8.mp4,yes,no,True
enfh,enfh:86,enfh:86:basic,enfh:86:hallucination,external/VideoHallucer/videohallucer_datasets/external_nonfactual/videos/A8eDWlCYaq8.mp4,external/VideoHallucer/videohallucer_datasets/external_nonfactual/videos/A8eDWlCYaq8.mp4,yes,no,True
enfh,enfh:87,enfh:87:basic,enfh:87:hallucination,external/VideoHallucer/videohallucer_datasets/external_nonfactual/videos/J5Tw7KRnSyc_6223.mp4,external/VideoHallucer/videohallucer_datasets/external_nonfactual/videos/J5Tw7KRnSyc_6223.mp4,yes,no,True
enfh,enfh:88,enfh:88:basic,enfh:88:hallucination,external/VideoHallucer/videohallucer_datasets/external_nonfactual/videos/XAHNVoKV1Bc_16302.mp4,external/VideoHallucer/videohallucer_datasets/external_nonfactual/videos/XAHNVoKV1Bc_16302.mp4,yes,no,True
enfh,enfh:89,enfh:89:basic,enfh:89:hallucination,external/VideoHallucer/videohallucer_datasets/external_nonfactual/videos/awQYyYgulLw_2573.mp4,external/VideoHallucer/videohallucer_datasets/external_nonfactual/videos/awQYyYgulLw_2573.mp4,yes,no,True
enfh,enfh:9,enfh:9:basic,enfh:9:hallucination,external/VideoHallucer/videohallucer_datasets/external_nonfactual/videos/5Oq5giRXtag_5243.mp4,external/VideoHallucer/videohallucer_datasets/external_nonfactual/videos/5Oq5giRXtag_5243.mp4,yes,no,True
enfh,enfh:90,enfh:90:basic,enfh:90:hallucination,external/VideoHallucer/videohallucer_datasets/external_nonfactual/videos/XEifm-iXMvs.mp4,external/VideoHallucer/videohallucer_datasets/external_nonfactual/videos/XEifm-iXMvs.mp4,yes,no,True
enfh,enfh:91,enfh:91:basic,enfh:91:hallucination,external/VideoHallucer/videohallucer_datasets/external_nonfactual/videos/RznLeKVI3yo.mp4,external/VideoHallucer/videohallucer_datasets/external_nonfactual/videos/RznLeKVI3yo.mp4,yes,no,True
enfh,enfh:92,enfh:92:basic,enfh:92:hallucination,external/VideoHallucer/videohallucer_datasets/external_nonfactual/videos/wlq30WwXwSM.mp4,external/VideoHallucer/videohallucer_datasets/external_nonfactual/videos/wlq30WwXwSM.mp4,yes,no,True
enfh,enfh:93,enfh:93:basic,enfh:93:hallucination,external/VideoHallucer/videohallucer_datasets/external_nonfactual/videos/oAE7nqQeMBQ_3175.mp4,external/VideoHallucer/videohallucer_datasets/external_nonfactual/videos/oAE7nqQeMBQ_3175.mp4,yes,no,True
enfh,enfh:94,enfh:94:basic,enfh:94:hallucination,external/VideoHallucer/videohallucer_datasets/external_nonfactual/videos/DHpQOhQhW3A_3648.mp4,external/VideoHallucer/videohallucer_datasets/external_nonfactual/videos/DHpQOhQhW3A_3648.mp4,yes,no,True
enfh,enfh:95,enfh:95:basic,enfh:95:hallucination,external/VideoHallucer/videohallucer_datasets/external_nonfactual/videos/c3JFGGhkArA_3205.mp4,external/VideoHallucer/videohallucer_datasets/external_nonfactual/videos/c3JFGGhkArA_3205.mp4,yes,no,True
enfh,enfh:96,enfh:96:basic,enfh:96:hallucination,external/VideoHallucer/videohallucer_datasets/external_nonfactual/videos/2HsWZdKKBGg.mp4,external/VideoHallucer/videohallucer_datasets/external_nonfactual/videos/2HsWZdKKBGg.mp4,yes,no,True
enfh,enfh:97,enfh:97:basic,enfh:97:hallucination,external/VideoHallucer/videohallucer_datasets/external_nonfactual/videos/mhEVgpfF-IU.mp4,external/VideoHallucer/videohallucer_datasets/external_nonfactual/videos/mhEVgpfF-IU.mp4,yes,no,True
enfh,enfh:98,enfh:98:basic,enfh:98:hallucination,external/VideoHallucer/videohallucer_datasets/external_nonfactual/videos/peld2w63tpM_4391.mp4,external/VideoHallucer/videohallucer_datasets/external_nonfactual/videos/peld2w63tpM_4391.mp4,yes,no,True
enfh,enfh:99,enfh:99:basic,enfh:99:hallucination,external/VideoHallucer/videohallucer_datasets/external_nonfactual/videos/TfITvKr5M3k.mp4,external/VideoHallucer/videohallucer_datasets/external_nonfactual/videos/TfITvKr5M3k.mp4,yes,no,True
orh,orh:0,orh:0:basic,orh:0:hallucination,external/VideoHallucer/videohallucer_datasets/object_relation/videos/1052_6143391925_916_970.mp4,external/VideoHallucer/videohallucer_datasets/object_relation/videos/1052_6143391925_916_970.mp4,yes,no,True
orh,orh:1,orh:1:basic,orh:1:hallucination,external/VideoHallucer/videohallucer_datasets/object_relation/videos/1015_8464056582_819_887.mp4,external/VideoHallucer/videohallucer_datasets/object_relation/videos/1015_8464056582_819_887.mp4,yes,no,True
orh,orh:10,orh:10:basic,orh:10:hallucination,external/VideoHallucer/videohallucer_datasets/object_relation/videos/1007_8330342965_497_509.mp4,external/VideoHallucer/videohallucer_datasets/object_relation/videos/1007_8330342965_497_509.mp4,yes,no,True
orh,orh:100,orh:100:basic,orh:100:hallucination,external/VideoHallucer/videohallucer_datasets/object_relation/videos/ILSVRC2015_train_00265005_0_30.mp4,external/VideoHallucer/videohallucer_datasets/object_relation/videos/ILSVRC2015_train_00265005_0_30.mp4,yes,no,True
orh,orh:101,orh:101:basic,orh:101:hallucination,external/VideoHallucer/videohallucer_datasets/object_relation/videos/ILSVRC2015_train_00005012_0_45.mp4,external/VideoHallucer/videohallucer_datasets/object_relation/videos/ILSVRC2015_train_00005012_0_45.mp4,yes,no,True
orh,orh:102,orh:102:basic,orh:102:hallucination,external/VideoHallucer/videohallucer_datasets/object_relation/videos/ILSVRC2015_train_00797005_15_120.mp4,external/VideoHallucer/videohallucer_datasets/object_relation/videos/ILSVRC2015_train_00797005_15_120.mp4,yes,no,True
orh,orh:103,orh:103:basic,orh:103:hallucination,external/VideoHallucer/videohallucer_datasets/object_relation/videos/ILSVRC2015_train_00228001_0_195.mp4,external/VideoHallucer/videohallucer_datasets/object_relation/videos/ILSVRC2015_train_00228001_0_195.mp4,yes,no,True
orh,orh:104,orh:104:basic,orh:104:hallucination,external/VideoHallucer/videohallucer_datasets/object_relation/videos/ILSVRC2015_val_00028005_330_375.mp4,external/VideoHallucer/videohallucer_datasets/object_relation/videos/ILSVRC2015_val_00028005_330_375.mp4,yes,no,True
orh,orh:105,orh:105:basic,orh:105:hallucination,external/VideoHallucer/videohallucer_datasets/object_relation/videos/ILSVRC2015_train_00699000_375_405.mp4,external/VideoHallucer/videohallucer_datasets/object_relation/videos/ILSVRC2015_train_00699000_375_405.mp4,yes,no,True
orh,orh:106,orh:106:basic,orh:106:hallucination,external/VideoHallucer/videohallucer_datasets/object_relation/videos/ILSVRC2015_train_00681000_75_105.mp4,external/VideoHallucer/videohallucer_datasets/object_relation/videos/ILSVRC2015_train_00681000_75_105.mp4,yes,no,True
orh,orh:107,orh:107:basic,orh:107:hallucination,external/VideoHallucer/videohallucer_datasets/object_relation/videos/ILSVRC2015_train_00267002_300_330.mp4,external/VideoHallucer/videohallucer_datasets/object_relation/videos/ILSVRC2015_train_00267002_300_330.mp4,yes,no,True
orh,orh:108,orh:108:basic,orh:108:hallucination,external/VideoHallucer/videohallucer_datasets/object_relation/videos/ILSVRC2015_train_00887001_0_165.mp4,external/VideoHallucer/videohallucer_datasets/object_relation/videos/ILSVRC2015_train_00887001_0_165.mp4,yes,no,True
orh,orh:109,orh:109:basic,orh:109:hallucination,external/VideoHallucer/videohallucer_datasets/object_relation/videos/ILSVRC2015_train_00074009_285_315.mp4,external/VideoHallucer/videohallucer_datasets/object_relation/videos/ILSVRC2015_train_00074009_285_315.mp4,yes,no,True
orh,orh:11,orh:11:basic,orh:11:hallucination,external/VideoHallucer/videohallucer_datasets/object_relation/videos/1110_6786501294_1536_1564.mp4,external/VideoHallucer/videohallucer_datasets/object_relation/videos/1110_6786501294_1536_1564.mp4,yes,no,True
orh,orh:110,orh:110:basic,orh:110:hallucination,external/VideoHallucer/videohallucer_datasets/object_relation/videos/ILSVRC2015_train_00878000_0_120.mp4,external/VideoHallucer/videohallucer_datasets/object_relation/videos/ILSVRC2015_train_00878000_0_120.mp4,yes,no,True
orh,orh:111,orh:111:basic,orh:111:hallucination,external/VideoHallucer/videohallucer_datasets/object_relation/videos/ILSVRC2015_train_00416000_165_195.mp4,external/VideoHallucer/videohallucer_datasets/object_relation/videos/ILSVRC2015_train_00416000_165_195.mp4,yes,no,True
orh,orh:112,orh:112:basic,orh:112:hallucination,external/VideoHallucer/videohallucer_datasets/object_relation/videos/ILSVRC2015_val_00072000_60_180.mp4,external/VideoHallucer/videohallucer_datasets/object_relation/videos/ILSVRC2015_val_00072000_60_180.mp4,yes,no,True
orh,orh:113,orh:113:basic,orh:113:hallucination,external/VideoHallucer/videohallucer_datasets/object_relation/videos/ILSVRC2015_train_00930000_240_270.mp4,external/VideoHallucer/videohallucer_datasets/object_relation/videos/ILSVRC2015_train_00930000_240_270.mp4,yes,no,True
orh,orh:114,orh:114:basic,orh:114:hallucination,external/VideoHallucer/videohallucer_datasets/object_relation/videos/ILSVRC2015_train_00645000_105_210.mp4,external/VideoHallucer/videohallucer_datasets/object_relation/videos/ILSVRC2015_train_00645000_105_210.mp4,yes,no,True
orh,orh:115,orh:115:basic,orh:115:hallucination,external/VideoHallucer/videohallucer_datasets/object_relation/videos/ILSVRC2015_train_00219001_255_285.mp4,external/VideoHallucer/videohallucer_datasets/object_relation/videos/ILSVRC2015_train_00219001_255_285.mp4,yes,no,True
orh,orh:116,orh:116:basic,orh:116:hallucination,external/VideoHallucer/videohallucer_datasets/object_relation/videos/ILSVRC2015_train_00190000_15_75.mp4,external/VideoHallucer/videohallucer_datasets/object_relation/videos/ILSVRC2015_train_00190000_15_75.mp4,yes,no,True
orh,orh:117,orh:117:basic,orh:117:hallucination,external/VideoHallucer/videohallucer_datasets/object_relation/videos/ILSVRC2015_train_00025031_15_45.mp4,external/VideoHallucer/videohallucer_datasets/object_relation/videos/ILSVRC2015_train_00025031_15_45.mp4,yes,no,True
orh,orh:118,orh:118:basic,orh:118:hallucination,external/VideoHallucer/videohallucer_datasets/object_relation/videos/ILSVRC2015_train_00818000_0_165.mp4,external/VideoHallucer/videohallucer_datasets/object_relation/videos/ILSVRC2015_train_00818000_0_165.mp4,yes,no,True
orh,orh:119,orh:119:basic,orh:119:hallucination,external/VideoHallucer/videohallucer_datasets/object_relation/videos/ILSVRC2015_train_00398000_30_60.mp4,external/VideoHallucer/videohallucer_datasets/object_relation/videos/ILSVRC2015_train_00398000_30_60.mp4,yes,no,True
orh,orh:12,orh:12:basic,orh:12:hallucination,external/VideoHallucer/videohallucer_datasets/object_relation/videos/1164_6617533993_596_1004.mp4,external/VideoHallucer/videohallucer_datasets/object_relation/videos/1164_6617533993_596_1004.mp4,yes,no,True
orh,orh:120,orh:120:basic,orh:120:hallucination,external/VideoHallucer/videohallucer_datasets/object_relation/videos/ILSVRC2015_train_00554000_420_495.mp4,external/VideoHallucer/videohallucer_datasets/object_relation/videos/ILSVRC2015_train_00554000_420_495.mp4,yes,no,True
orh,orh:121,orh:121:basic,orh:121:hallucination,external/VideoHallucer/videohallucer_datasets/object_relation/videos/ILSVRC2015_val_00072000_165_195.mp4,external/VideoHallucer/videohallucer_datasets/object_relation/videos/ILSVRC2015_val_00072000_165_195.mp4,yes,no,True
orh,orh:122,orh:122:basic,orh:122:hallucination,external/VideoHallucer/videohallucer_datasets/object_relation/videos/ILSVRC2015_train_00940003_90_150.mp4,external/VideoHallucer/videohallucer_datasets/object_relation/videos/ILSVRC2015_train_00940003_90_150.mp4,yes,no,True
orh,orh:123,orh:123:basic,orh:123:hallucination,external/VideoHallucer/videohallucer_datasets/object_relation/videos/ILSVRC2015_train_00309003_30_75.mp4,external/VideoHallucer/videohallucer_datasets/object_relation/videos/ILSVRC2015_train_00309003_30_75.mp4,yes,no,True
orh,orh:124,orh:124:basic,orh:124:hallucination,external/VideoHallucer/videohallucer_datasets/object_relation/videos/ILSVRC2015_train_01141000_0_60.mp4,external/VideoHallucer/videohallucer_datasets/object_relation/videos/ILSVRC2015_train_01141000_0_60.mp4,yes,no,True
orh,orh:125,orh:125:basic,orh:125:hallucination,external/VideoHallucer/videohallucer_datasets/object_relation/videos/ILSVRC2015_train_00878000_0_120.mp4,external/VideoHallucer/videohallucer_datasets/object_relation/videos/ILSVRC2015_train_00878000_0_120.mp4,yes,no,True
orh,orh:126,orh:126:basic,orh:126:hallucination,external/VideoHallucer/videohallucer_datasets/object_relation/videos/ILSVRC2015_train_01141000_0_105.mp4,external/VideoHallucer/videohallucer_datasets/object_relation/videos/ILSVRC2015_train_01141000_0_105.mp4,yes,no,True
orh,orh:127,orh:127:basic,orh:127:hallucination,external/VideoHallucer/videohallucer_datasets/object_relation/videos/ILSVRC2015_train_00908000_0_90.mp4,external/VideoHallucer/videohallucer_datasets/object_relation/videos/ILSVRC2015_train_00908000_0_90.mp4,yes,no,True
orh,orh:128,orh:128:basic,orh:128:hallucination,external/VideoHallucer/videohallucer_datasets/object_relation/videos/ILSVRC2015_train_00884000_0_150.mp4,external/VideoHallucer/videohallucer_datasets/object_relation/videos/ILSVRC2015_train_00884000_0_150.mp4,yes,no,True
orh,orh:129,orh:129:basic,orh:129:hallucination,external/VideoHallucer/videohallucer_datasets/object_relation/videos/ILSVRC2015_train_00091008_255_300.mp4,external/VideoHallucer/videohallucer_datasets/object_relation/videos/ILSVRC2015_train_00091008_255_300.mp4,yes,no,True
orh,orh:13,orh:13:basic,orh:13:hallucination,external/VideoHallucer/videohallucer_datasets/object_relation/videos/1110_6786501294_69_1805.mp4,external/VideoHallucer/videohallucer_datasets/object_relation/videos/1110_6786501294_69_1805.mp4,yes,no,True
orh,orh:130,orh:130:basic,orh:130:hallucination,external/VideoHallucer/videohallucer_datasets/object_relation/videos/ILSVRC2015_train_00376001_480_525.mp4,external/VideoHallucer/videohallucer_datasets/object_relation/videos/ILSVRC2015_train_00376001_480_525.mp4,yes,no,True
orh,orh:131,orh:131:basic,orh:131:hallucination,external/VideoHallucer/videohallucer_datasets/object_relation/videos/ILSVRC2015_train_00554000_345_405.mp4,external/VideoHallucer/videohallucer_datasets/object_relation/videos/ILSVRC2015_train_00554000_345_405.mp4,yes,no,True
orh,orh:132,orh:132:basic,orh:132:hallucination,external/VideoHallucer/videohallucer_datasets/object_relation/videos/ILSVRC2015_train_00040024_45_90.mp4,external/VideoHallucer/videohallucer_datasets/object_relation/videos/ILSVRC2015_train_00040024_45_90.mp4,yes,no,True
orh,orh:133,orh:133:basic,orh:133:hallucination,external/VideoHallucer/videohallucer_datasets/object_relation/videos/ILSVRC2015_train_00091004_0_150.mp4,external/VideoHallucer/videohallucer_datasets/object_relation/videos/ILSVRC2015_train_00091004_0_150.mp4,yes,no,True
orh,orh:134,orh:134:basic,orh:134:hallucination,external/VideoHallucer/videohallucer_datasets/object_relation/videos/ILSVRC2015_train_00898000_15_45.mp4,external/VideoHallucer/videohallucer_datasets/object_relation/videos/ILSVRC2015_train_00898000_15_45.mp4,yes,no,True
orh,orh:135,orh:135:basic,orh:135:hallucination,external/VideoHallucer/videohallucer_datasets/object_relation/videos/ILSVRC2015_train_01083001_180_345.mp4,external/VideoHallucer/videohallucer_datasets/object_relation/videos/ILSVRC2015_train_01083001_180_345.mp4,yes,no,True
orh,orh:136,orh:136:basic,orh:136:hallucination,external/VideoHallucer/videohallucer_datasets/object_relation/videos/ILSVRC2015_train_00898000_120_150.mp4,external/VideoHallucer/videohallucer_datasets/object_relation/videos/ILSVRC2015_train_00898000_120_150.mp4,yes,no,True
orh,orh:137,orh:137:basic,orh:137:hallucination,external/VideoHallucer/videohallucer_datasets/object_relation/videos/ILSVRC2015_train_00554000_480_510.mp4,external/VideoHallucer/videohallucer_datasets/object_relation/videos/ILSVRC2015_train_00554000_480_510.mp4,yes,no,True
orh,orh:138,orh:138:basic,orh:138:hallucination,external/VideoHallucer/videohallucer_datasets/object_relation/videos/ILSVRC2015_train_00398000_30_60.mp4,external/VideoHallucer/videohallucer_datasets/object_relation/videos/ILSVRC2015_train_00398000_30_60.mp4,yes,no,True
orh,orh:139,orh:139:basic,orh:139:hallucination,external/VideoHallucer/videohallucer_datasets/object_relation/videos/ILSVRC2015_train_01144003_810_840.mp4,external/VideoHallucer/videohallucer_datasets/object_relation/videos/ILSVRC2015_train_01144003_810_840.mp4,yes,no,True
orh,orh:14,orh:14:basic,orh:14:hallucination,external/VideoHallucer/videohallucer_datasets/object_relation/videos/1162_10309542255_0_2566.mp4,external/VideoHallucer/videohallucer_datasets/object_relation/videos/1162_10309542255_0_2566.mp4,yes,no,True
orh,orh:140,orh:140:basic,orh:140:hallucination,external/VideoHallucer/videohallucer_datasets/object_relation/videos/ILSVRC2015_train_00290014_0_90.mp4,external/VideoHallucer/videohallucer_datasets/object_relation/videos/ILSVRC2015_train_00290014_0_90.mp4,yes,no,True
orh,orh:141,orh:141:basic,orh:141:hallucination,external/VideoHallucer/videohallucer_datasets/object_relation/videos/ILSVRC2015_train_00077002_135_195.mp4,external/VideoHallucer/videohallucer_datasets/object_relation/videos/ILSVRC2015_train_00077002_135_195.mp4,yes,no,True
orh,orh:142,orh:142:basic,orh:142:hallucination,external/VideoHallucer/videohallucer_datasets/object_relation/videos/ILSVRC2015_train_00476001_600_810.mp4,external/VideoHallucer/videohallucer_datasets/object_relation/videos/ILSVRC2015_train_00476001_600_810.mp4,yes,no,True
orh,orh:143,orh:143:basic,orh:143:hallucination,external/VideoHallucer/videohallucer_datasets/object_relation/videos/ILSVRC2015_train_00870000_465_525.mp4,external/VideoHallucer/videohallucer_datasets/object_relation/videos/ILSVRC2015_train_00870000_465_525.mp4,yes,no,True
orh,orh:144,orh:144:basic,orh:144:hallucination,external/VideoHallucer/videohallucer_datasets/object_relation/videos/ILSVRC2015_train_01022000_0_285.mp4,external/VideoHallucer/videohallucer_datasets/object_relation/videos/ILSVRC2015_train_01022000_0_285.mp4,yes,no,True
orh,orh:145,orh:145:basic,orh:145:hallucination,external/VideoHallucer/videohallucer_datasets/object_relation/videos/ILSVRC2015_train_00376001_480_525.mp4,external/VideoHallucer/videohallucer_datasets/object_relation/videos/ILSVRC2015_train_00376001_480_525.mp4,yes,no,True
orh,orh:146,orh:146:basic,orh:146:hallucination,external/VideoHallucer/videohallucer_datasets/object_relation/videos/ILSVRC2015_train_00250021_30_105.mp4,external/VideoHallucer/videohallucer_datasets/object_relation/videos/ILSVRC2015_train_00250021_30_105.mp4,yes,no,True
orh,orh:147,orh:147:basic,orh:147:hallucination,external/VideoHallucer/videohallucer_datasets/object_relation/videos/ILSVRC2015_val_00081001_240_270.mp4,external/VideoHallucer/videohallucer_datasets/object_relation/videos/ILSVRC2015_val_00081001_240_270.mp4,yes,no,True
orh,orh:148,orh:148:basic,orh:148:hallucination,external/VideoHallucer/videohallucer_datasets/object_relation/videos/ILSVRC2015_train_00025031_15_45.mp4,external/VideoHallucer/videohallucer_datasets/object_relation/videos/ILSVRC2015_train_00025031_15_45.mp4,yes,no,True
orh,orh:149,orh:149:basic,orh:149:hallucination,external/VideoHallucer/videohallucer_datasets/object_relation/videos/ILSVRC2015_train_00290007_0_90.mp4,external/VideoHallucer/videohallucer_datasets/object_relation/videos/ILSVRC2015_train_00290007_0_90.mp4,yes,no,True
orh,orh:15,orh:15:basic,orh:15:hallucination,external/VideoHallucer/videohallucer_datasets/object_relation/videos/1200_3402648543_19_71.mp4,external/VideoHallucer/videohallucer_datasets/object_relation/videos/1200_3402648543_19_71.mp4,yes,no,True
orh,orh:150,orh:150:basic,orh:150:hallucination,external/VideoHallucer/videohallucer_datasets/object_relation/videos/ILSVRC2015_train_00267002_210_240.mp4,external/VideoHallucer/videohallucer_datasets/object_relation/videos/ILSVRC2015_train_00267002_210_240.mp4,yes,no,True
orh,orh:151,orh:151:basic,orh:151:hallucination,external/VideoHallucer/videohallucer_datasets/object_relation/videos/ILSVRC2015_train_01022000_255_285.mp4,external/VideoHallucer/videohallucer_datasets/object_relation/videos/ILSVRC2015_train_01022000_255_285.mp4,yes,no,True
orh,orh:152,orh:152:basic,orh:152:hallucination,external/VideoHallucer/videohallucer_datasets/object_relation/videos/ILSVRC2015_train_00674000_225_270.mp4,external/VideoHallucer/videohallucer_datasets/object_relation/videos/ILSVRC2015_train_00674000_225_270.mp4,yes,no,True
orh,orh:153,orh:153:basic,orh:153:hallucination,external/VideoHallucer/videohallucer_datasets/object_relation/videos/ILSVRC2015_train_01141000_0_45.mp4,external/VideoHallucer/videohallucer_datasets/object_relation/videos/ILSVRC2015_train_01141000_0_45.mp4,yes,no,True
orh,orh:154,orh:154:basic,orh:154:hallucination,external/VideoHallucer/videohallucer_datasets/object_relation/videos/ILSVRC2015_train_00940003_30_75.mp4,external/VideoHallucer/videohallucer_datasets/object_relation/videos/ILSVRC2015_train_00940003_30_75.mp4,yes,no,True
orh,orh:155,orh:155:basic,orh:155:hallucination,external/VideoHallucer/videohallucer_datasets/object_relation/videos/ILSVRC2015_val_00046001_0_210.mp4,external/VideoHallucer/videohallucer_datasets/object_relation/videos/ILSVRC2015_val_00046001_0_210.mp4,yes,no,True
orh,orh:156,orh:156:basic,orh:156:hallucination,external/VideoHallucer/videohallucer_datasets/object_relation/videos/ILSVRC2015_val_00072000_165_195.mp4,external/VideoHallucer/videohallucer_datasets/object_relation/videos/ILSVRC2015_val_00072000_165_195.mp4,yes,no,True
orh,orh:157,orh:157:basic,orh:157:hallucination,external/VideoHallucer/videohallucer_datasets/object_relation/videos/ILSVRC2015_train_00051009_0_30.mp4,external/VideoHallucer/videohallucer_datasets/object_relation/videos/ILSVRC2015_train_00051009_0_30.mp4,yes,no,True
orh,orh:158,orh:158:basic,orh:158:hallucination,external/VideoHallucer/videohallucer_datasets/object_relation/videos/ILSVRC2015_train_00225000_75_105.mp4,external/VideoHallucer/videohallucer_datasets/object_relation/videos/ILSVRC2015_train_00225000_75_105.mp4,yes,no,True
orh,orh:159,orh:159:basic,orh:159:hallucination,external/VideoHallucer/videohallucer_datasets/object_relation/videos/ILSVRC2015_train_00267002_210_270.mp4,external/VideoHallucer/videohallucer_datasets/object_relation/videos/ILSVRC2015_train_00267002_210_270.mp4,yes,no,True
orh,orh:16,orh:16:basic,orh:16:hallucination,external/VideoHallucer/videohallucer_datasets/object_relation/videos/1002_5863411262_797_929.mp4,external/VideoHallucer/videohallucer_datasets/object_relation/videos/1002_5863411262_797_929.mp4,yes,no,True
orh,orh:160,orh:160:basic,orh:160:hallucination,external/VideoHallucer/videohallucer_datasets/object_relation/videos/ILSVRC2015_train_01144003_240_900.mp4,external/VideoHallucer/videohallucer_datasets/object_relation/videos/ILSVRC2015_train_01144003_240_900.mp4,yes,no,True
orh,orh:161,orh:161:basic,orh:161:hallucination,external/VideoHallucer/videohallucer_datasets/object_relation/videos/ILSVRC2015_train_00674000_450_480.mp4,external/VideoHallucer/videohallucer_datasets/object_relation/videos/ILSVRC2015_train_00674000_450_480.mp4,yes,no,True
orh,orh:162,orh:162:basic,orh:162:hallucination,external/VideoHallucer/videohallucer_datasets/object_relation/videos/ILSVRC2015_val_00028005_105_255.mp4,external/VideoHallucer/videohallucer_datasets/object_relation/videos/ILSVRC2015_val_00028005_105_255.mp4,yes,no,True
orh,orh:163,orh:163:basic,orh:163:hallucination,external/VideoHallucer/videohallucer_datasets/object_relation/videos/ILSVRC2015_train_00309003_30_75.mp4,external/VideoHallucer/videohallucer_datasets/object_relation/videos/ILSVRC2015_train_00309003_30_75.mp4,yes,no,True
orh,orh:164,orh:164:basic,orh:164:hallucination,external/VideoHallucer/videohallucer_datasets/object_relation/videos/ILSVRC2015_train_00199006_120_315.mp4,external/VideoHallucer/videohallucer_datasets/object_relation/videos/ILSVRC2015_train_00199006_120_315.mp4,yes,no,True
orh,orh:165,orh:165:basic,orh:165:hallucination,external/VideoHallucer/videohallucer_datasets/object_relation/videos/ILSVRC2015_train_00253023_0_60.mp4,external/VideoHallucer/videohallucer_datasets/object_relation/videos/ILSVRC2015_train_00253023_0_60.mp4,yes,no,True
orh,orh:166,orh:166:basic,orh:166:hallucination,external/VideoHallucer/videohallucer_datasets/object_relation/videos/ILSVRC2015_train_00969000_0_30.mp4,external/VideoHallucer/videohallucer_datasets/object_relation/videos/ILSVRC2015_train_00969000_0_30.mp4,yes,no,True
orh,orh:167,orh:167:basic,orh:167:hallucination,external/VideoHallucer/videohallucer_datasets/object_relation/videos/ILSVRC2015_train_00057005_0_45.mp4,external/VideoHallucer/videohallucer_datasets/object_relation/videos/ILSVRC2015_train_00057005_0_45.mp4,yes,no,True
orh,orh:168,orh:168:basic,orh:168:hallucination,external/VideoHallucer/videohallucer_datasets/object_relation/videos/ILSVRC2015_train_00290017_0_45.mp4,external/VideoHallucer/videohallucer_datasets/object_relation/videos/ILSVRC2015_train_00290017_0_45.mp4,yes,no,True
orh,orh:169,orh:169:basic,orh:169:hallucination,external/VideoHallucer/videohallucer_datasets/object_relation/videos/ILSVRC2015_train_01141000_0_105.mp4,external/VideoHallucer/videohallucer_datasets/object_relation/videos/ILSVRC2015_train_01141000_0_105.mp4,yes,no,True
orh,orh:17,orh:17:basic,orh:17:hallucination,external/VideoHallucer/videohallucer_datasets/object_relation/videos/0039_4465235803_660_1014.mp4,external/VideoHallucer/videohallucer_datasets/object_relation/videos/0039_4465235803_660_1014.mp4,yes,no,True
orh,orh:170,orh:170:basic,orh:170:hallucination,external/VideoHallucer/videohallucer_datasets/object_relation/videos/ILSVRC2015_train_00309003_15_45.mp4,external/VideoHallucer/videohallucer_datasets/object_relation/videos/ILSVRC2015_train_00309003_15_45.mp4,yes,no,True
orh,orh:171,orh:171:basic,orh:171:hallucination,external/VideoHallucer/videohallucer_datasets/object_relation/videos/ILSVRC2015_train_00267002_300_555.mp4,external/VideoHallucer/videohallucer_datasets/object_relation/videos/ILSVRC2015_train_00267002_300_555.mp4,yes,no,True
orh,orh:172,orh:172:basic,orh:172:hallucination,external/VideoHallucer/videohallucer_datasets/object_relation/videos/ILSVRC2015_train_01141000_0_105.mp4,external/VideoHallucer/videohallucer_datasets/object_relation/videos/ILSVRC2015_train_01141000_0_105.mp4,yes,no,True
orh,orh:173,orh:173:basic,orh:173:hallucination,external/VideoHallucer/videohallucer_datasets/object_relation/videos/ILSVRC2015_train_00869000_270_315.mp4,external/VideoHallucer/videohallucer_datasets/object_relation/videos/ILSVRC2015_train_00869000_270_315.mp4,yes,no,True
orh,orh:174,orh:174:basic,orh:174:hallucination,external/VideoHallucer/videohallucer_datasets/object_relation/videos/ILSVRC2015_train_00887001_135_165.mp4,external/VideoHallucer/videohallucer_datasets/object_relation/videos/ILSVRC2015_train_00887001_135_165.mp4,yes,no,True
orh,orh:175,orh:175:basic,orh:175:hallucination,external/VideoHallucer/videohallucer_datasets/object_relation/videos/ILSVRC2015_train_00199006_60_315.mp4,external/VideoHallucer/videohallucer_datasets/object_relation/videos/ILSVRC2015_train_00199006_60_315.mp4,yes,no,True
orh,orh:176,orh:176:basic,orh:176:hallucination,external/VideoHallucer/videohallucer_datasets/object_relation/videos/ILSVRC2015_train_00887001_0_165.mp4,external/VideoHallucer/videohallucer_datasets/object_relation/videos/ILSVRC2015_train_00887001_0_165.mp4,yes,no,True
orh,orh:177,orh:177:basic,orh:177:hallucination,external/VideoHallucer/videohallucer_datasets/object_relation/videos/ILSVRC2015_train_00416000_165_195.mp4,external/VideoHallucer/videohallucer_datasets/object_relation/videos/ILSVRC2015_train_00416000_165_195.mp4,yes,no,True
orh,orh:178,orh:178:basic,orh:178:hallucination,external/VideoHallucer/videohallucer_datasets/object_relation/videos/ILSVRC2015_train_00930000_330_360.mp4,external/VideoHallucer/videohallucer_datasets/object_relation/videos/ILSVRC2015_train_00930000_330_360.mp4,yes,no,True
orh,orh:179,orh:179:basic,orh:179:hallucination,external/VideoHallucer/videohallucer_datasets/object_relation/videos/ILSVRC2015_train_00309003_0_240.mp4,external/VideoHallucer/videohallucer_datasets/object_relation/videos/ILSVRC2015_train_00309003_0_240.mp4,yes,no,True
orh,orh:18,orh:18:basic,orh:18:hallucination,external/VideoHallucer/videohallucer_datasets/object_relation/videos/0093_3861485381_780_870.mp4,external/VideoHallucer/videohallucer_datasets/object_relation/videos/0093_3861485381_780_870.mp4,yes,no,True
orh,orh:180,orh:180:basic,orh:180:hallucination,external/VideoHallucer/videohallucer_datasets/object_relation/videos/ILSVRC2015_train_00005004_0_30.mp4,external/VideoHallucer/videohallucer_datasets/object_relation/videos/ILSVRC2015_train_00005004_0_30.mp4,yes,no,True
orh,orh:181,orh:181:basic,orh:181:hallucination,external/VideoHallucer/videohallucer_datasets/object_relation/videos/ILSVRC2015_val_00081001_0_495.mp4,external/VideoHallucer/videohallucer_datasets/object_relation/videos/ILSVRC2015_val_00081001_0_495.mp4,yes,no,True
orh,orh:182,orh:182:basic,orh:182:hallucination,external/VideoHallucer/videohallucer_datasets/object_relation/videos/ILSVRC2015_train_00969000_30_60.mp4,external/VideoHallucer/videohallucer_datasets/object_relation/videos/ILSVRC2015_train_00969000_30_60.mp4,yes,no,True
orh,orh:183,orh:183:basic,orh:183:hallucination,external/VideoHallucer/videohallucer_datasets/object_relation/videos/ILSVRC2015_train_00376003_0_165.mp4,external/VideoHallucer/videohallucer_datasets/object_relation/videos/ILSVRC2015_train_00376003_0_165.mp4,yes,no,True
orh,orh:184,orh:184:basic,orh:184:hallucination,external/VideoHallucer/videohallucer_datasets/object_relation/videos/ILSVRC2015_train_00025008_0_30.mp4,external/VideoHallucer/videohallucer_datasets/object_relation/videos/ILSVRC2015_train_00025008_0_30.mp4,yes,no,True
orh,orh:185,orh:185:basic,orh:185:hallucination,external/VideoHallucer/videohallucer_datasets/object_relation/videos/ILSVRC2015_train_00376001_0_600.mp4,external/VideoHallucer/videohallucer_datasets/object_relation/videos/ILSVRC2015_train_00376001_0_600.mp4,yes,no,True
orh,orh:186,orh:186:basic,orh:186:hallucination,external/VideoHallucer/videohallucer_datasets/object_relation/videos/ILSVRC2015_train_01144003_510_690.mp4,external/VideoHallucer/videohallucer_datasets/object_relation/videos/ILSVRC2015_train_01144003_510_690.mp4,yes,no,True
orh,orh:187,orh:187:basic,orh:187:hallucination,external/VideoHallucer/videohallucer_datasets/object_relation/videos/ILSVRC2015_train_00290007_0_90.mp4,external/VideoHallucer/videohallucer_datasets/object_relation/videos/ILSVRC2015_train_00290007_0_90.mp4,yes,no,True
orh,orh:188,orh:188:basic,orh:188:hallucination,external/VideoHallucer/videohallucer_datasets/object_relation/videos/ILSVRC2015_train_00267002_300_555.mp4,external/VideoHallucer/videohallucer_datasets/object_relation/videos/ILSVRC2015_train_00267002_300_555.mp4,yes,no,True
orh,orh:189,orh:189:basic,orh:189:hallucination,external/VideoHallucer/videohallucer_datasets/object_relation/videos/ILSVRC2015_train_00187003_0_375.mp4,external/VideoHallucer/videohallucer_datasets/object_relation/videos/ILSVRC2015_train_00187003_0_375.mp4,yes,no,True
orh,orh:19,orh:19:basic,orh:19:hallucination,external/VideoHallucer/videohallucer_datasets/object_relation/videos/1102_7536230796_1056_1153.mp4,external/VideoHallucer/videohallucer_datasets/object_relation/videos/1102_7536230796_1056_1153.mp4,yes,no,True
orh,orh:190,orh:190:basic,orh:190:hallucination,external/VideoHallucer/videohallucer_datasets/object_relation/videos/ILSVRC2015_train_01141000_0_45.mp4,external/VideoHallucer/videohallucer_datasets/object_relation/videos/ILSVRC2015_train_01141000_0_45.mp4,yes,no,True
orh,orh:191,orh:191:basic,orh:191:hallucination,external/VideoHallucer/videohallucer_datasets/object_relation/videos/ILSVRC2015_train_00025008_0_30.mp4,external/VideoHallucer/videohallucer_datasets/object_relation/videos/ILSVRC2015_train_00025008_0_30.mp4,yes,no,True
orh,orh:192,orh:192:basic,orh:192:hallucination,external/VideoHallucer/videohallucer_datasets/object_relation/videos/ILSVRC2015_train_00898000_30_90.mp4,external/VideoHallucer/videohallucer_datasets/object_relation/videos/ILSVRC2015_train_00898000_30_90.mp4,yes,no,True
orh,orh:193,orh:193:basic,orh:193:hallucination,external/VideoHallucer/videohallucer_datasets/object_relation/videos/ILSVRC2015_val_00072000_15_45.mp4,external/VideoHallucer/videohallucer_datasets/object_relation/videos/ILSVRC2015_val_00072000_15_45.mp4,yes,no,True
orh,orh:194,orh:194:basic,orh:194:hallucination,external/VideoHallucer/videohallucer_datasets/object_relation/videos/ILSVRC2015_train_01141000_30_105.mp4,external/VideoHallucer/videohallucer_datasets/object_relation/videos/ILSVRC2015_train_01141000_30_105.mp4,yes,no,True
orh,orh:195,orh:195:basic,orh:195:hallucination,external/VideoHallucer/videohallucer_datasets/object_relation/videos/ILSVRC2015_train_00940003_15_75.mp4,external/VideoHallucer/videohallucer_datasets/object_relation/videos/ILSVRC2015_train_00940003_15_75.mp4,yes,no,True
orh,orh:196,orh:196:basic,orh:196:hallucination,external/VideoHallucer/videohallucer_datasets/object_relation/videos/ILSVRC2015_train_00896001_810_930.mp4,external/VideoHallucer/videohallucer_datasets/object_relation/videos/ILSVRC2015_train_00896001_810_930.mp4,yes,no,True
orh,orh:197,orh:197:basic,orh:197:hallucination,external/VideoHallucer/videohallucer_datasets/object_relation/videos/ILSVRC2015_train_01141000_30_75.mp4,external/VideoHallucer/videohallucer_datasets/object_relation/videos/ILSVRC2015_train_01141000_30_75.mp4,yes,no,True
orh,orh:198,orh:198:basic,orh:198:hallucination,external/VideoHallucer/videohallucer_datasets/object_relation/videos/ILSVRC2015_train_00077002_135_210.mp4,external/VideoHallucer/videohallucer_datasets/object_relation/videos/ILSVRC2015_train_00077002_135_210.mp4,yes,no,True
orh,orh:199,orh:199:basic,orh:199:hallucination,external/VideoHallucer/videohallucer_datasets/object_relation/videos/ILSVRC2015_train_00071015_0_30.mp4,external/VideoHallucer/videohallucer_datasets/object_relation/videos/ILSVRC2015_train_00071015_0_30.mp4,yes,no,True
orh,orh:2,orh:2:basic,orh:2:hallucination,external/VideoHallucer/videohallucer_datasets/object_relation/videos/1011_2984974097_0_55.mp4,external/VideoHallucer/videohallucer_datasets/object_relation/videos/1011_2984974097_0_55.mp4,yes,no,True
orh,orh:20,orh:20:basic,orh:20:hallucination,external/VideoHallucer/videohallucer_datasets/object_relation/videos/0033_2834146886_152_255.mp4,external/VideoHallucer/videohallucer_datasets/object_relation/videos/0033_2834146886_152_255.mp4,yes,no,True
orh,orh:21,orh:21:basic,orh:21:hallucination,external/VideoHallucer/videohallucer_datasets/object_relation/videos/1101_8396167542_0_540.mp4,external/VideoHallucer/videohallucer_datasets/object_relation/videos/1101_8396167542_0_540.mp4,yes,no,True
orh,orh:22,orh:22:basic,orh:22:hallucination,external/VideoHallucer/videohallucer_datasets/object_relation/videos/1019_4612723694_1486_1681.mp4,external/VideoHallucer/videohallucer_datasets/object_relation/videos/1019_4612723694_1486_1681.mp4,yes,no,True
orh,orh:23,orh:23:basic,orh:23:hallucination,external/VideoHallucer/videohallucer_datasets/object_relation/videos/0024_6542914065_0_146.mp4,external/VideoHallucer/videohallucer_datasets/object_relation/videos/0024_6542914065_0_146.mp4,yes,no,True
orh,orh:24,orh:24:basic,orh:24:hallucination,external/VideoHallucer/videohallucer_datasets/object_relation/videos/1007_3972259774_384_1063.mp4,external/VideoHallucer/videohallucer_datasets/object_relation/videos/1007_3972259774_384_1063.mp4,yes,no,True
orh,orh:25,orh:25:basic,orh:25:hallucination,external/VideoHallucer/videohallucer_datasets/object_relation/videos/1007_4976725963_0_19.mp4,external/VideoHallucer/videohallucer_datasets/object_relation/videos/1007_4976725963_0_19.mp4,yes,no,True
orh,orh:26,orh:26:basic,orh:26:hallucination,external/VideoHallucer/videohallucer_datasets/object_relation/videos/1101_3321261856_0_798.mp4,external/VideoHallucer/videohallucer_datasets/object_relation/videos/1101_3321261856_0_798.mp4,yes,no,True
orh,orh:27,orh:27:basic,orh:27:hallucination,external/VideoHallucer/videohallucer_datasets/object_relation/videos/1202_3218498932_775_892.mp4,external/VideoHallucer/videohallucer_datasets/object_relation/videos/1202_3218498932_775_892.mp4,yes,no,True
orh,orh:28,orh:28:basic,orh:28:hallucination,external/VideoHallucer/videohallucer_datasets/object_relation/videos/1015_8464056582_1078_1339.mp4,external/VideoHallucer/videohallucer_datasets/object_relation/videos/1015_8464056582_1078_1339.mp4,yes,no,True
orh,orh:29,orh:29:basic,orh:29:hallucination,external/VideoHallucer/videohallucer_datasets/object_relation/videos/1011_3550839192_780_973.mp4,external/VideoHallucer/videohallucer_datasets/object_relation/videos/1011_3550839192_780_973.mp4,yes,no,True
orh,orh:3,orh:3:basic,orh:3:hallucination,external/VideoHallucer/videohallucer_datasets/object_relation/videos/1007_4976725963_0_19.mp4,external/VideoHallucer/videohallucer_datasets/object_relation/videos/1007_4976725963_0_19.mp4,yes,no,True
orh,orh:30,orh:30:basic,orh:30:hallucination,external/VideoHallucer/videohallucer_datasets/object_relation/videos/0036_6704169045_2606_2696.mp4,external/VideoHallucer/videohallucer_datasets/object_relation/videos/0036_6704169045_2606_2696.mp4,yes,no,True
orh,orh:31,orh:31:basic,orh:31:hallucination,external/VideoHallucer/videohallucer_datasets/object_relation/videos/1164_6356067859_884_1033.mp4,external/VideoHallucer/videohallucer_datasets/object_relation/videos/1164_6356067859_884_1033.mp4,yes,no,True
orh,orh:32,orh:32:basic,orh:32:hallucination,external/VideoHallucer/videohallucer_datasets/object_relation/videos/1011_2984974097_54_899.mp4,external/VideoHallucer/videohallucer_datasets/object_relation/videos/1011_2984974097_54_899.mp4,yes,no,True
orh,orh:33,orh:33:basic,orh:33:hallucination,external/VideoHallucer/videohallucer_datasets/object_relation/videos/1110_3935853204_457_564.mp4,external/VideoHallucer/videohallucer_datasets/object_relation/videos/1110_3935853204_457_564.mp4,yes,no,True
orh,orh:34,orh:34:basic,orh:34:hallucination,external/VideoHallucer/videohallucer_datasets/object_relation/videos/1001_4889681401_1680_1740.mp4,external/VideoHallucer/videohallucer_datasets/object_relation/videos/1001_4889681401_1680_1740.mp4,yes,no,True
orh,orh:35,orh:35:basic,orh:35:hallucination,external/VideoHallucer/videohallucer_datasets/object_relation/videos/1201_5344655615_540_588.mp4,external/VideoHallucer/videohallucer_datasets/object_relation/videos/1201_5344655615_540_588.mp4,yes,no,True
orh,orh:36,orh:36:basic,orh:36:hallucination,external/VideoHallucer/videohallucer_datasets/object_relation/videos/1009_9408800471_420_510.mp4,external/VideoHallucer/videohallucer_datasets/object_relation/videos/1009_9408800471_420_510.mp4,yes,no,True
orh,orh:37,orh:37:basic,orh:37:hallucination,external/VideoHallucer/videohallucer_datasets/object_relation/videos/1007_5544341146_0_38.mp4,external/VideoHallucer/videohallucer_datasets/object_relation/videos/1007_5544341146_0_38.mp4,yes,no,True
orh,orh:38,orh:38:basic,orh:38:hallucination,external/VideoHallucer/videohallucer_datasets/object_relation/videos/1025_6244382586_150_618.mp4,external/VideoHallucer/videohallucer_datasets/object_relation/videos/1025_6244382586_150_618.mp4,yes,no,True
orh,orh:39,orh:39:basic,orh:39:hallucination,external/VideoHallucer/videohallucer_datasets/object_relation/videos/1010_3066064005_43_361.mp4,external/VideoHallucer/videohallucer_datasets/object_relation/videos/1010_3066064005_43_361.mp4,yes,no,True
orh,orh:4,orh:4:basic,orh:4:hallucination,external/VideoHallucer/videohallucer_datasets/object_relation/videos/0071_4235959165_311_334.mp4,external/VideoHallucer/videohallucer_datasets/object_relation/videos/0071_4235959165_311_334.mp4,yes,no,True
orh,orh:40,orh:40:basic,orh:40:hallucination,external/VideoHallucer/videohallucer_datasets/object_relation/videos/1015_3603906729_120_207.mp4,external/VideoHallucer/videohallucer_datasets/object_relation/videos/1015_3603906729_120_207.mp4,yes,no,True
orh,orh:41,orh:41:basic,orh:41:hallucination,external/VideoHallucer/videohallucer_datasets/object_relation/videos/1164_6617533993_1133_1383.mp4,external/VideoHallucer/videohallucer_datasets/object_relation/videos/1164_6617533993_1133_1383.mp4,yes,no,True
orh,orh:42,orh:42:basic,orh:42:hallucination,external/VideoHallucer/videohallucer_datasets/object_relation/videos/1009_9408800471_60_210.mp4,external/VideoHallucer/videohallucer_datasets/object_relation/videos/1009_9408800471_60_210.mp4,yes,no,True
orh,orh:43,orh:43:basic,orh:43:hallucination,external/VideoHallucer/videohallucer_datasets/object_relation/videos/1015_2480962483_61_106.mp4,external/VideoHallucer/videohallucer_datasets/object_relation/videos/1015_2480962483_61_106.mp4,yes,no,True
orh,orh:44,orh:44:basic,orh:44:hallucination,external/VideoHallucer/videohallucer_datasets/object_relation/videos/0093_3861485381_0_210.mp4,external/VideoHallucer/videohallucer_datasets/object_relation/videos/0093_3861485381_0_210.mp4,yes,no,True
orh,orh:45,orh:45:basic,orh:45:hallucination,external/VideoHallucer/videohallucer_datasets/object_relation/videos/1014_4584426085_1800_1884.mp4,external/VideoHallucer/videohallucer_datasets/object_relation/videos/1014_4584426085_1800_1884.mp4,yes,no,True
orh,orh:46,orh:46:basic,orh:46:hallucination,external/VideoHallucer/videohallucer_datasets/object_relation/videos/1002_9213637099_1305_1366.mp4,external/VideoHallucer/videohallucer_datasets/object_relation/videos/1002_9213637099_1305_1366.mp4,yes,no,True
orh,orh:47,orh:47:basic,orh:47:hallucination,external/VideoHallucer/videohallucer_datasets/object_relation/videos/1001_4889681401_1680_1740.mp4,external/VideoHallucer/videohallucer_datasets/object_relation/videos/1001_4889681401_1680_1740.mp4,yes,no,True
orh,orh:48,orh:48:basic,orh:48:hallucination,external/VideoHallucer/videohallucer_datasets/object_relation/videos/1150_9367977542_0_2065.mp4,external/VideoHallucer/videohallucer_datasets/object_relation/videos/1150_9367977542_0_2065.mp4,yes,no,True
orh,orh:49,orh:49:basic,orh:49:hallucination,external/VideoHallucer/videohallucer_datasets/object_relation/videos/1101_6443512089_2371_2429.mp4,external/VideoHallucer/videohallucer_datasets/object_relation/videos/1101_6443512089_2371_2429.mp4,yes,no,True
orh,orh:5,orh:5:basic,orh:5:hallucination,external/VideoHallucer/videohallucer_datasets/object_relation/videos/1010_4915733559_42_1068.mp4,external/VideoHallucer/videohallucer_datasets/object_relation/videos/1010_4915733559_42_1068.mp4,yes,no,True
orh,orh:50,orh:50:basic,orh:50:hallucination,external/VideoHallucer/videohallucer_datasets/object_relation/videos/1106_5549243726_182_526.mp4,external/VideoHallucer/videohallucer_datasets/object_relation/videos/1106_5549243726_182_526.mp4,yes,no,True
orh,orh:51,orh:51:basic,orh:51:hallucination,external/VideoHallucer/videohallucer_datasets/object_relation/videos/1007_2696280239_254_329.mp4,external/VideoHallucer/videohallucer_datasets/object_relation/videos/1007_2696280239_254_329.mp4,yes,no,True
orh,orh:52,orh:52:basic,orh:52:hallucination,external/VideoHallucer/videohallucer_datasets/object_relation/videos/1015_3194558043_0_691.mp4,external/VideoHallucer/videohallucer_datasets/object_relation/videos/1015_3194558043_0_691.mp4,yes,no,True
orh,orh:53,orh:53:basic,orh:53:hallucination,external/VideoHallucer/videohallucer_datasets/object_relation/videos/1161_3631224968_0_270.mp4,external/VideoHallucer/videohallucer_datasets/object_relation/videos/1161_3631224968_0_270.mp4,yes,no,True
orh,orh:54,orh:54:basic,orh:54:hallucination,external/VideoHallucer/videohallucer_datasets/object_relation/videos/1164_3981865268_1065_1081.mp4,external/VideoHallucer/videohallucer_datasets/object_relation/videos/1164_3981865268_1065_1081.mp4,yes,no,True
orh,orh:55,orh:55:basic,orh:55:hallucination,external/VideoHallucer/videohallucer_datasets/object_relation/videos/1007_7533369046_787_803.mp4,external/VideoHallucer/videohallucer_datasets/object_relation/videos/1007_7533369046_787_803.mp4,yes,no,True
orh,orh:56,orh:56:basic,orh:56:hallucination,external/VideoHallucer/videohallucer_datasets/object_relation/videos/1160_3471421544_1387_1402.mp4,external/VideoHallucer/videohallucer_datasets/object_relation/videos/1160_3471421544_1387_1402.mp4,yes,no,True
orh,orh:57,orh:57:basic,orh:57:hallucination,external/VideoHallucer/videohallucer_datasets/object_relation/videos/0072_3383804222_806_975.mp4,external/VideoHallucer/videohallucer_datasets/object_relation/videos/0072_3383804222_806_975.mp4,yes,no,True
orh,orh:58,orh:58:basic,orh:58:hallucination,external/VideoHallucer/videohallucer_datasets/object_relation/videos/1101_6443512089_2270_2437.mp4,external/VideoHallucer/videohallucer_datasets/object_relation/videos/1101_6443512089_2270_2437.mp4,yes,no,True
orh,orh:59,orh:59:basic,orh:59:hallucination,external/VideoHallucer/videohallucer_datasets/object_relation/videos/0060_5608194207_360_450.mp4,external/VideoHallucer/videohallucer_datasets/object_relation/videos/0060_5608194207_360_450.mp4,yes,no,True
orh,orh:6,orh:6:basic,orh:6:hallucination,external/VideoHallucer/videohallucer_datasets/object_relation/videos/1002_4151403382_1260_1847.mp4,external/VideoHallucer/videohallucer_datasets/object_relation/videos/1002_4151403382_1260_1847.mp4,yes,no,True
orh,orh:60,orh:60:basic,orh:60:hallucination,external/VideoHallucer/videohallucer_datasets/object_relation/videos/1155_4136617240_0_1207.mp4,external/VideoHallucer/videohallucer_datasets/object_relation/videos/1155_4136617240_0_1207.mp4,yes,no,True
orh,orh:61,orh:61:basic,orh:61:hallucination,external/VideoHallucer/videohallucer_datasets/object_relation/videos/1025_8787109801_270_314.mp4,external/VideoHallucer/videohallucer_datasets/object_relation/videos/1025_8787109801_270_314.mp4,yes,no,True
orh,orh:62,orh:62:basic,orh:62:hallucination,external/VideoHallucer/videohallucer_datasets/object_relation/videos/1150_10042935613_0_450.mp4,external/VideoHallucer/videohallucer_datasets/object_relation/videos/1150_10042935613_0_450.mp4,yes,no,True
orh,orh:63,orh:63:basic,orh:63:hallucination,external/VideoHallucer/videohallucer_datasets/object_relation/videos/1010_3285219159_0_216.mp4,external/VideoHallucer/videohallucer_datasets/object_relation/videos/1010_3285219159_0_216.mp4,yes,no,True
orh,orh:64,orh:64:basic,orh:64:hallucination,external/VideoHallucer/videohallucer_datasets/object_relation/videos/1123_4410839941_0_86.mp4,external/VideoHallucer/videohallucer_datasets/object_relation/videos/1123_4410839941_0_86.mp4,yes,no,True
orh,orh:65,orh:65:basic,orh:65:hallucination,external/VideoHallucer/videohallucer_datasets/object_relation/videos/1010_5349766264_192_448.mp4,external/VideoHallucer/videohallucer_datasets/object_relation/videos/1010_5349766264_192_448.mp4,yes,no,True
orh,orh:66,orh:66:basic,orh:66:hallucination,external/VideoHallucer/videohallucer_datasets/object_relation/videos/1014_6628116705_0_90.mp4,external/VideoHallucer/videohallucer_datasets/object_relation/videos/1014_6628116705_0_90.mp4,yes,no,True
orh,orh:67,orh:67:basic,orh:67:hallucination,external/VideoHallucer/videohallucer_datasets/object_relation/videos/1001_8313365386_144_206.mp4,external/VideoHallucer/videohallucer_datasets/object_relation/videos/1001_8313365386_144_206.mp4,yes,no,True
orh,orh:68,orh:68:basic,orh:68:hallucination,external/VideoHallucer/videohallucer_datasets/object_relation/videos/1021_2925298951_0_355.mp4,external/VideoHallucer/videohallucer_datasets/object_relation/videos/1021_2925298951_0_355.mp4,yes,no,True
orh,orh:69,orh:69:basic,orh:69:hallucination,external/VideoHallucer/videohallucer_datasets/object_relation/videos/1155_5945172741_840_882.mp4,external/VideoHallucer/videohallucer_datasets/object_relation/videos/1155_5945172741_840_882.mp4,yes,no,True
orh,orh:7,orh:7:basic,orh:7:hallucination,external/VideoHallucer/videohallucer_datasets/object_relation/videos/1110_4372494989_871_917.mp4,external/VideoHallucer/videohallucer_datasets/object_relation/videos/1110_4372494989_871_917.mp4,yes,no,True
orh,orh:70,orh:70:basic,orh:70:hallucination,external/VideoHallucer/videohallucer_datasets/object_relation/videos/1010_4915733559_970_1068.mp4,external/VideoHallucer/videohallucer_datasets/object_relation/videos/1010_4915733559_970_1068.mp4,yes,no,True
orh,orh:71,orh:71:basic,orh:71:hallucination,external/VideoHallucer/videohallucer_datasets/object_relation/videos/1007_8177965766_354_695.mp4,external/VideoHallucer/videohallucer_datasets/object_relation/videos/1007_8177965766_354_695.mp4,yes,no,True
orh,orh:72,orh:72:basic,orh:72:hallucination,external/VideoHallucer/videohallucer_datasets/object_relation/videos/1101_6244675392_600_727.mp4,external/VideoHallucer/videohallucer_datasets/object_relation/videos/1101_6244675392_600_727.mp4,yes,no,True
orh,orh:73,orh:73:basic,orh:73:hallucination,external/VideoHallucer/videohallucer_datasets/object_relation/videos/0036_6704169045_2669_2697.mp4,external/VideoHallucer/videohallucer_datasets/object_relation/videos/0036_6704169045_2669_2697.mp4,yes,no,True
orh,orh:74,orh:74:basic,orh:74:hallucination,external/VideoHallucer/videohallucer_datasets/object_relation/videos/1014_6628116705_0_150.mp4,external/VideoHallucer/videohallucer_datasets/object_relation/videos/1014_6628116705_0_150.mp4,yes,no,True
orh,orh:75,orh:75:basic,orh:75:hallucination,external/VideoHallucer/videohallucer_datasets/object_relation/videos/1201_5658916668_420_642.mp4,external/VideoHallucer/videohallucer_datasets/object_relation/videos/1201_5658916668_420_642.mp4,yes,no,True
orh,orh:76,orh:76:basic,orh:76:hallucination,external/VideoHallucer/videohallucer_datasets/object_relation/videos/1010_4915733559_540_889.mp4,external/VideoHallucer/videohallucer_datasets/object_relation/videos/1010_4915733559_540_889.mp4,yes,no,True
orh,orh:77,orh:77:basic,orh:77:hallucination,external/VideoHallucer/videohallucer_datasets/object_relation/videos/1028_5533380417_0_390.mp4,external/VideoHallucer/videohallucer_datasets/object_relation/videos/1028_5533380417_0_390.mp4,yes,no,True
orh,orh:78,orh:78:basic,orh:78:hallucination,external/VideoHallucer/videohallucer_datasets/object_relation/videos/1012_4024008346_321_329.mp4,external/VideoHallucer/videohallucer_datasets/object_relation/videos/1012_4024008346_321_329.mp4,yes,no,True
orh,orh:79,orh:79:basic,orh:79:hallucination,external/VideoHallucer/videohallucer_datasets/object_relation/videos/1160_4179163342_0_1271.mp4,external/VideoHallucer/videohallucer_datasets/object_relation/videos/1160_4179163342_0_1271.mp4,yes,no,True
orh,orh:8,orh:8:basic,orh:8:hallucination,external/VideoHallucer/videohallucer_datasets/object_relation/videos/1002_5686660408_39_87.mp4,external/VideoHallucer/videohallucer_datasets/object_relation/videos/1002_5686660408_39_87.mp4,yes,no,True
orh,orh:80,orh:80:basic,orh:80:hallucination,external/VideoHallucer/videohallucer_datasets/object_relation/videos/1013_4671452046_94_447.mp4,external/VideoHallucer/videohallucer_datasets/object_relation/videos/1013_4671452046_94_447.mp4,yes,no,True
orh,orh:81,orh:81:basic,orh:81:hallucination,external/VideoHallucer/videohallucer_datasets/object_relation/videos/1104_4742307275_139_193.mp4,external/VideoHallucer/videohallucer_datasets/object_relation/videos/1104_4742307275_139_193.mp4,yes,no,True
orh,orh:82,orh:82:basic,orh:82:hallucination,external/VideoHallucer/videohallucer_datasets/object_relation/videos/0049_5349969207_1143_1192.mp4,external/VideoHallucer/videohallucer_datasets/object_relation/videos/0049_5349969207_1143_1192.mp4,yes,no,True
orh,orh:83,orh:83:basic,orh:83:hallucination,external/VideoHallucer/videohallucer_datasets/object_relation/videos/1014_4626085492_436_581.mp4,external/VideoHallucer/videohallucer_datasets/object_relation/videos/1014_4626085492_436_581.mp4,yes,no,True
orh,orh:84,orh:84:basic,orh:84:hallucination,external/VideoHallucer/videohallucer_datasets/object_relation/videos/1164_4391941521_0_270.mp4,external/VideoHallucer/videohallucer_datasets/object_relation/videos/1164_4391941521_0_270.mp4,yes,no,True
orh,orh:85,orh:85:basic,orh:85:hallucination,external/VideoHallucer/videohallucer_datasets/object_relation/videos/0048_3846475848_1063_1078.mp4,external/VideoHallucer/videohallucer_datasets/object_relation/videos/0048_3846475848_1063_1078.mp4,yes,no,True
orh,orh:86,orh:86:basic,orh:86:hallucination,external/VideoHallucer/videohallucer_datasets/object_relation/videos/1010_4915733559_40_1068.mp4,external/VideoHallucer/videohallucer_datasets/object_relation/videos/1010_4915733559_40_1068.mp4,yes,no,True
orh,orh:87,orh:87:basic,orh:87:hallucination,external/VideoHallucer/videohallucer_datasets/object_relation/videos/1124_7605329840_256_629.mp4,external/VideoHallucer/videohallucer_datasets/object_relation/videos/1124_7605329840_256_629.mp4,yes,no,True
orh,orh:88,orh:88:basic,orh:88:hallucination,external/VideoHallucer/videohallucer_datasets/object_relation/videos/1021_9565310990_540_609.mp4,external/VideoHallucer/videohallucer_datasets/object_relation/videos/1021_9565310990_540_609.mp4,yes,no,True
orh,orh:89,orh:89:basic,orh:89:hallucination,external/VideoHallucer/videohallucer_datasets/object_relation/videos/1009_9408800471_560_565.mp4,external/VideoHallucer/videohallucer_datasets/object_relation/videos/1009_9408800471_560_565.mp4,yes,no,True
orh,orh:9,orh:9:basic,orh:9:hallucination,external/VideoHallucer/videohallucer_datasets/object_relation/videos/1007_4976725963_0_490.mp4,external/VideoHallucer/videohallucer_datasets/object_relation/videos/1007_4976725963_0_490.mp4,yes,no,True
orh,orh:90,orh:90:basic,orh:90:hallucination,external/VideoHallucer/videohallucer_datasets/object_relation/videos/1052_7887764754_480_630.mp4,external/VideoHallucer/videohallucer_datasets/object_relation/videos/1052_7887764754_480_630.mp4,yes,no,True
orh,orh:91,orh:91:basic,orh:91:hallucination,external/VideoHallucer/videohallucer_datasets/object_relation/videos/1164_4391941521_0_270.mp4,external/VideoHallucer/videohallucer_datasets/object_relation/videos/1164_4391941521_0_270.mp4,yes,no,True
orh,orh:92,orh:92:basic,orh:92:hallucination,external/VideoHallucer/videohallucer_datasets/object_relation/videos/1019_4612723694_523_546.mp4,external/VideoHallucer/videohallucer_datasets/object_relation/videos/1019_4612723694_523_546.mp4,yes,no,True
orh,orh:93,orh:93:basic,orh:93:hallucination,external/VideoHallucer/videohallucer_datasets/object_relation/videos/0084_3261079025_39_198.mp4,external/VideoHallucer/videohallucer_datasets/object_relation/videos/0084_3261079025_39_198.mp4,yes,no,True
orh,orh:94,orh:94:basic,orh:94:hallucination,external/VideoHallucer/videohallucer_datasets/object_relation/videos/1009_4542882771_0_866.mp4,external/VideoHallucer/videohallucer_datasets/object_relation/videos/1009_4542882771_0_866.mp4,yes,no,True
orh,orh:95,orh:95:basic,orh:95:hallucination,external/VideoHallucer/videohallucer_datasets/object_relation/videos/1002_6592821115_945_1057.mp4,external/VideoHallucer/videohallucer_datasets/object_relation/videos/1002_6592821115_945_1057.mp4,yes,no,True
orh,orh:96,orh:96:basic,orh:96:hallucination,external/VideoHallucer/videohallucer_datasets/object_relation/videos/0024_5328004991_60_150.mp4,external/VideoHallucer/videohallucer_datasets/object_relation/videos/0024_5328004991_60_150.mp4,yes,no,True
orh,orh:97,orh:97:basic,orh:97:hallucination,external/VideoHallucer/videohallucer_datasets/object_relation/videos/1162_3046900922_113_355.mp4,external/VideoHallucer/videohallucer_datasets/object_relation/videos/1162_3046900922_113_355.mp4,yes,no,True
orh,orh:98,orh:98:basic,orh:98:hallucination,external/VideoHallucer/videohallucer_datasets/object_relation/videos/1009_2975784201_219_242.mp4,external/VideoHallucer/videohallucer_datasets/object_relation/videos/1009_2975784201_219_242.mp4,yes,no,True
orh,orh:99,orh:99:basic,orh:99:hallucination,external/VideoHallucer/videohallucer_datasets/object_relation/videos/1011_3550839192_420_973.mp4,external/VideoHallucer/videohallucer_datasets/object_relation/videos/1011_3550839192_420_973.mp4,yes,no,True
sdh,sdh:0,sdh:0:basic,sdh:0:hallucination,external/VideoHallucer/videohallucer_datasets/semantic_detail/videos/hp2YHxZ2v_k_a.mp4,external/VideoHallucer/videohallucer_datasets/semantic_detail/videos/hp2YHxZ2v_k_b.mp4,yes,no,True
sdh,sdh:1,sdh:1:basic,sdh:1:hallucination,external/VideoHallucer/videohallucer_datasets/semantic_detail/videos/hxc--vbjrOU_b.mp4,external/VideoHallucer/videohallucer_datasets/semantic_detail/videos/hxc--vbjrOU_a.mp4,yes,no,True
sdh,sdh:10,sdh:10:basic,sdh:10:hallucination,external/VideoHallucer/videohallucer_datasets/semantic_detail/videos/jb7YZwHICWc_a.mp4,external/VideoHallucer/videohallucer_datasets/semantic_detail/videos/jb7YZwHICWc_b.mp4,yes,no,True
sdh,sdh:100,sdh:100:basic,sdh:100:hallucination,external/VideoHallucer/videohallucer_datasets/semantic_detail/videos/hyXWLbHTHEU_b.mp4,external/VideoHallucer/videohallucer_datasets/semantic_detail/videos/hyXWLbHTHEU_a.mp4,yes,no,True
sdh,sdh:101,sdh:101:basic,sdh:101:hallucination,external/VideoHallucer/videohallucer_datasets/semantic_detail/videos/iqBquTBcdNg_b.mp4,external/VideoHallucer/videohallucer_datasets/semantic_detail/videos/iqBquTBcdNg_a.mp4,yes,no,True
sdh,sdh:102,sdh:102:basic,sdh:102:hallucination,external/VideoHallucer/videohallucer_datasets/semantic_detail/videos/K4hyID33lWE_b.mp4,external/VideoHallucer/videohallucer_datasets/semantic_detail/videos/K4hyID33lWE_a.mp4,yes,no,True
sdh,sdh:103,sdh:103:basic,sdh:103:hallucination,external/VideoHallucer/videohallucer_datasets/semantic_detail/videos/KB0CZJ8sBn8_a.mp4,external/VideoHallucer/videohallucer_datasets/semantic_detail/videos/KB0CZJ8sBn8_b.mp4,yes,no,True
sdh,sdh:104,sdh:104:basic,sdh:104:hallucination,external/VideoHallucer/videohallucer_datasets/semantic_detail/videos/iDeFY6E9eRM_b.mp4,external/VideoHallucer/videohallucer_datasets/semantic_detail/videos/iDeFY6E9eRM_a.mp4,yes,no,True
sdh,sdh:105,sdh:105:basic,sdh:105:hallucination,external/VideoHallucer/videohallucer_datasets/semantic_detail/videos/j-d4qpYaDHY_a.mp4,external/VideoHallucer/videohallucer_datasets/semantic_detail/videos/j-d4qpYaDHY_b.mp4,yes,no,True
sdh,sdh:106,sdh:106:basic,sdh:106:hallucination,external/VideoHallucer/videohallucer_datasets/semantic_detail/videos/iXNRpyzk4XM_b.mp4,external/VideoHallucer/videohallucer_datasets/semantic_detail/videos/iXNRpyzk4XM_a.mp4,yes,no,True
sdh,sdh:107,sdh:107:basic,sdh:107:hallucination,external/VideoHallucer/videohallucer_datasets/semantic_detail/videos/jZnEWP1UIXk_a.mp4,external/VideoHallucer/videohallucer_datasets/semantic_detail/videos/jZnEWP1UIXk_b.mp4,yes,no,True
sdh,sdh:108,sdh:108:basic,sdh:108:hallucination,external/VideoHallucer/videohallucer_datasets/semantic_detail/videos/KXq30EUWtG4_a.mp4,external/VideoHallucer/videohallucer_datasets/semantic_detail/videos/KXq30EUWtG4_b.mp4,yes,no,True
sdh,sdh:109,sdh:109:basic,sdh:109:hallucination,external/VideoHallucer/videohallucer_datasets/semantic_detail/videos/KefN1Lk0NnE_a.mp4,external/VideoHallucer/videohallucer_datasets/semantic_detail/videos/KefN1Lk0NnE_b.mp4,yes,no,True
sdh,sdh:11,sdh:11:basic,sdh:11:hallucination,external/VideoHallucer/videohallucer_datasets/semantic_detail/videos/jGCJKDFwJc0_a.mp4,external/VideoHallucer/videohallucer_datasets/semantic_detail/videos/jGCJKDFwJc0_b.mp4,yes,no,True
sdh,sdh:110,sdh:110:basic,sdh:110:hallucination,external/VideoHallucer/videohallucer_datasets/semantic_detail/videos/iAiIWHZRrMM_a.mp4,external/VideoHallucer/videohallucer_datasets/semantic_detail/videos/iAiIWHZRrMM_b.mp4,yes,no,True
sdh,sdh:111,sdh:111:basic,sdh:111:hallucination,external/VideoHallucer/videohallucer_datasets/semantic_detail/videos/jCz5WB_AylQ_b.mp4,external/VideoHallucer/videohallucer_datasets/semantic_detail/videos/jCz5WB_AylQ_a.mp4,yes,no,True
sdh,sdh:112,sdh:112:basic,sdh:112:hallucination,external/VideoHallucer/videohallucer_datasets/semantic_detail/videos/Jy6DFCF1Acc_b.mp4,external/VideoHallucer/videohallucer_datasets/semantic_detail/videos/Jy6DFCF1Acc_a.mp4,yes,no,True
sdh,sdh:113,sdh:113:basic,sdh:113:hallucination,external/VideoHallucer/videohallucer_datasets/semantic_detail/videos/jIsJw8O1U6E_b.mp4,external/VideoHallucer/videohallucer_datasets/semantic_detail/videos/jIsJw8O1U6E_a.mp4,yes,no,True
sdh,sdh:114,sdh:114:basic,sdh:114:hallucination,external/VideoHallucer/videohallucer_datasets/semantic_detail/videos/jYGIb9Qwpok_a.mp4,external/VideoHallucer/videohallucer_datasets/semantic_detail/videos/jYGIb9Qwpok_b.mp4,yes,no,True
sdh,sdh:115,sdh:115:basic,sdh:115:hallucination,external/VideoHallucer/videohallucer_datasets/semantic_detail/videos/hvXC5ZQ0ak0_a.mp4,external/VideoHallucer/videohallucer_datasets/semantic_detail/videos/hvXC5ZQ0ak0_b.mp4,yes,no,True
sdh,sdh:116,sdh:116:basic,sdh:116:hallucination,external/VideoHallucer/videohallucer_datasets/semantic_detail/videos/jQPIzE0zcp0_b.mp4,external/VideoHallucer/videohallucer_datasets/semantic_detail/videos/jQPIzE0zcp0_a.mp4,yes,no,True
sdh,sdh:117,sdh:117:basic,sdh:117:hallucination,external/VideoHallucer/videohallucer_datasets/semantic_detail/videos/j44mTfXbSQ0_b.mp4,external/VideoHallucer/videohallucer_datasets/semantic_detail/videos/j44mTfXbSQ0_a.mp4,yes,no,True
sdh,sdh:118,sdh:118:basic,sdh:118:hallucination,external/VideoHallucer/videohallucer_datasets/semantic_detail/videos/j-wkYTwDyA4_a.mp4,external/VideoHallucer/videohallucer_datasets/semantic_detail/videos/j-wkYTwDyA4_b.mp4,yes,no,True
sdh,sdh:119,sdh:119:basic,sdh:119:hallucination,external/VideoHallucer/videohallucer_datasets/semantic_detail/videos/kO6dnd_D_T4_b.mp4,external/VideoHallucer/videohallucer_datasets/semantic_detail/videos/kO6dnd_D_T4_a.mp4,yes,no,True
sdh,sdh:12,sdh:12:basic,sdh:12:hallucination,external/VideoHallucer/videohallucer_datasets/semantic_detail/videos/jPBy6VTCfnM_b.mp4,external/VideoHallucer/videohallucer_datasets/semantic_detail/videos/jPBy6VTCfnM_a.mp4,yes,no,True
sdh,sdh:120,sdh:120:basic,sdh:120:hallucination,external/VideoHallucer/videohallucer_datasets/semantic_detail/videos/JyKzj1PSw4c_b.mp4,external/VideoHallucer/videohallucer_datasets/semantic_detail/videos/JyKzj1PSw4c_a.mp4,yes,no,True
sdh,sdh:121,sdh:121:basic,sdh:121:hallucination,external/VideoHallucer/videohallucer_datasets/semantic_detail/videos/jUruugIPbBU_a.mp4,external/VideoHallucer/videohallucer_datasets/semantic_detail/videos/jUruugIPbBU_b.mp4,yes,no,True
sdh,sdh:122,sdh:122:basic,sdh:122:hallucination,external/VideoHallucer/videohallucer_datasets/semantic_detail/videos/kDLXgZ2EMWE_a.mp4,external/VideoHallucer/videohallucer_datasets/semantic_detail/videos/kDLXgZ2EMWE_b.mp4,yes,no,True
sdh,sdh:123,sdh:123:basic,sdh:123:hallucination,external/VideoHallucer/videohallucer_datasets/semantic_detail/videos/izTK3jL8CJo_b.mp4,external/VideoHallucer/videohallucer_datasets/semantic_detail/videos/izTK3jL8CJo_a.mp4,yes,no,True
sdh,sdh:124,sdh:124:basic,sdh:124:hallucination,external/VideoHallucer/videohallucer_datasets/semantic_detail/videos/iEdGsSHfobI_a.mp4,external/VideoHallucer/videohallucer_datasets/semantic_detail/videos/iEdGsSHfobI_b.mp4,yes,no,True
sdh,sdh:125,sdh:125:basic,sdh:125:hallucination,external/VideoHallucer/videohallucer_datasets/semantic_detail/videos/i3RU_byJYNk_a.mp4,external/VideoHallucer/videohallucer_datasets/semantic_detail/videos/i3RU_byJYNk_b.mp4,yes,no,True
sdh,sdh:126,sdh:126:basic,sdh:126:hallucination,external/VideoHallucer/videohallucer_datasets/semantic_detail/videos/iATOwZRl8Mg_a.mp4,external/VideoHallucer/videohallucer_datasets/semantic_detail/videos/iATOwZRl8Mg_b.mp4,yes,no,True
sdh,sdh:127,sdh:127:basic,sdh:127:hallucination,external/VideoHallucer/videohallucer_datasets/semantic_detail/videos/ibjylmFAr98_a.mp4,external/VideoHallucer/videohallucer_datasets/semantic_detail/videos/ibjylmFAr98_b.mp4,yes,no,True
sdh,sdh:128,sdh:128:basic,sdh:128:hallucination,external/VideoHallucer/videohallucer_datasets/semantic_detail/videos/iXPyxHa7cls_b.mp4,external/VideoHallucer/videohallucer_datasets/semantic_detail/videos/iXPyxHa7cls_a.mp4,yes,no,True
sdh,sdh:129,sdh:129:basic,sdh:129:hallucination,external/VideoHallucer/videohallucer_datasets/semantic_detail/videos/iDjVlTaeC0g_a.mp4,external/VideoHallucer/videohallucer_datasets/semantic_detail/videos/iDjVlTaeC0g_b.mp4,yes,no,True
sdh,sdh:13,sdh:13:basic,sdh:13:hallucination,external/VideoHallucer/videohallucer_datasets/semantic_detail/videos/jsF409OUHZU_a.mp4,external/VideoHallucer/videohallucer_datasets/semantic_detail/videos/jsF409OUHZU_b.mp4,yes,no,True
sdh,sdh:130,sdh:130:basic,sdh:130:hallucination,external/VideoHallucer/videohallucer_datasets/semantic_detail/videos/KjfkwEiXZl0_b.mp4,external/VideoHallucer/videohallucer_datasets/semantic_detail/videos/KjfkwEiXZl0_a.mp4,yes,no,True
sdh,sdh:131,sdh:131:basic,sdh:131:hallucination,external/VideoHallucer/videohallucer_datasets/semantic_detail/videos/iE2dDKsgN-4_a.mp4,external/VideoHallucer/videohallucer_datasets/semantic_detail/videos/iE2dDKsgN-4_b.mp4,yes,no,True
sdh,sdh:132,sdh:132:basic,sdh:132:hallucination,external/VideoHallucer/videohallucer_datasets/semantic_detail/videos/KJJIT6JWXCo_a.mp4,external/VideoHallucer/videohallucer_datasets/semantic_detail/videos/KJJIT6JWXCo_b.mp4,yes,no,True
sdh,sdh:133,sdh:133:basic,sdh:133:hallucination,external/VideoHallucer/videohallucer_datasets/semantic_detail/videos/KFQat3H4HGo_b.mp4,external/VideoHallucer/videohallucer_datasets/semantic_detail/videos/KFQat3H4HGo_a.mp4,yes,no,True
sdh,sdh:134,sdh:134:basic,sdh:134:hallucination,external/VideoHallucer/videohallucer_datasets/semantic_detail/videos/iC0jRhtH4mw_b.mp4,external/VideoHallucer/videohallucer_datasets/semantic_detail/videos/iC0jRhtH4mw_a.mp4,yes,no,True
sdh,sdh:135,sdh:135:basic,sdh:135:hallucination,external/VideoHallucer/videohallucer_datasets/semantic_detail/videos/iYyb7v4_HdM_a.mp4,external/VideoHallucer/videohallucer_datasets/semantic_detail/videos/iYyb7v4_HdM_b.mp4,yes,no,True
sdh,sdh:136,sdh:136:basic,sdh:136:hallucination,external/VideoHallucer/videohallucer_datasets/semantic_detail/videos/KfSongKCTjs_b.mp4,external/VideoHallucer/videohallucer_datasets/semantic_detail/videos/KfSongKCTjs_a.mp4,yes,no,True
sdh,sdh:137,sdh:137:basic,sdh:137:hallucination,external/VideoHallucer/videohallucer_datasets/semantic_detail/videos/jNUaFrgRPM8_b.mp4,external/VideoHallucer/videohallucer_datasets/semantic_detail/videos/jNUaFrgRPM8_a.mp4,yes,no,True
sdh,sdh:138,sdh:138:basic,sdh:138:hallucination,external/VideoHallucer/videohallucer_datasets/semantic_detail/videos/iPaxrbOoHlY_b.mp4,external/VideoHallucer/videohallucer_datasets/semantic_detail/videos/iPaxrbOoHlY_a.mp4,yes,no,True
sdh,sdh:139,sdh:139:basic,sdh:139:hallucination,external/VideoHallucer/videohallucer_datasets/semantic_detail/videos/Kdbfgpmkt2A_a.mp4,external/VideoHallucer/videohallucer_datasets/semantic_detail/videos/Kdbfgpmkt2A_b.mp4,yes,no,True
sdh,sdh:14,sdh:14:basic,sdh:14:hallucination,external/VideoHallucer/videohallucer_datasets/semantic_detail/videos/k7fCasoFON8_a.mp4,external/VideoHallucer/videohallucer_datasets/semantic_detail/videos/k7fCasoFON8_b.mp4,yes,no,True
sdh,sdh:140,sdh:140:basic,sdh:140:hallucination,external/VideoHallucer/videohallucer_datasets/semantic_detail/videos/ieyyxRugWy0_b.mp4,external/VideoHallucer/videohallucer_datasets/semantic_detail/videos/ieyyxRugWy0_a.mp4,yes,no,True
sdh,sdh:141,sdh:141:basic,sdh:141:hallucination,external/VideoHallucer/videohallucer_datasets/semantic_detail/videos/kKN8aFe0QDA_b.mp4,external/VideoHallucer/videohallucer_datasets/semantic_detail/videos/kKN8aFe0QDA_a.mp4,yes,no,True
sdh,sdh:142,sdh:142:basic,sdh:142:hallucination,external/VideoHallucer/videohallucer_datasets/semantic_detail/videos/i4A42DwuPU0_b.mp4,external/VideoHallucer/videohallucer_datasets/semantic_detail/videos/i4A42DwuPU0_a.mp4,yes,no,True
sdh,sdh:143,sdh:143:basic,sdh:143:hallucination,external/VideoHallucer/videohallucer_datasets/semantic_detail/videos/i3a5p131wpA_a.mp4,external/VideoHallucer/videohallucer_datasets/semantic_detail/videos/i3a5p131wpA_b.mp4,yes,no,True
sdh,sdh:144,sdh:144:basic,sdh:144:hallucination,external/VideoHallucer/videohallucer_datasets/semantic_detail/videos/k6OEZ9NHp94_b.mp4,external/VideoHallucer/videohallucer_datasets/semantic_detail/videos/k6OEZ9NHp94_a.mp4,yes,no,True
sdh,sdh:145,sdh:145:basic,sdh:145:hallucination,external/VideoHallucer/videohallucer_datasets/semantic_detail/videos/KFl3Va5UUJ0_a.mp4,external/VideoHallucer/videohallucer_datasets/semantic_detail/videos/KFl3Va5UUJ0_b.mp4,yes,no,True
sdh,sdh:146,sdh:146:basic,sdh:146:hallucination,external/VideoHallucer/videohallucer_datasets/semantic_detail/videos/jYJOPr2z-Rg_b.mp4,external/VideoHallucer/videohallucer_datasets/semantic_detail/videos/jYJOPr2z-Rg_a.mp4,yes,no,True
sdh,sdh:147,sdh:147:basic,sdh:147:hallucination,external/VideoHallucer/videohallucer_datasets/semantic_detail/videos/iE2FcuMbIfA_a.mp4,external/VideoHallucer/videohallucer_datasets/semantic_detail/videos/iE2FcuMbIfA_b.mp4,yes,no,True
sdh,sdh:148,sdh:148:basic,sdh:148:hallucination,external/VideoHallucer/videohallucer_datasets/semantic_detail/videos/irfd74z52Cw_b.mp4,external/VideoHallucer/videohallucer_datasets/semantic_detail/videos/irfd74z52Cw_a.mp4,yes,no,True
sdh,sdh:149,sdh:149:basic,sdh:149:hallucination,external/VideoHallucer/videohallucer_datasets/semantic_detail/videos/ipUwGKk5KQk_b.mp4,external/VideoHallucer/videohallucer_datasets/semantic_detail/videos/ipUwGKk5KQk_a.mp4,yes,no,True
sdh,sdh:15,sdh:15:basic,sdh:15:hallucination,external/VideoHallucer/videohallucer_datasets/semantic_detail/videos/KcVqDKbeJSc_b.mp4,external/VideoHallucer/videohallucer_datasets/semantic_detail/videos/KcVqDKbeJSc_a.mp4,yes,no,True
sdh,sdh:150,sdh:150:basic,sdh:150:hallucination,external/VideoHallucer/videohallucer_datasets/semantic_detail/videos/i5nX-RYGE4E_a.mp4,external/VideoHallucer/videohallucer_datasets/semantic_detail/videos/i5nX-RYGE4E_b.mp4,yes,no,True
sdh,sdh:151,sdh:151:basic,sdh:151:hallucination,external/VideoHallucer/videohallucer_datasets/semantic_detail/videos/jQRLBFe0N-s_b.mp4,external/VideoHallucer/videohallucer_datasets/semantic_detail/videos/jQRLBFe0N-s_a.mp4,yes,no,True
sdh,sdh:152,sdh:152:basic,sdh:152:hallucination,external/VideoHallucer/videohallucer_datasets/semantic_detail/videos/K5YIPArVj_o_b.mp4,external/VideoHallucer/videohallucer_datasets/semantic_detail/videos/K5YIPArVj_o_a.mp4,yes,no,True
sdh,sdh:153,sdh:153:basic,sdh:153:hallucination,external/VideoHallucer/videohallucer_datasets/semantic_detail/videos/jV9i1qUVPu0_b.mp4,external/VideoHallucer/videohallucer_datasets/semantic_detail/videos/jV9i1qUVPu0_a.mp4,yes,no,True
sdh,sdh:154,sdh:154:basic,sdh:154:hallucination,external/VideoHallucer/videohallucer_datasets/semantic_detail/videos/K3-4nSbhQN4_b.mp4,external/VideoHallucer/videohallucer_datasets/semantic_detail/videos/K3-4nSbhQN4_a.mp4,yes,no,True
sdh,sdh:155,sdh:155:basic,sdh:155:hallucination,external/VideoHallucer/videohallucer_datasets/semantic_detail/videos/j2rOC3DkAys_b.mp4,external/VideoHallucer/videohallucer_datasets/semantic_detail/videos/j2rOC3DkAys_a.mp4,yes,no,True
sdh,sdh:156,sdh:156:basic,sdh:156:hallucination,external/VideoHallucer/videohallucer_datasets/semantic_detail/videos/iRMuYhQznZc_b.mp4,external/VideoHallucer/videohallucer_datasets/semantic_detail/videos/iRMuYhQznZc_a.mp4,yes,no,True
sdh,sdh:157,sdh:157:basic,sdh:157:hallucination,external/VideoHallucer/videohallucer_datasets/semantic_detail/videos/ijuRelMf9XQ_b.mp4,external/VideoHallucer/videohallucer_datasets/semantic_detail/videos/ijuRelMf9XQ_a.mp4,yes,no,True
sdh,sdh:158,sdh:158:basic,sdh:158:hallucination,external/VideoHallucer/videohallucer_datasets/semantic_detail/videos/K7CFlkhDgM0_b.mp4,external/VideoHallucer/videohallucer_datasets/semantic_detail/videos/K7CFlkhDgM0_a.mp4,yes,no,True
sdh,sdh:159,sdh:159:basic,sdh:159:hallucination,external/VideoHallucer/videohallucer_datasets/semantic_detail/videos/isFuyZjM04k_a.mp4,external/VideoHallucer/videohallucer_datasets/semantic_detail/videos/isFuyZjM04k_b.mp4,yes,no,True
sdh,sdh:16,sdh:16:basic,sdh:16:hallucination,external/VideoHallucer/videohallucer_datasets/semantic_detail/videos/kGN8LSB76-s_b.mp4,external/VideoHallucer/videohallucer_datasets/semantic_detail/videos/kGN8LSB76-s_a.mp4,yes,no,True
sdh,sdh:160,sdh:160:basic,sdh:160:hallucination,external/VideoHallucer/videohallucer_datasets/semantic_detail/videos/jC02YKKaX5I_b.mp4,external/VideoHallucer/videohallucer_datasets/semantic_detail/videos/jC02YKKaX5I_a.mp4,yes,no,True
sdh,sdh:161,sdh:161:basic,sdh:161:hallucination,external/VideoHallucer/videohallucer_datasets/semantic_detail/videos/iwVeoiDL7Y4_b.mp4,external/VideoHallucer/videohallucer_datasets/semantic_detail/videos/iwVeoiDL7Y4_a.mp4,yes,no,True
sdh,sdh:162,sdh:162:basic,sdh:162:hallucination,external/VideoHallucer/videohallucer_datasets/semantic_detail/videos/k9w1Rzw9pnQ_a.mp4,external/VideoHallucer/videohallucer_datasets/semantic_detail/videos/k9w1Rzw9pnQ_b.mp4,yes,no,True
sdh,sdh:163,sdh:163:basic,sdh:163:hallucination,external/VideoHallucer/videohallucer_datasets/semantic_detail/videos/k9jjGcujVVg_b.mp4,external/VideoHallucer/videohallucer_datasets/semantic_detail/videos/k9jjGcujVVg_a.mp4,yes,no,True
sdh,sdh:164,sdh:164:basic,sdh:164:hallucination,external/VideoHallucer/videohallucer_datasets/semantic_detail/videos/iopUrQf3m88_a.mp4,external/VideoHallucer/videohallucer_datasets/semantic_detail/videos/iopUrQf3m88_b.mp4,yes,no,True
sdh,sdh:165,sdh:165:basic,sdh:165:hallucination,external/VideoHallucer/videohallucer_datasets/semantic_detail/videos/isLoryRckx0_a.mp4,external/VideoHallucer/videohallucer_datasets/semantic_detail/videos/isLoryRckx0_b.mp4,yes,no,True
sdh,sdh:166,sdh:166:basic,sdh:166:hallucination,external/VideoHallucer/videohallucer_datasets/semantic_detail/videos/iVpFVfhjHZw_b.mp4,external/VideoHallucer/videohallucer_datasets/semantic_detail/videos/iVpFVfhjHZw_a.mp4,yes,no,True
sdh,sdh:167,sdh:167:basic,sdh:167:hallucination,external/VideoHallucer/videohallucer_datasets/semantic_detail/videos/iiybwznbgBw_b.mp4,external/VideoHallucer/videohallucer_datasets/semantic_detail/videos/iiybwznbgBw_a.mp4,yes,no,True
sdh,sdh:168,sdh:168:basic,sdh:168:hallucination,external/VideoHallucer/videohallucer_datasets/semantic_detail/videos/i7xyvP8WND8_a.mp4,external/VideoHallucer/videohallucer_datasets/semantic_detail/videos/i7xyvP8WND8_b.mp4,yes,no,True
sdh,sdh:169,sdh:169:basic,sdh:169:hallucination,external/VideoHallucer/videohallucer_datasets/semantic_detail/videos/jXz8ysB5FyQ_b.mp4,external/VideoHallucer/videohallucer_datasets/semantic_detail/videos/jXz8ysB5FyQ_a.mp4,yes,no,True
sdh,sdh:17,sdh:17:basic,sdh:17:hallucination,external/VideoHallucer/videohallucer_datasets/semantic_detail/videos/Kj-PPO0bjUM_a.mp4,external/VideoHallucer/videohallucer_datasets/semantic_detail/videos/Kj-PPO0bjUM_b.mp4,yes,no,True
sdh,sdh:170,sdh:170:basic,sdh:170:hallucination,external/VideoHallucer/videohallucer_datasets/semantic_detail/videos/i2ePtSAAEX8_b.mp4,external/VideoHallucer/videohallucer_datasets/semantic_detail/videos/i2ePtSAAEX8_a.mp4,yes,no,True
sdh,sdh:171,sdh:171:basic,sdh:171:hallucination,external/VideoHallucer/videohallucer_datasets/semantic_detail/videos/k0R0giypBiE_a.mp4,external/VideoHallucer/videohallucer_datasets/semantic_detail/videos/k0R0giypBiE_b.mp4,yes,no,True
sdh,sdh:172,sdh:172:basic,sdh:172:hallucination,external/VideoHallucer/videohallucer_datasets/semantic_detail/videos/hwV4_YtFKi8_b.mp4,external/VideoHallucer/videohallucer_datasets/semantic_detail/videos/hwV4_YtFKi8_a.mp4,yes,no,True
sdh,sdh:173,sdh:173:basic,sdh:173:hallucination,external/VideoHallucer/videohallucer_datasets/semantic_detail/videos/juMeog7VPJ8_b.mp4,external/VideoHallucer/videohallucer_datasets/semantic_detail/videos/juMeog7VPJ8_a.mp4,yes,no,True
sdh,sdh:174,sdh:174:basic,sdh:174:hallucination,external/VideoHallucer/videohallucer_datasets/semantic_detail/videos/iD11LsYukgM_b.mp4,external/VideoHallucer/videohallucer_datasets/semantic_detail/videos/iD11LsYukgM_a.mp4,yes,no,True
sdh,sdh:175,sdh:175:basic,sdh:175:hallucination,external/VideoHallucer/videohallucer_datasets/semantic_detail/videos/jVldDqiLea4_b.mp4,external/VideoHallucer/videohallucer_datasets/semantic_detail/videos/jVldDqiLea4_a.mp4,yes,no,True
sdh,sdh:176,sdh:176:basic,sdh:176:hallucination,external/VideoHallucer/videohallucer_datasets/semantic_detail/videos/i9hTAtvuWWk_a.mp4,external/VideoHallucer/videohallucer_datasets/semantic_detail/videos/i9hTAtvuWWk_b.mp4,yes,no,True
sdh,sdh:177,sdh:177:basic,sdh:177:hallucination,external/VideoHallucer/videohallucer_datasets/semantic_detail/videos/iRi550h58H8_b.mp4,external/VideoHallucer/videohallucer_datasets/semantic_detail/videos/iRi550h58H8_a.mp4,yes,no,True
sdh,sdh:178,sdh:178:basic,sdh:178:hallucination,external/VideoHallucer/videohallucer_datasets/semantic_detail/videos/KYAQlLfFU7A_a.mp4,external/VideoHallucer/videohallucer_datasets/semantic_detail/videos/KYAQlLfFU7A_b.mp4,yes,no,True
sdh,sdh:179,sdh:179:basic,sdh:179:hallucination,external/VideoHallucer/videohallucer_datasets/semantic_detail/videos/ju7Gg9xwdHw_a.mp4,external/VideoHallucer/videohallucer_datasets/semantic_detail/videos/ju7Gg9xwdHw_b.mp4,yes,no,True
sdh,sdh:18,sdh:18:basic,sdh:18:hallucination,external/VideoHallucer/videohallucer_datasets/semantic_detail/videos/KVjBAqFswrU_b.mp4,external/VideoHallucer/videohallucer_datasets/semantic_detail/videos/KVjBAqFswrU_a.mp4,yes,no,True
sdh,sdh:180,sdh:180:basic,sdh:180:hallucination,external/VideoHallucer/videohallucer_datasets/semantic_detail/videos/jyoTIgEoCtA_b.mp4,external/VideoHallucer/videohallucer_datasets/semantic_detail/videos/jyoTIgEoCtA_a.mp4,yes,no,True
sdh,sdh:181,sdh:181:basic,sdh:181:hallucination,external/VideoHallucer/videohallucer_datasets/semantic_detail/videos/k4gmj1CGxxw_a.mp4,external/VideoHallucer/videohallucer_datasets/semantic_detail/videos/k4gmj1CGxxw_b.mp4,yes,no,True
sdh,sdh:182,sdh:182:basic,sdh:182:hallucination,external/VideoHallucer/videohallucer_datasets/semantic_detail/videos/iLhm3EMSUw8_b.mp4,external/VideoHallucer/videohallucer_datasets/semantic_detail/videos/iLhm3EMSUw8_a.mp4,yes,no,True
sdh,sdh:183,sdh:183:basic,sdh:183:hallucination,external/VideoHallucer/videohallucer_datasets/semantic_detail/videos/j_0expH9yTM_a.mp4,external/VideoHallucer/videohallucer_datasets/semantic_detail/videos/j_0expH9yTM_b.mp4,yes,no,True
sdh,sdh:184,sdh:184:basic,sdh:184:hallucination,external/VideoHallucer/videohallucer_datasets/semantic_detail/videos/iIlT4w1MBpQ_b.mp4,external/VideoHallucer/videohallucer_datasets/semantic_detail/videos/iIlT4w1MBpQ_a.mp4,yes,no,True
sdh,sdh:185,sdh:185:basic,sdh:185:hallucination,external/VideoHallucer/videohallucer_datasets/semantic_detail/videos/kFK5uS6ydvE_a.mp4,external/VideoHallucer/videohallucer_datasets/semantic_detail/videos/kFK5uS6ydvE_b.mp4,yes,no,True
sdh,sdh:186,sdh:186:basic,sdh:186:hallucination,external/VideoHallucer/videohallucer_datasets/semantic_detail/videos/il3SqmFjjoU_a.mp4,external/VideoHallucer/videohallucer_datasets/semantic_detail/videos/il3SqmFjjoU_b.mp4,yes,no,True
sdh,sdh:187,sdh:187:basic,sdh:187:hallucination,external/VideoHallucer/videohallucer_datasets/semantic_detail/videos/irVbbrkaJDE_a.mp4,external/VideoHallucer/videohallucer_datasets/semantic_detail/videos/irVbbrkaJDE_b.mp4,yes,no,True
sdh,sdh:188,sdh:188:basic,sdh:188:hallucination,external/VideoHallucer/videohallucer_datasets/semantic_detail/videos/kLC2SmOonlc_b.mp4,external/VideoHallucer/videohallucer_datasets/semantic_detail/videos/kLC2SmOonlc_a.mp4,yes,no,True
sdh,sdh:189,sdh:189:basic,sdh:189:hallucination,external/VideoHallucer/videohallucer_datasets/semantic_detail/videos/KXWFDo98J60_b.mp4,external/VideoHallucer/videohallucer_datasets/semantic_detail/videos/KXWFDo98J60_a.mp4,yes,no,True
sdh,sdh:19,sdh:19:basic,sdh:19:hallucination,external/VideoHallucer/videohallucer_datasets/semantic_detail/videos/KXn_cvOzGX4_b.mp4,external/VideoHallucer/videohallucer_datasets/semantic_detail/videos/KXn_cvOzGX4_a.mp4,yes,no,True
sdh,sdh:190,sdh:190:basic,sdh:190:hallucination,external/VideoHallucer/videohallucer_datasets/semantic_detail/videos/iGGhDlJr_YQ_b.mp4,external/VideoHallucer/videohallucer_datasets/semantic_detail/videos/iGGhDlJr_YQ_a.mp4,yes,no,True
sdh,sdh:191,sdh:191:basic,sdh:191:hallucination,external/VideoHallucer/videohallucer_datasets/semantic_detail/videos/ilxIJXsdglk_a.mp4,external/VideoHallucer/videohallucer_datasets/semantic_detail/videos/ilxIJXsdglk_b.mp4,yes,no,True
sdh,sdh:192,sdh:192:basic,sdh:192:hallucination,external/VideoHallucer/videohallucer_datasets/semantic_detail/videos/KFvDhd-mpyI_b.mp4,external/VideoHallucer/videohallucer_datasets/semantic_detail/videos/KFvDhd-mpyI_a.mp4,yes,no,True
sdh,sdh:193,sdh:193:basic,sdh:193:hallucination,external/VideoHallucer/videohallucer_datasets/semantic_detail/videos/jg1oEzs2cuE_b.mp4,external/VideoHallucer/videohallucer_datasets/semantic_detail/videos/jg1oEzs2cuE_a.mp4,yes,no,True
sdh,sdh:194,sdh:194:basic,sdh:194:hallucination,external/VideoHallucer/videohallucer_datasets/semantic_detail/videos/j8kMtjCPhBo_a.mp4,external/VideoHallucer/videohallucer_datasets/semantic_detail/videos/j8kMtjCPhBo_b.mp4,yes,no,True
sdh,sdh:195,sdh:195:basic,sdh:195:hallucination,external/VideoHallucer/videohallucer_datasets/semantic_detail/videos/iHwZQMkLVU4_a.mp4,external/VideoHallucer/videohallucer_datasets/semantic_detail/videos/iHwZQMkLVU4_b.mp4,yes,no,True
sdh,sdh:196,sdh:196:basic,sdh:196:hallucination,external/VideoHallucer/videohallucer_datasets/semantic_detail/videos/jIfclsQRVbQ_b.mp4,external/VideoHallucer/videohallucer_datasets/semantic_detail/videos/jIfclsQRVbQ_a.mp4,yes,no,True
sdh,sdh:197,sdh:197:basic,sdh:197:hallucination,external/VideoHallucer/videohallucer_datasets/semantic_detail/videos/j1fuMTBGg3o_b.mp4,external/VideoHallucer/videohallucer_datasets/semantic_detail/videos/j1fuMTBGg3o_a.mp4,yes,no,True
sdh,sdh:198,sdh:198:basic,sdh:198:hallucination,external/VideoHallucer/videohallucer_datasets/semantic_detail/videos/KUY1oSRoty8_b.mp4,external/VideoHallucer/videohallucer_datasets/semantic_detail/videos/KUY1oSRoty8_a.mp4,yes,no,True
sdh,sdh:199,sdh:199:basic,sdh:199:hallucination,external/VideoHallucer/videohallucer_datasets/semantic_detail/videos/j_R-xiVverk_a.mp4,external/VideoHallucer/videohallucer_datasets/semantic_detail/videos/j_R-xiVverk_b.mp4,yes,no,True
sdh,sdh:2,sdh:2:basic,sdh:2:hallucination,external/VideoHallucer/videohallucer_datasets/semantic_detail/videos/i3_OHDIFUNA_b.mp4,external/VideoHallucer/videohallucer_datasets/semantic_detail/videos/i3_OHDIFUNA_a.mp4,yes,no,True
sdh,sdh:20,sdh:20:basic,sdh:20:hallucination,external/VideoHallucer/videohallucer_datasets/semantic_detail/videos/hozzWu46cmk_b.mp4,external/VideoHallucer/videohallucer_datasets/semantic_detail/videos/hozzWu46cmk_a.mp4,yes,no,True
sdh,sdh:21,sdh:21:basic,sdh:21:hallucination,external/VideoHallucer/videohallucer_datasets/semantic_detail/videos/hp4jYAZyUw0_a.mp4,external/VideoHallucer/videohallucer_datasets/semantic_detail/videos/hp4jYAZyUw0_b.mp4,yes,no,True
sdh,sdh:22,sdh:22:basic,sdh:22:hallucination,external/VideoHallucer/videohallucer_datasets/semantic_detail/videos/hrTqvl_ymeI_a.mp4,external/VideoHallucer/videohallucer_datasets/semantic_detail/videos/hrTqvl_ymeI_b.mp4,yes,no,True
sdh,sdh:23,sdh:23:basic,sdh:23:hallucination,external/VideoHallucer/videohallucer_datasets/semantic_detail/videos/hy1rWx-dhog_a.mp4,external/VideoHallucer/videohallucer_datasets/semantic_detail/videos/hy1rWx-dhog_b.mp4,yes,no,True
sdh,sdh:24,sdh:24:basic,sdh:24:hallucination,external/VideoHallucer/videohallucer_datasets/semantic_detail/videos/i2AgYj03n-g_b.mp4,external/VideoHallucer/videohallucer_datasets/semantic_detail/videos/i2AgYj03n-g_a.mp4,yes,no,True
sdh,sdh:25,sdh:25:basic,sdh:25:hallucination,external/VideoHallucer/videohallucer_datasets/semantic_detail/videos/i7Cfw9sfWpY_a.mp4,external/VideoHallucer/videohallucer_datasets/semantic_detail/videos/i7Cfw9sfWpY_b.mp4,yes,no,True
sdh,sdh:26,sdh:26:basic,sdh:26:hallucination,external/VideoHallucer/videohallucer_datasets/semantic_detail/videos/i8Tiw-wRPNw_b.mp4,external/VideoHallucer/videohallucer_datasets/semantic_detail/videos/i8Tiw-wRPNw_a.mp4,yes,no,True
sdh,sdh:27,sdh:27:basic,sdh:27:hallucination,external/VideoHallucer/videohallucer_datasets/semantic_detail/videos/i9n6_3LRSug_a.mp4,external/VideoHallucer/videohallucer_datasets/semantic_detail/videos/i9n6_3LRSug_b.mp4,yes,no,True
sdh,sdh:28,sdh:28:basic,sdh:28:hallucination,external/VideoHallucer/videohallucer_datasets/semantic_detail/videos/iavfIE9XAec_a.mp4,external/VideoHallucer/videohallucer_datasets/semantic_detail/videos/iavfIE9XAec_b.mp4,yes,no,True
sdh,sdh:29,sdh:29:basic,sdh:29:hallucination,external/VideoHallucer/videohallucer_datasets/semantic_detail/videos/ibFXVNU7yXA_b.mp4,external/VideoHallucer/videohallucer_datasets/semantic_detail/videos/ibFXVNU7yXA_a.mp4,yes,no,True
sdh,sdh:3,sdh:3:basic,sdh:3:hallucination,external/VideoHallucer/videohallucer_datasets/semantic_detail/videos/i60pSpcQkJg_b.mp4,external/VideoHallucer/videohallucer_datasets/semantic_detail/videos/i60pSpcQkJg_a.mp4,yes,no,True
sdh,sdh:30,sdh:30:basic,sdh:30:hallucination,external/VideoHallucer/videohallucer_datasets/semantic_detail/videos/ic0hxOBpn7Q_a.mp4,external/VideoHallucer/videohallucer_datasets/semantic_detail/videos/ic0hxOBpn7Q_b.mp4,yes,no,True
sdh,sdh:31,sdh:31:basic,sdh:31:hallucination,external/VideoHallucer/videohallucer_datasets/semantic_detail/videos/icAvVS9a_2I_a.mp4,external/VideoHallucer/videohallucer_datasets/semantic_detail/videos/icAvVS9a_2I_b.mp4,yes,no,True
sdh,sdh:32,sdh:32:basic,sdh:32:hallucination,external/VideoHallucer/videohallucer_datasets/semantic_detail/videos/i-cOSMILr04_a.mp4,external/VideoHallucer/videohallucer_datasets/semantic_detail/videos/i-cOSMILr04_b.mp4,yes,no,True
sdh,sdh:33,sdh:33:basic,sdh:33:hallucination,external/VideoHallucer/videohallucer_datasets/semantic_detail/videos/id2twaQZOvk_a.mp4,external/VideoHallucer/videohallucer_datasets/semantic_detail/videos/id2twaQZOvk_b.mp4,yes,no,True
sdh,sdh:34,sdh:34:basic,sdh:34:hallucination,external/VideoHallucer/videohallucer_datasets/semantic_detail/videos/id-ANJSGsTk_b.mp4,external/VideoHallucer/videohallucer_datasets/semantic_detail/videos/id-ANJSGsTk_a.mp4,yes,no,True
sdh,sdh:35,sdh:35:basic,sdh:35:hallucination,external/VideoHallucer/videohallucer_datasets/semantic_detail/videos/iEBr6EjNsio_b.mp4,external/VideoHallucer/videohallucer_datasets/semantic_detail/videos/iEBr6EjNsio_a.mp4,yes,no,True
sdh,sdh:36,sdh:36:basic,sdh:36:hallucination,external/VideoHallucer/videohallucer_datasets/semantic_detail/videos/iedcEHJyPRQ_a.mp4,external/VideoHallucer/videohallucer_datasets/semantic_detail/videos/iedcEHJyPRQ_b.mp4,yes,no,True
sdh,sdh:37,sdh:37:basic,sdh:37:hallucination,external/VideoHallucer/videohallucer_datasets/semantic_detail/videos/iFaXkHgtlKI_b.mp4,external/VideoHallucer/videohallucer_datasets/semantic_detail/videos/iFaXkHgtlKI_a.mp4,yes,no,True
sdh,sdh:38,sdh:38:basic,sdh:38:hallucination,external/VideoHallucer/videohallucer_datasets/semantic_detail/videos/igzYA7KmVoI_b.mp4,external/VideoHallucer/videohallucer_datasets/semantic_detail/videos/igzYA7KmVoI_a.mp4,yes,no,True
sdh,sdh:39,sdh:39:basic,sdh:39:hallucination,external/VideoHallucer/videohallucer_datasets/semantic_detail/videos/iHeMNK1_ugA_a.mp4,external/VideoHallucer/videohallucer_datasets/semantic_detail/videos/iHeMNK1_ugA_b.mp4,yes,no,True
sdh,sdh:4,sdh:4:basic,sdh:4:hallucination,external/VideoHallucer/videohallucer_datasets/semantic_detail/videos/i83rz8gDO-A_b.mp4,external/VideoHallucer/videohallucer_datasets/semantic_detail/videos/i83rz8gDO-A_a.mp4,yes,no,True
sdh,sdh:40,sdh:40:basic,sdh:40:hallucination,external/VideoHallucer/videohallucer_datasets/semantic_detail/videos/iILceSYNmqo_b.mp4,external/VideoHallucer/videohallucer_datasets/semantic_detail/videos/iILceSYNmqo_a.mp4,yes,no,True
sdh,sdh:41,sdh:41:basic,sdh:41:hallucination,external/VideoHallucer/videohallucer_datasets/semantic_detail/videos/ii_VXUO9VIw_b.mp4,external/VideoHallucer/videohallucer_datasets/semantic_detail/videos/ii_VXUO9VIw_a.mp4,yes,no,True
sdh,sdh:42,sdh:42:basic,sdh:42:hallucination,external/VideoHallucer/videohallucer_datasets/semantic_detail/videos/iIx8qdBmCOA_b.mp4,external/VideoHallucer/videohallucer_datasets/semantic_detail/videos/iIx8qdBmCOA_a.mp4,yes,no,True
sdh,sdh:43,sdh:43:basic,sdh:43:hallucination,external/VideoHallucer/videohallucer_datasets/semantic_detail/videos/ijsUjCgGw60_b.mp4,external/VideoHallucer/videohallucer_datasets/semantic_detail/videos/ijsUjCgGw60_a.mp4,yes,no,True
sdh,sdh:44,sdh:44:basic,sdh:44:hallucination,external/VideoHallucer/videohallucer_datasets/semantic_detail/videos/iKjEoPA0LlY_b.mp4,external/VideoHallucer/videohallucer_datasets/semantic_detail/videos/iKjEoPA0LlY_a.mp4,yes,no,True
sdh,sdh:45,sdh:45:basic,sdh:45:hallucination,external/VideoHallucer/videohallucer_datasets/semantic_detail/videos/iKMhCAd6H0M_a.mp4,external/VideoHallucer/videohallucer_datasets/semantic_detail/videos/iKMhCAd6H0M_b.mp4,yes,no,True
sdh,sdh:46,sdh:46:basic,sdh:46:hallucination,external/VideoHallucer/videohallucer_datasets/semantic_detail/videos/iL9qE0jUcGg_b.mp4,external/VideoHallucer/videohallucer_datasets/semantic_detail/videos/iL9qE0jUcGg_a.mp4,yes,no,True
sdh,sdh:47,sdh:47:basic,sdh:47:hallucination,external/VideoHallucer/videohallucer_datasets/semantic_detail/videos/ioD5sEQAhkM_b.mp4,external/VideoHallucer/videohallucer_datasets/semantic_detail/videos/ioD5sEQAhkM_a.mp4,yes,no,True
sdh,sdh:48,sdh:48:basic,sdh:48:hallucination,external/VideoHallucer/videohallucer_datasets/semantic_detail/videos/iP0H2YVVWD8_a.mp4,external/VideoHallucer/videohallucer_datasets/semantic_detail/videos/iP0H2YVVWD8_b.mp4,yes,no,True
sdh,sdh:49,sdh:49:basic,sdh:49:hallucination,external/VideoHallucer/videohallucer_datasets/semantic_detail/videos/iPxc6iPUXu8_b.mp4,external/VideoHallucer/videohallucer_datasets/semantic_detail/videos/iPxc6iPUXu8_a.mp4,yes,no,True
sdh,sdh:5,sdh:5:basic,sdh:5:hallucination,external/VideoHallucer/videohallucer_datasets/semantic_detail/videos/iCRMh0DIYcs_b.mp4,external/VideoHallucer/videohallucer_datasets/semantic_detail/videos/iCRMh0DIYcs_a.mp4,yes,no,True
sdh,sdh:50,sdh:50:basic,sdh:50:hallucination,external/VideoHallucer/videohallucer_datasets/semantic_detail/videos/iR2RSYvDAgo_b.mp4,external/VideoHallucer/videohallucer_datasets/semantic_detail/videos/iR2RSYvDAgo_a.mp4,yes,no,True
sdh,sdh:51,sdh:51:basic,sdh:51:hallucination,external/VideoHallucer/videohallucer_datasets/semantic_detail/videos/irKMYXVJDmI_b.mp4,external/VideoHallucer/videohallucer_datasets/semantic_detail/videos/irKMYXVJDmI_a.mp4,yes,no,True
sdh,sdh:52,sdh:52:basic,sdh:52:hallucination,external/VideoHallucer/videohallucer_datasets/semantic_detail/videos/iTrCql47ZCQ_a.mp4,external/VideoHallucer/videohallucer_datasets/semantic_detail/videos/iTrCql47ZCQ_b.mp4,yes,no,True
sdh,sdh:53,sdh:53:basic,sdh:53:hallucination,external/VideoHallucer/videohallucer_datasets/semantic_detail/videos/itsQ-kABiQM_a.mp4,external/VideoHallucer/videohallucer_datasets/semantic_detail/videos/itsQ-kABiQM_b.mp4,yes,no,True
sdh,sdh:54,sdh:54:basic,sdh:54:hallucination,external/VideoHallucer/videohallucer_datasets/semantic_detail/videos/iW76sdCrCKw_b.mp4,external/VideoHallucer/videohallucer_datasets/semantic_detail/videos/iW76sdCrCKw_a.mp4,yes,no,True
sdh,sdh:55,sdh:55:basic,sdh:55:hallucination,external/VideoHallucer/videohallucer_datasets/semantic_detail/videos/iwocYHIXxNw_a.mp4,external/VideoHallucer/videohallucer_datasets/semantic_detail/videos/iwocYHIXxNw_b.mp4,yes,no,True
sdh,sdh:56,sdh:56:basic,sdh:56:hallucination,external/VideoHallucer/videohallucer_datasets/semantic_detail/videos/iX2oUQgyCNY_b.mp4,external/VideoHallucer/videohallucer_datasets/semantic_detail/videos/iX2oUQgyCNY_a.mp4,yes,no,True
sdh,sdh:57,sdh:57:basic,sdh:57:hallucination,external/VideoHallucer/videohallucer_datasets/semantic_detail/videos/iycwcI14UsQ_b.mp4,external/VideoHallucer/videohallucer_datasets/semantic_detail/videos/iycwcI14UsQ_a.mp4,yes,no,True
sdh,sdh:58,sdh:58:basic,sdh:58:hallucination,external/VideoHallucer/videohallucer_datasets/semantic_detail/videos/iySvcjv2nZk_b.mp4,external/VideoHallucer/videohallucer_datasets/semantic_detail/videos/iySvcjv2nZk_a.mp4,yes,no,True
sdh,sdh:59,sdh:59:basic,sdh:59:hallucination,external/VideoHallucer/videohallucer_datasets/semantic_detail/videos/iyX6ZXCS33A_b.mp4,external/VideoHallucer/videohallucer_datasets/semantic_detail/videos/iyX6ZXCS33A_a.mp4,yes,no,True
sdh,sdh:6,sdh:6:basic,sdh:6:hallucination,external/VideoHallucer/videohallucer_datasets/semantic_detail/videos/iiGfiDngYcE_a.mp4,external/VideoHallucer/videohallucer_datasets/semantic_detail/videos/iiGfiDngYcE_b.mp4,yes,no,True
sdh,sdh:60,sdh:60:basic,sdh:60:hallucination,external/VideoHallucer/videohallucer_datasets/semantic_detail/videos/j0u93ILzP5U_b.mp4,external/VideoHallucer/videohallucer_datasets/semantic_detail/videos/j0u93ILzP5U_a.mp4,yes,no,True
sdh,sdh:61,sdh:61:basic,sdh:61:hallucination,external/VideoHallucer/videohallucer_datasets/semantic_detail/videos/j2E8eS8fKgo_b.mp4,external/VideoHallucer/videohallucer_datasets/semantic_detail/videos/j2E8eS8fKgo_a.mp4,yes,no,True
sdh,sdh:62,sdh:62:basic,sdh:62:hallucination,external/VideoHallucer/videohallucer_datasets/semantic_detail/videos/j9fuM5pdZZU_a.mp4,external/VideoHallucer/videohallucer_datasets/semantic_detail/videos/j9fuM5pdZZU_b.mp4,yes,no,True
sdh,sdh:63,sdh:63:basic,sdh:63:hallucination,external/VideoHallucer/videohallucer_datasets/semantic_detail/videos/jaFOkSUF900_b.mp4,external/VideoHallucer/videohallucer_datasets/semantic_detail/videos/jaFOkSUF900_a.mp4,yes,no,True
sdh,sdh:64,sdh:64:basic,sdh:64:hallucination,external/VideoHallucer/videohallucer_datasets/semantic_detail/videos/jAHxS0L-_sg_b.mp4,external/VideoHallucer/videohallucer_datasets/semantic_detail/videos/jAHxS0L-_sg_a.mp4,yes,no,True
sdh,sdh:65,sdh:65:basic,sdh:65:hallucination,external/VideoHallucer/videohallucer_datasets/semantic_detail/videos/jARjgdQRCOg_b.mp4,external/VideoHallucer/videohallucer_datasets/semantic_detail/videos/jARjgdQRCOg_a.mp4,yes,no,True
sdh,sdh:66,sdh:66:basic,sdh:66:hallucination,external/VideoHallucer/videohallucer_datasets/semantic_detail/videos/jaVofbF8aIo_b.mp4,external/VideoHallucer/videohallucer_datasets/semantic_detail/videos/jaVofbF8aIo_a.mp4,yes,no,True
sdh,sdh:67,sdh:67:basic,sdh:67:hallucination,external/VideoHallucer/videohallucer_datasets/semantic_detail/videos/jBojq8hKxJk_b.mp4,external/VideoHallucer/videohallucer_datasets/semantic_detail/videos/jBojq8hKxJk_a.mp4,yes,no,True
sdh,sdh:68,sdh:68:basic,sdh:68:hallucination,external/VideoHallucer/videohallucer_datasets/semantic_detail/videos/jBPrpeeu18s_b.mp4,external/VideoHallucer/videohallucer_datasets/semantic_detail/videos/jBPrpeeu18s_a.mp4,yes,no,True
sdh,sdh:69,sdh:69:basic,sdh:69:hallucination,external/VideoHallucer/videohallucer_datasets/semantic_detail/videos/jBywKgIq9N4_b.mp4,external/VideoHallucer/videohallucer_datasets/semantic_detail/videos/jBywKgIq9N4_a.mp4,yes,no,True
sdh,sdh:7,sdh:7:basic,sdh:7:hallucination,external/VideoHallucer/videohallucer_datasets/semantic_detail/videos/iIHDyf7CZ_s_b.mp4,external/VideoHallucer/videohallucer_datasets/semantic_detail/videos/iIHDyf7CZ_s_a.mp4,yes,no,True
sdh,sdh:70,sdh:70:basic,sdh:70:hallucination,external/VideoHallucer/videohallucer_datasets/semantic_detail/videos/jCGJqpQHDWU_a.mp4,external/VideoHallucer/videohallucer_datasets/semantic_detail/videos/jCGJqpQHDWU_b.mp4,yes,no,True
sdh,sdh:71,sdh:71:basic,sdh:71:hallucination,external/VideoHallucer/videohallucer_datasets/semantic_detail/videos/jddw6XKOzuA_a.mp4,external/VideoHallucer/videohallucer_datasets/semantic_detail/videos/jddw6XKOzuA_b.mp4,yes,no,True
sdh,sdh:72,sdh:72:basic,sdh:72:hallucination,external/VideoHallucer/videohallucer_datasets/semantic_detail/videos/jEKZSToclcs_b.mp4,external/VideoHallucer/videohallucer_datasets/semantic_detail/videos/jEKZSToclcs_a.mp4,yes,no,True
sdh,sdh:73,sdh:73:basic,sdh:73:hallucination,external/VideoHallucer/videohallucer_datasets/semantic_detail/videos/jfAX71eXuPA_a.mp4,external/VideoHallucer/videohallucer_datasets/semantic_detail/videos/jfAX71eXuPA_b.mp4,yes,no,True
sdh,sdh:74,sdh:74:basic,sdh:74:hallucination,external/VideoHallucer/videohallucer_datasets/semantic_detail/videos/jfqV3Lo66gw_a.mp4,external/VideoHallucer/videohallucer_datasets/semantic_detail/videos/jfqV3Lo66gw_b.mp4,yes,no,True
sdh,sdh:75,sdh:75:basic,sdh:75:hallucination,external/VideoHallucer/videohallucer_datasets/semantic_detail/videos/jGLv0_XkG1o_a.mp4,external/VideoHallucer/videohallucer_datasets/semantic_detail/videos/jGLv0_XkG1o_b.mp4,yes,no,True
sdh,sdh:76,sdh:76:basic,sdh:76:hallucination,external/VideoHallucer/videohallucer_datasets/semantic_detail/videos/jGPybCU_Zuo_a.mp4,external/VideoHallucer/videohallucer_datasets/semantic_detail/videos/jGPybCU_Zuo_b.mp4,yes,no,True
sdh,sdh:77,sdh:77:basic,sdh:77:hallucination,external/VideoHallucer/videohallucer_datasets/semantic_detail/videos/jK2tZ1CWrGw_b.mp4,external/VideoHallucer/videohallucer_datasets/semantic_detail/videos/jK2tZ1CWrGw_a.mp4,yes,no,True
sdh,sdh:78,sdh:78:basic,sdh:78:hallucination,external/VideoHallucer/videohallucer_datasets/semantic_detail/videos/jma0V7sh1cg_a.mp4,external/VideoHallucer/videohallucer_datasets/semantic_detail/videos/jma0V7sh1cg_b.mp4,yes,no,True
sdh,sdh:79,sdh:79:basic,sdh:79:hallucination,external/VideoHallucer/videohallucer_datasets/semantic_detail/videos/jpwr5vOz8Ic_a.mp4,external/VideoHallucer/videohallucer_datasets/semantic_detail/videos/jpwr5vOz8Ic_b.mp4,yes,no,True
sdh,sdh:8,sdh:8:basic,sdh:8:hallucination,external/VideoHallucer/videohallucer_datasets/semantic_detail/videos/iuK-oRXzAOY_a.mp4,external/VideoHallucer/videohallucer_datasets/semantic_detail/videos/iuK-oRXzAOY_b.mp4,yes,no,True
sdh,sdh:80,sdh:80:basic,sdh:80:hallucination,external/VideoHallucer/videohallucer_datasets/semantic_detail/videos/jq2bw75Bmpo_b.mp4,external/VideoHallucer/videohallucer_datasets/semantic_detail/videos/jq2bw75Bmpo_a.mp4,yes,no,True
sdh,sdh:81,sdh:81:basic,sdh:81:hallucination,external/VideoHallucer/videohallucer_datasets/semantic_detail/videos/jubrtJMjQwg_a.mp4,external/VideoHallucer/videohallucer_datasets/semantic_detail/videos/jubrtJMjQwg_b.mp4,yes,no,True
sdh,sdh:82,sdh:82:basic,sdh:82:hallucination,external/VideoHallucer/videohallucer_datasets/semantic_detail/videos/jUY_pXGzTaA_a.mp4,external/VideoHallucer/videohallucer_datasets/semantic_detail/videos/jUY_pXGzTaA_b.mp4,yes,no,True
sdh,sdh:83,sdh:83:basic,sdh:83:hallucination,external/VideoHallucer/videohallucer_datasets/semantic_detail/videos/j-Z7PSu7mlc_b.mp4,external/VideoHallucer/videohallucer_datasets/semantic_detail/videos/j-Z7PSu7mlc_a.mp4,yes,no,True
sdh,sdh:84,sdh:84:basic,sdh:84:hallucination,external/VideoHallucer/videohallucer_datasets/semantic_detail/videos/jzAv9ylqT3I_a.mp4,external/VideoHallucer/videohallucer_datasets/semantic_detail/videos/jzAv9ylqT3I_b.mp4,yes,no,True
sdh,sdh:85,sdh:85:basic,sdh:85:hallucination,external/VideoHallucer/videohallucer_datasets/semantic_detail/videos/jzVhPZg0Ods_a.mp4,external/VideoHallucer/videohallucer_datasets/semantic_detail/videos/jzVhPZg0Ods_b.mp4,yes,no,True
sdh,sdh:86,sdh:86:basic,sdh:86:hallucination,external/VideoHallucer/videohallucer_datasets/semantic_detail/videos/k03SciT1OqU_b.mp4,external/VideoHallucer/videohallucer_datasets/semantic_detail/videos/k03SciT1OqU_a.mp4,yes,no,True
sdh,sdh:87,sdh:87:basic,sdh:87:hallucination,external/VideoHallucer/videohallucer_datasets/semantic_detail/videos/K1skbJRYjQI_a.mp4,external/VideoHallucer/videohallucer_datasets/semantic_detail/videos/K1skbJRYjQI_b.mp4,yes,no,True
sdh,sdh:88,sdh:88:basic,sdh:88:hallucination,external/VideoHallucer/videohallucer_datasets/semantic_detail/videos/k2zII3KN_M8_a.mp4,external/VideoHallucer/videohallucer_datasets/semantic_detail/videos/k2zII3KN_M8_b.mp4,yes,no,True
sdh,sdh:89,sdh:89:basic,sdh:89:hallucination,external/VideoHallucer/videohallucer_datasets/semantic_detail/videos/k4QN_H9Cnk0_b.mp4,external/VideoHallucer/videohallucer_datasets/semantic_detail/videos/k4QN_H9Cnk0_a.mp4,yes,no,True
sdh,sdh:9,sdh:9:basic,sdh:9:hallucination,external/VideoHallucer/videohallucer_datasets/semantic_detail/videos/iyIaCwjUqLc_b.mp4,external/VideoHallucer/videohallucer_datasets/semantic_detail/videos/iyIaCwjUqLc_a.mp4,yes,no,True
sdh,sdh:90,sdh:90:basic,sdh:90:hallucination,external/VideoHallucer/videohallucer_datasets/semantic_detail/videos/KCJy6jwAFME_a.mp4,external/VideoHallucer/videohallucer_datasets/semantic_detail/videos/KCJy6jwAFME_b.mp4,yes,no,True
sdh,sdh:91,sdh:91:basic,sdh:91:hallucination,external/VideoHallucer/videohallucer_datasets/semantic_detail/videos/KDnUgPptioQ_b.mp4,external/VideoHallucer/videohallucer_datasets/semantic_detail/videos/KDnUgPptioQ_a.mp4,yes,no,True
sdh,sdh:92,sdh:92:basic,sdh:92:hallucination,external/VideoHallucer/videohallucer_datasets/semantic_detail/videos/kEV-f3KxS1Y_b.mp4,external/VideoHallucer/videohallucer_datasets/semantic_detail/videos/kEV-f3KxS1Y_a.mp4,yes,no,True
sdh,sdh:93,sdh:93:basic,sdh:93:hallucination,external/VideoHallucer/videohallucer_datasets/semantic_detail/videos/KgbotCgmfFo_b.mp4,external/VideoHallucer/videohallucer_datasets/semantic_detail/videos/KgbotCgmfFo_a.mp4,yes,no,True
sdh,sdh:94,sdh:94:basic,sdh:94:hallucination,external/VideoHallucer/videohallucer_datasets/semantic_detail/videos/KLva05udRsM_b.mp4,external/VideoHallucer/videohallucer_datasets/semantic_detail/videos/KLva05udRsM_a.mp4,yes,no,True
sdh,sdh:95,sdh:95:basic,sdh:95:hallucination,external/VideoHallucer/videohallucer_datasets/semantic_detail/videos/kMJMR68Dz4s_a.mp4,external/VideoHallucer/videohallucer_datasets/semantic_detail/videos/kMJMR68Dz4s_b.mp4,yes,no,True
sdh,sdh:96,sdh:96:basic,sdh:96:hallucination,external/VideoHallucer/videohallucer_datasets/semantic_detail/videos/KPBNnfzPAoQ_a.mp4,external/VideoHallucer/videohallucer_datasets/semantic_detail/videos/KPBNnfzPAoQ_b.mp4,yes,no,True
sdh,sdh:97,sdh:97:basic,sdh:97:hallucination,external/VideoHallucer/videohallucer_datasets/semantic_detail/videos/KQPqQl3D88Q_b.mp4,external/VideoHallucer/videohallucer_datasets/semantic_detail/videos/KQPqQl3D88Q_a.mp4,yes,no,True
sdh,sdh:98,sdh:98:basic,sdh:98:hallucination,external/VideoHallucer/videohallucer_datasets/semantic_detail/videos/KSiwci721Gg_b.mp4,external/VideoHallucer/videohallucer_datasets/semantic_detail/videos/KSiwci721Gg_a.mp4,yes,no,True
sdh,sdh:99,sdh:99:basic,sdh:99:hallucination,external/VideoHallucer/videohallucer_datasets/semantic_detail/videos/KYxm2Ocfsag_a.mp4,external/VideoHallucer/videohallucer_datasets/semantic_detail/videos/KYxm2Ocfsag_b.mp4,yes,no,True
tph,tph:0,tph:0:basic,tph:0:hallucination,external/VideoHallucer/videohallucer_datasets/temporal/videos/v_uOk4EFDsDP4.mp4,external/VideoHallucer/videohallucer_datasets/temporal/videos/v_uOk4EFDsDP4.mp4,yes,no,True
tph,tph:1,tph:1:basic,tph:1:hallucination,external/VideoHallucer/videohallucer_datasets/temporal/videos/v_uOk4EFDsDP4.mp4,external/VideoHallucer/videohallucer_datasets/temporal/videos/v_uOk4EFDsDP4.mp4,yes,no,True
tph,tph:10,tph:10:basic,tph:10:hallucination,external/VideoHallucer/videohallucer_datasets/temporal/videos/v_rcDw6If4hjc.mp4,external/VideoHallucer/videohallucer_datasets/temporal/videos/v_rcDw6If4hjc.mp4,yes,no,True
tph,tph:100,tph:100:basic,tph:100:hallucination,external/VideoHallucer/videohallucer_datasets/temporal/videos/v_dTwH5Fzu4eE.mp4,external/VideoHallucer/videohallucer_datasets/temporal/videos/v_dTwH5Fzu4eE.mp4,yes,no,True
tph,tph:101,tph:101:basic,tph:101:hallucination,external/VideoHallucer/videohallucer_datasets/temporal/videos/v_zYQ-WdosIwI.mp4,external/VideoHallucer/videohallucer_datasets/temporal/videos/v_zYQ-WdosIwI.mp4,yes,no,True
tph,tph:102,tph:102:basic,tph:102:hallucination,external/VideoHallucer/videohallucer_datasets/temporal/videos/v_qBqUu4_qOnU.mp4,external/VideoHallucer/videohallucer_datasets/temporal/videos/v_qBqUu4_qOnU.mp4,yes,no,True
tph,tph:103,tph:103:basic,tph:103:hallucination,external/VideoHallucer/videohallucer_datasets/temporal/videos/v_al_NNsjwU-Q.mp4,external/VideoHallucer/videohallucer_datasets/temporal/videos/v_al_NNsjwU-Q.mp4,yes,no,True
tph,tph:104,tph:104:basic,tph:104:hallucination,external/VideoHallucer/videohallucer_datasets/temporal/videos/v_Jx4GCjGARqs.mp4,external/VideoHallucer/videohallucer_datasets/temporal/videos/v_Jx4GCjGARqs.mp4,yes,no,True
tph,tph:105,tph:105:basic,tph:105:hallucination,external/VideoHallucer/videohallucer_datasets/temporal/videos/v_lVu-4SKcb4c.mp4,external/VideoHallucer/videohallucer_datasets/temporal/videos/v_lVu-4SKcb4c.mp4,yes,no,True
tph,tph:106,tph:106:basic,tph:106:hallucination,external/VideoHallucer/videohallucer_datasets/temporal/videos/v_B5VIJnAFlK8.mp4,external/VideoHallucer/videohallucer_datasets/temporal/videos/v_B5VIJnAFlK8.mp4,yes,no,True
tph,tph:107,tph:107:basic,tph:107:hallucination,external/VideoHallucer/videohallucer_datasets/temporal/videos/v_VFsRRXYbuHs.mp4,external/VideoHallucer/videohallucer_datasets/temporal/videos/v_VFsRRXYbuHs.mp4,yes,no,True
tph,tph:108,tph:108:basic,tph:108:hallucination,external/VideoHallucer/videohallucer_datasets/temporal/videos/v_cKMGacBQX0E.mp4,external/VideoHallucer/videohallucer_datasets/temporal/videos/v_cKMGacBQX0E.mp4,yes,no,True
tph,tph:109,tph:109:basic,tph:109:hallucination,external/VideoHallucer/videohallucer_datasets/temporal/videos/v_LqCg09IRp-o.mp4,external/VideoHallucer/videohallucer_datasets/temporal/videos/v_LqCg09IRp-o.mp4,yes,no,True
tph,tph:11,tph:11:basic,tph:11:hallucination,external/VideoHallucer/videohallucer_datasets/temporal/videos/v_rcDw6If4hjc.mp4,external/VideoHallucer/videohallucer_datasets/temporal/videos/v_rcDw6If4hjc.mp4,yes,no,True
tph,tph:110,tph:110:basic,tph:110:hallucination,external/VideoHallucer/videohallucer_datasets/temporal/videos/v_s0N0PzdwVik.mp4,external/VideoHallucer/videohallucer_datasets/temporal/videos/v_s0N0PzdwVik.mp4,yes,no,True
tph,tph:111,tph:111:basic,tph:111:hallucination,external/VideoHallucer/videohallucer_datasets/temporal/videos/v_aqQ7-J9kbUE.mp4,external/VideoHallucer/videohallucer_datasets/temporal/videos/v_aqQ7-J9kbUE.mp4,yes,no,True
tph,tph:112,tph:112:basic,tph:112:hallucination,external/VideoHallucer/videohallucer_datasets/temporal/videos/v_8OEts-YLeW0.mp4,external/VideoHallucer/videohallucer_datasets/temporal/videos/v_8OEts-YLeW0.mp4,yes,no,True
tph,tph:113,tph:113:basic,tph:113:hallucination,external/VideoHallucer/videohallucer_datasets/temporal/videos/v_CvmhLCrOjhM.mp4,external/VideoHallucer/videohallucer_datasets/temporal/videos/v_CvmhLCrOjhM.mp4,yes,no,True
tph,tph:114,tph:114:basic,tph:114:hallucination,external/VideoHallucer/videohallucer_datasets/temporal/videos/v_cLTDcBhgRw8.mp4,external/VideoHallucer/videohallucer_datasets/temporal/videos/v_cLTDcBhgRw8.mp4,yes,no,True
tph,tph:115,tph:115:basic,tph:115:hallucination,external/VideoHallucer/videohallucer_datasets/temporal/videos/v_ox2AGCcE9a0.mp4,external/VideoHallucer/videohallucer_datasets/temporal/videos/v_ox2AGCcE9a0.mp4,yes,no,True
tph,tph:116,tph:116:basic,tph:116:hallucination,external/VideoHallucer/videohallucer_datasets/temporal/videos/v_a4-5QFOiAiw.mp4,external/VideoHallucer/videohallucer_datasets/temporal/videos/v_a4-5QFOiAiw.mp4,yes,no,True
tph,tph:117,tph:117:basic,tph:117:hallucination,external/VideoHallucer/videohallucer_datasets/temporal/videos/v_FFyJjF4MjHM.mp4,external/VideoHallucer/videohallucer_datasets/temporal/videos/v_FFyJjF4MjHM.mp4,yes,no,True
tph,tph:118,tph:118:basic,tph:118:hallucination,external/VideoHallucer/videohallucer_datasets/temporal/videos/v_FrRKm_V0lZU.mp4,external/VideoHallucer/videohallucer_datasets/temporal/videos/v_FrRKm_V0lZU.mp4,yes,no,True
tph,tph:119,tph:119:basic,tph:119:hallucination,external/VideoHallucer/videohallucer_datasets/temporal/videos/v_lgu-DBDWlEs.mp4,external/VideoHallucer/videohallucer_datasets/temporal/videos/v_lgu-DBDWlEs.mp4,yes,no,True
tph,tph:12,tph:12:basic,tph:12:hallucination,external/VideoHallucer/videohallucer_datasets/temporal/videos/v_D2JvqkKa-qM.mp4,external/VideoHallucer/videohallucer_datasets/temporal/videos/v_D2JvqkKa-qM.mp4,yes,no,True
tph,tph:120,tph:120:basic,tph:120:hallucination,external/VideoHallucer/videohallucer_datasets/temporal/videos/v_yVKmkR78Jn0.mp4,external/VideoHallucer/videohallucer_datasets/temporal/videos/v_yVKmkR78Jn0.mp4,yes,no,True
tph,tph:121,tph:121:basic,tph:121:hallucination,external/VideoHallucer/videohallucer_datasets/temporal/videos/v_sGUkc9ajgiU.mp4,external/VideoHallucer/videohallucer_datasets/temporal/videos/v_sGUkc9ajgiU.mp4,yes,no,True
tph,tph:122,tph:122:basic,tph:122:hallucination,external/VideoHallucer/videohallucer_datasets/temporal/videos/v_9FK7tjzBKio.mp4,external/VideoHallucer/videohallucer_datasets/temporal/videos/v_9FK7tjzBKio.mp4,yes,no,True
tph,tph:123,tph:123:basic,tph:123:hallucination,external/VideoHallucer/videohallucer_datasets/temporal/videos/v_BzxK6r4UG5k.mp4,external/VideoHallucer/videohallucer_datasets/temporal/videos/v_BzxK6r4UG5k.mp4,yes,no,True
tph,tph:124,tph:124:basic,tph:124:hallucination,external/VideoHallucer/videohallucer_datasets/temporal/videos/v_C8Toxe4fE30.mp4,external/VideoHallucer/videohallucer_datasets/temporal/videos/v_C8Toxe4fE30.mp4,yes,no,True
tph,tph:125,tph:125:basic,tph:125:hallucination,external/VideoHallucer/videohallucer_datasets/temporal/videos/v_aIXUWoP-L-E.mp4,external/VideoHallucer/videohallucer_datasets/temporal/videos/v_aIXUWoP-L-E.mp4,yes,no,True
tph,tph:126,tph:126:basic,tph:126:hallucination,external/VideoHallucer/videohallucer_datasets/temporal/videos/v_P2fUelA4BfA.mp4,external/VideoHallucer/videohallucer_datasets/temporal/videos/v_P2fUelA4BfA.mp4,yes,no,True
tph,tph:127,tph:127:basic,tph:127:hallucination,external/VideoHallucer/videohallucer_datasets/temporal/videos/v_shGGt9TRlkk.mp4,external/VideoHallucer/videohallucer_datasets/temporal/videos/v_shGGt9TRlkk.mp4,yes,no,True
tph,tph:128,tph:128:basic,tph:128:hallucination,external/VideoHallucer/videohallucer_datasets/temporal/videos/v_KgM8_YBJbM4.mp4,external/VideoHallucer/videohallucer_datasets/temporal/videos/v_KgM8_YBJbM4.mp4,yes,no,True
tph,tph:129,tph:129:basic,tph:129:hallucination,external/VideoHallucer/videohallucer_datasets/temporal/videos/v_5Lv0g7ISQVU.mp4,external/VideoHallucer/videohallucer_datasets/temporal/videos/v_5Lv0g7ISQVU.mp4,yes,no,True
tph,tph:13,tph:13:basic,tph:13:hallucination,external/VideoHallucer/videohallucer_datasets/temporal/videos/v_D2JvqkKa-qM.mp4,external/VideoHallucer/videohallucer_datasets/temporal/videos/v_D2JvqkKa-qM.mp4,yes,no,True
tph,tph:130,tph:130:basic,tph:130:hallucination,external/VideoHallucer/videohallucer_datasets/temporal/videos/v_cAhu8H9qsAI.mp4,external/VideoHallucer/videohallucer_datasets/temporal/videos/v_cAhu8H9qsAI.mp4,yes,no,True
tph,tph:131,tph:131:basic,tph:131:hallucination,external/VideoHallucer/videohallucer_datasets/temporal/videos/v_DrQgYA5_8VA.mp4,external/VideoHallucer/videohallucer_datasets/temporal/videos/v_DrQgYA5_8VA.mp4,yes,no,True
tph,tph:132,tph:132:basic,tph:132:hallucination,external/VideoHallucer/videohallucer_datasets/temporal/videos/v_xIG7FQWBWZU.mp4,external/VideoHallucer/videohallucer_datasets/temporal/videos/v_xIG7FQWBWZU.mp4,yes,no,True
tph,tph:133,tph:133:basic,tph:133:hallucination,external/VideoHallucer/videohallucer_datasets/temporal/videos/v_o0gdMKlKLcU.mp4,external/VideoHallucer/videohallucer_datasets/temporal/videos/v_o0gdMKlKLcU.mp4,yes,no,True
tph,tph:134,tph:134:basic,tph:134:hallucination,external/VideoHallucer/videohallucer_datasets/temporal/videos/v_-erT3ckPkAg.mp4,external/VideoHallucer/videohallucer_datasets/temporal/videos/v_-erT3ckPkAg.mp4,yes,no,True
tph,tph:135,tph:135:basic,tph:135:hallucination,external/VideoHallucer/videohallucer_datasets/temporal/videos/v_XCJ2StGMgW4.mp4,external/VideoHallucer/videohallucer_datasets/temporal/videos/v_XCJ2StGMgW4.mp4,yes,no,True
tph,tph:136,tph:136:basic,tph:136:hallucination,external/VideoHallucer/videohallucer_datasets/temporal/videos/v_2sbF8W0_bbg.mp4,external/VideoHallucer/videohallucer_datasets/temporal/videos/v_2sbF8W0_bbg.mp4,yes,no,True
tph,tph:137,tph:137:basic,tph:137:hallucination,external/VideoHallucer/videohallucer_datasets/temporal/videos/v_PAGuZzrzSO4.mp4,external/VideoHallucer/videohallucer_datasets/temporal/videos/v_PAGuZzrzSO4.mp4,yes,no,True
tph,tph:138,tph:138:basic,tph:138:hallucination,external/VideoHallucer/videohallucer_datasets/temporal/videos/v_mwDQENGsvd8.mp4,external/VideoHallucer/videohallucer_datasets/temporal/videos/v_mwDQENGsvd8.mp4,yes,no,True
tph,tph:139,tph:139:basic,tph:139:hallucination,external/VideoHallucer/videohallucer_datasets/temporal/videos/v_F7u4kpwhs5g.mp4,external/VideoHallucer/videohallucer_datasets/temporal/videos/v_F7u4kpwhs5g.mp4,yes,no,True
tph,tph:14,tph:14:basic,tph:14:hallucination,external/VideoHallucer/videohallucer_datasets/temporal/videos/v_Zp9mSiw8Vkw.mp4,external/VideoHallucer/videohallucer_datasets/temporal/videos/v_Zp9mSiw8Vkw.mp4,yes,no,True
tph,tph:140,tph:140:basic,tph:140:hallucination,external/VideoHallucer/videohallucer_datasets/temporal/videos/v_e4XYZAs7tcs.mp4,external/VideoHallucer/videohallucer_datasets/temporal/videos/v_e4XYZAs7tcs.mp4,yes,no,True
tph,tph:141,tph:141:basic,tph:141:hallucination,external/VideoHallucer/videohallucer_datasets/temporal/videos/v_4x0LdQRN248.mp4,external/VideoHallucer/videohallucer_datasets/temporal/videos/v_4x0LdQRN248.mp4,yes,no,True
tph,tph:142,tph:142:basic,tph:142:hallucination,external/VideoHallucer/videohallucer_datasets/temporal/videos/v_Keuj_3QyLq0.mp4,external/VideoHallucer/videohallucer_datasets/temporal/videos/v_Keuj_3QyLq0.mp4,yes,no,True
tph,tph:143,tph:143:basic,tph:143:hallucination,external/VideoHallucer/videohallucer_datasets/temporal/videos/v_2VTEseqA5SA.mp4,external/VideoHallucer/videohallucer_datasets/temporal/videos/v_2VTEseqA5SA.mp4,yes,no,True
tph,tph:144,tph:144:basic,tph:144:hallucination,external/VideoHallucer/videohallucer_datasets/temporal/videos/v_z7zj8stU-kw.mp4,external/VideoHallucer/videohallucer_datasets/temporal/videos/v_z7zj8stU-kw.mp4,yes,no,True
tph,tph:145,tph:145:basic,tph:145:hallucination,external/VideoHallucer/videohallucer_datasets/temporal/videos/v_DfOqhNeHDgM.mp4,external/VideoHallucer/videohallucer_datasets/temporal/videos/v_DfOqhNeHDgM.mp4,yes,no,True
tph,tph:146,tph:146:basic,tph:146:hallucination,external/VideoHallucer/videohallucer_datasets/temporal/videos/v_NrlITLsd7Fk.mp4,external/VideoHallucer/videohallucer_datasets/temporal/videos/v_NrlITLsd7Fk.mp4,yes,no,True
tph,tph:147,tph:147:basic,tph:147:hallucination,external/VideoHallucer/videohallucer_datasets/temporal/videos/v_GOZ305xZvz8.mp4,external/VideoHallucer/videohallucer_datasets/temporal/videos/v_GOZ305xZvz8.mp4,yes,no,True
tph,tph:148,tph:148:basic,tph:148:hallucination,external/VideoHallucer/videohallucer_datasets/temporal/videos/v_hDb19ih3jAA.mp4,external/VideoHallucer/videohallucer_datasets/temporal/videos/v_hDb19ih3jAA.mp4,yes,no,True
tph,tph:149,tph:149:basic,tph:149:hallucination,external/VideoHallucer/videohallucer_datasets/temporal/videos/v_SFfB6qvT5FI.mp4,external/VideoHallucer/videohallucer_datasets/temporal/videos/v_SFfB6qvT5FI.mp4,yes,no,True
tph,tph:15,tph:15:basic,tph:15:hallucination,external/VideoHallucer/videohallucer_datasets/temporal/videos/v_jHXqbgeq83Y.mp4,external/VideoHallucer/videohallucer_datasets/temporal/videos/v_jHXqbgeq83Y.mp4,yes,no,True
tph,tph:150,tph:150:basic,tph:150:hallucination,external/VideoHallucer/videohallucer_datasets/temporal/videos/v_UmH4VPH0KG4.mp4,external/VideoHallucer/videohallucer_datasets/temporal/videos/v_UmH4VPH0KG4.mp4,yes,no,True
tph,tph:151,tph:151:basic,tph:151:hallucination,external/VideoHallucer/videohallucer_datasets/temporal/videos/v_vVvImml1A8g.mp4,external/VideoHallucer/videohallucer_datasets/temporal/videos/v_vVvImml1A8g.mp4,yes,no,True
tph,tph:152,tph:152:basic,tph:152:hallucination,external/VideoHallucer/videohallucer_datasets/temporal/videos/v_JgDfOMDfNZs.mp4,external/VideoHallucer/videohallucer_datasets/temporal/videos/v_JgDfOMDfNZs.mp4,yes,no,True
tph,tph:153,tph:153:basic,tph:153:hallucination,external/VideoHallucer/videohallucer_datasets/temporal/videos/v_ArzhjEk4j_Y.mp4,external/VideoHallucer/videohallucer_datasets/temporal/videos/v_ArzhjEk4j_Y.mp4,yes,no,True
tph,tph:154,tph:154:basic,tph:154:hallucination,external/VideoHallucer/videohallucer_datasets/temporal/videos/v_dFsFL_WJasg.mp4,external/VideoHallucer/videohallucer_datasets/temporal/videos/v_dFsFL_WJasg.mp4,yes,no,True
tph,tph:155,tph:155:basic,tph:155:hallucination,external/VideoHallucer/videohallucer_datasets/temporal/videos/v_pb0k7YrMwZY.mp4,external/VideoHallucer/videohallucer_datasets/temporal/videos/v_pb0k7YrMwZY.mp4,yes,no,True
tph,tph:156,tph:156:basic,tph:156:hallucination,external/VideoHallucer/videohallucer_datasets/temporal/videos/v_YCqbvmEG-Uw.mp4,external/VideoHallucer/videohallucer_datasets/temporal/videos/v_YCqbvmEG-Uw.mp4,yes,no,True
tph,tph:157,tph:157:basic,tph:157:hallucination,external/VideoHallucer/videohallucer_datasets/temporal/videos/v_Rd18n3PeZvk.mp4,external/VideoHallucer/videohallucer_datasets/temporal/videos/v_Rd18n3PeZvk.mp4,yes,no,True
tph,tph:158,tph:158:basic,tph:158:hallucination,external/VideoHallucer/videohallucer_datasets/temporal/videos/v_3MJQEQ98168.mp4,external/VideoHallucer/videohallucer_datasets/temporal/videos/v_3MJQEQ98168.mp4,yes,no,True
tph,tph:159,tph:159:basic,tph:159:hallucination,external/VideoHallucer/videohallucer_datasets/temporal/videos/v_dAiqJJKezPE.mp4,external/VideoHallucer/videohallucer_datasets/temporal/videos/v_dAiqJJKezPE.mp4,yes,no,True
tph,tph:16,tph:16:basic,tph:16:hallucination,external/VideoHallucer/videohallucer_datasets/temporal/videos/v_d7gbNqcKXps.mp4,external/VideoHallucer/videohallucer_datasets/temporal/videos/v_d7gbNqcKXps.mp4,yes,no,True
tph,tph:160,tph:160:basic,tph:160:hallucination,external/VideoHallucer/videohallucer_datasets/temporal/videos/v_P3kWD8Oocio.mp4,external/VideoHallucer/videohallucer_datasets/temporal/videos/v_P3kWD8Oocio.mp4,yes,no,True
tph,tph:161,tph:161:basic,tph:161:hallucination,external/VideoHallucer/videohallucer_datasets/temporal/videos/v_j7Tk8I_DCtw.mp4,external/VideoHallucer/videohallucer_datasets/temporal/videos/v_j7Tk8I_DCtw.mp4,yes,no,True
tph,tph:162,tph:162:basic,tph:162:hallucination,external/VideoHallucer/videohallucer_datasets/temporal/videos/v_H1cKUnazzFM.mp4,external/VideoHallucer/videohallucer_datasets/temporal/videos/v_H1cKUnazzFM.mp4,yes,no,True
tph,tph:163,tph:163:basic,tph:163:hallucination,external/VideoHallucer/videohallucer_datasets/temporal/videos/v_JQpx7CcTstU.mp4,external/VideoHallucer/videohallucer_datasets/temporal/videos/v_JQpx7CcTstU.mp4,yes,no,True
tph,tph:164,tph:164:basic,tph:164:hallucination,external/VideoHallucer/videohallucer_datasets/temporal/videos/v_Czw85LWCGes.mp4,external/VideoHallucer/videohallucer_datasets/temporal/videos/v_Czw85LWCGes.mp4,yes,no,True
tph,tph:165,tph:165:basic,tph:165:hallucination,external/VideoHallucer/videohallucer_datasets/temporal/videos/v_uIOIcv5MhuA.mp4,external/VideoHallucer/videohallucer_datasets/temporal/videos/v_uIOIcv5MhuA.mp4,yes,no,True
tph,tph:166,tph:166:basic,tph:166:hallucination,external/VideoHallucer/videohallucer_datasets/temporal/videos/v__I1zlicAxpM.mp4,external/VideoHallucer/videohallucer_datasets/temporal/videos/v__I1zlicAxpM.mp4,yes,no,True
tph,tph:167,tph:167:basic,tph:167:hallucination,external/VideoHallucer/videohallucer_datasets/temporal/videos/v_Lomlff9wClo.mp4,external/VideoHallucer/videohallucer_datasets/temporal/videos/v_Lomlff9wClo.mp4,yes,no,True
tph,tph:168,tph:168:basic,tph:168:hallucination,external/VideoHallucer/videohallucer_datasets/temporal/videos/v_g_bb4RSu6TQ.mp4,external/VideoHallucer/videohallucer_datasets/temporal/videos/v_g_bb4RSu6TQ.mp4,yes,no,True
tph,tph:169,tph:169:basic,tph:169:hallucination,external/VideoHallucer/videohallucer_datasets/temporal/videos/v_StTr5O_wGXI.mp4,external/VideoHallucer/videohallucer_datasets/temporal/videos/v_StTr5O_wGXI.mp4,yes,no,True
tph,tph:17,tph:17:basic,tph:17:hallucination,external/VideoHallucer/videohallucer_datasets/temporal/videos/v_FqiMsRnatP0.mp4,external/VideoHallucer/videohallucer_datasets/temporal/videos/v_FqiMsRnatP0.mp4,yes,no,True
tph,tph:170,tph:170:basic,tph:170:hallucination,external/VideoHallucer/videohallucer_datasets/temporal/videos/v_7eR0DyDg7wQ.mp4,external/VideoHallucer/videohallucer_datasets/temporal/videos/v_7eR0DyDg7wQ.mp4,yes,no,True
tph,tph:171,tph:171:basic,tph:171:hallucination,external/VideoHallucer/videohallucer_datasets/temporal/videos/v_HsGz6S2MBU4.mp4,external/VideoHallucer/videohallucer_datasets/temporal/videos/v_HsGz6S2MBU4.mp4,yes,no,True
tph,tph:172,tph:172:basic,tph:172:hallucination,external/VideoHallucer/videohallucer_datasets/temporal/videos/v_hchuVbHYK_k.mp4,external/VideoHallucer/videohallucer_datasets/temporal/videos/v_hchuVbHYK_k.mp4,yes,no,True
tph,tph:173,tph:173:basic,tph:173:hallucination,external/VideoHallucer/videohallucer_datasets/temporal/videos/v_-uR5-jYe0Ag.mp4,external/VideoHallucer/videohallucer_datasets/temporal/videos/v_-uR5-jYe0Ag.mp4,yes,no,True
tph,tph:174,tph:174:basic,tph:174:hallucination,external/VideoHallucer/videohallucer_datasets/temporal/videos/v_9RAW6QibWRs.mp4,external/VideoHallucer/videohallucer_datasets/temporal/videos/v_9RAW6QibWRs.mp4,yes,no,True
tph,tph:175,tph:175:basic,tph:175:hallucination,external/VideoHallucer/videohallucer_datasets/temporal/videos/v_Bh8RcPBQjxo.mp4,external/VideoHallucer/videohallucer_datasets/temporal/videos/v_Bh8RcPBQjxo.mp4,yes,no,True
tph,tph:18,tph:18:basic,tph:18:hallucination,external/VideoHallucer/videohallucer_datasets/temporal/videos/v_g0vAi9iuVPA.mp4,external/VideoHallucer/videohallucer_datasets/temporal/videos/v_g0vAi9iuVPA.mp4,yes,no,True
tph,tph:19,tph:19:basic,tph:19:hallucination,external/VideoHallucer/videohallucer_datasets/temporal/videos/v_akJbB6LWP34.mp4,external/VideoHallucer/videohallucer_datasets/temporal/videos/v_akJbB6LWP34.mp4,yes,no,True
tph,tph:2,tph:2:basic,tph:2:hallucination,external/VideoHallucer/videohallucer_datasets/temporal/videos/v_7qBA7XPDsC4.mp4,external/VideoHallucer/videohallucer_datasets/temporal/videos/v_7qBA7XPDsC4.mp4,yes,no,True
tph,tph:20,tph:20:basic,tph:20:hallucination,external/VideoHallucer/videohallucer_datasets/temporal/videos/v_ZH8hnmjRDsI.mp4,external/VideoHallucer/videohallucer_datasets/temporal/videos/v_ZH8hnmjRDsI.mp4,yes,no,True
tph,tph:21,tph:21:basic,tph:21:hallucination,external/VideoHallucer/videohallucer_datasets/temporal/videos/v_ZkIGGQ9iOSA.mp4,external/VideoHallucer/videohallucer_datasets/temporal/videos/v_ZkIGGQ9iOSA.mp4,yes,no,True
tph,tph:22,tph:22:basic,tph:22:hallucination,external/VideoHallucer/videohallucer_datasets/temporal/videos/v_aKacWW7Mn2c.mp4,external/VideoHallucer/videohallucer_datasets/temporal/videos/v_aKacWW7Mn2c.mp4,yes,no,True
tph,tph:23,tph:23:basic,tph:23:hallucination,external/VideoHallucer/videohallucer_datasets/temporal/videos/v_wlcU-u-xsH4.mp4,external/VideoHallucer/videohallucer_datasets/temporal/videos/v_wlcU-u-xsH4.mp4,yes,no,True
tph,tph:24,tph:24:basic,tph:24:hallucination,external/VideoHallucer/videohallucer_datasets/temporal/videos/v_WNd6SHMi30M.mp4,external/VideoHallucer/videohallucer_datasets/temporal/videos/v_WNd6SHMi30M.mp4,yes,no,True
tph,tph:25,tph:25:basic,tph:25:hallucination,external/VideoHallucer/videohallucer_datasets/temporal/videos/v_CuZpm0Il6YM.mp4,external/VideoHallucer/videohallucer_datasets/temporal/videos/v_CuZpm0Il6YM.mp4,yes,no,True
tph,tph:26,tph:26:basic,tph:26:hallucination,external/VideoHallucer/videohallucer_datasets/temporal/videos/v__I1zlicAxpM.mp4,external/VideoHallucer/videohallucer_datasets/temporal/videos/v__I1zlicAxpM.mp4,yes,no,True
tph,tph:27,tph:27:basic,tph:27:hallucination,external/VideoHallucer/videohallucer_datasets/temporal/videos/v_lAN2pe1lW-o.mp4,external/VideoHallucer/videohallucer_datasets/temporal/videos/v_lAN2pe1lW-o.mp4,yes,no,True
tph,tph:28,tph:28:basic,tph:28:hallucination,external/VideoHallucer/videohallucer_datasets/temporal/videos/v_oNpkjfX2rTc.mp4,external/VideoHallucer/videohallucer_datasets/temporal/videos/v_oNpkjfX2rTc.mp4,yes,no,True
tph,tph:29,tph:29:basic,tph:29:hallucination,external/VideoHallucer/videohallucer_datasets/temporal/videos/v_MMB5Cn3JCGI.mp4,external/VideoHallucer/videohallucer_datasets/temporal/videos/v_MMB5Cn3JCGI.mp4,yes,no,True
tph,tph:3,tph:3:basic,tph:3:hallucination,external/VideoHallucer/videohallucer_datasets/temporal/videos/v_oZTFplEHVDo.mp4,external/VideoHallucer/videohallucer_datasets/temporal/videos/v_oZTFplEHVDo.mp4,yes,no,True
tph,tph:30,tph:30:basic,tph:30:hallucination,external/VideoHallucer/videohallucer_datasets/temporal/videos/v_dFsFL_WJasg.mp4,external/VideoHallucer/videohallucer_datasets/temporal/videos/v_dFsFL_WJasg.mp4,yes,no,True
tph,tph:31,tph:31:basic,tph:31:hallucination,external/VideoHallucer/videohallucer_datasets/temporal/videos/v_Qo3riKtRg2c.mp4,external/VideoHallucer/videohallucer_datasets/temporal/videos/v_Qo3riKtRg2c.mp4,yes,no,True
tph,tph:32,tph:32:basic,tph:32:hallucination,external/VideoHallucer/videohallucer_datasets/temporal/videos/v_MiOJxYa5Nt4.mp4,external/VideoHallucer/videohallucer_datasets/temporal/videos/v_MiOJxYa5Nt4.mp4,yes,no,True
tph,tph:33,tph:33:basic,tph:33:hallucination,external/VideoHallucer/videohallucer_datasets/temporal/videos/v_3hZjxdMcG6o.mp4,external/VideoHallucer/videohallucer_datasets/temporal/videos/v_3hZjxdMcG6o.mp4,yes,no,True
tph,tph:34,tph:34:basic,tph:34:hallucination,external/VideoHallucer/videohallucer_datasets/temporal/videos/v_sVT71OQjHE0.mp4,external/VideoHallucer/videohallucer_datasets/temporal/videos/v_sVT71OQjHE0.mp4,yes,no,True
tph,tph:35,tph:35:basic,tph:35:hallucination,external/VideoHallucer/videohallucer_datasets/temporal/videos/v_b4b6YkxsHk4.mp4,external/VideoHallucer/videohallucer_datasets/temporal/videos/v_b4b6YkxsHk4.mp4,yes,no,True
tph,tph:36,tph:36:basic,tph:36:hallucination,external/VideoHallucer/videohallucer_datasets/temporal/videos/v_YBrcJxnXuVU.mp4,external/VideoHallucer/videohallucer_datasets/temporal/videos/v_YBrcJxnXuVU.mp4,yes,no,True
tph,tph:37,tph:37:basic,tph:37:hallucination,external/VideoHallucer/videohallucer_datasets/temporal/videos/v_plMBtIbzX6w.mp4,external/VideoHallucer/videohallucer_datasets/temporal/videos/v_plMBtIbzX6w.mp4,yes,no,True
tph,tph:38,tph:38:basic,tph:38:hallucination,external/VideoHallucer/videohallucer_datasets/temporal/videos/v_dZyb8t-4ATQ.mp4,external/VideoHallucer/videohallucer_datasets/temporal/videos/v_dZyb8t-4ATQ.mp4,yes,no,True
tph,tph:39,tph:39:basic,tph:39:hallucination,external/VideoHallucer/videohallucer_datasets/temporal/videos/v_Cc_DmDsXm6M.mp4,external/VideoHallucer/videohallucer_datasets/temporal/videos/v_Cc_DmDsXm6M.mp4,yes,no,True
tph,tph:4,tph:4:basic,tph:4:hallucination,external/VideoHallucer/videohallucer_datasets/temporal/videos/v_-uR5-jYe0Ag.mp4,external/VideoHallucer/videohallucer_datasets/temporal/videos/v_-uR5-jYe0Ag.mp4,yes,no,True
tph,tph:40,tph:40:basic,tph:40:hallucination,external/VideoHallucer/videohallucer_datasets/temporal/videos/v_dKiy-7TZqeI.mp4,external/VideoHallucer/videohallucer_datasets/temporal/videos/v_dKiy-7TZqeI.mp4,yes,no,True
tph,tph:41,tph:41:basic,tph:41:hallucination,external/VideoHallucer/videohallucer_datasets/temporal/videos/v_a5Xc9ZgN2yo.mp4,external/VideoHallucer/videohallucer_datasets/temporal/videos/v_a5Xc9ZgN2yo.mp4,yes,no,True
tph,tph:42,tph:42:basic,tph:42:hallucination,external/VideoHallucer/videohallucer_datasets/temporal/videos/v_49drGj3JUg4.mp4,external/VideoHallucer/videohallucer_datasets/temporal/videos/v_49drGj3JUg4.mp4,yes,no,True
tph,tph:43,tph:43:basic,tph:43:hallucination,external/VideoHallucer/videohallucer_datasets/temporal/videos/v_MjljlkQaHh4.mp4,external/VideoHallucer/videohallucer_datasets/temporal/videos/v_MjljlkQaHh4.mp4,yes,no,True
tph,tph:44,tph:44:basic,tph:44:hallucination,external/VideoHallucer/videohallucer_datasets/temporal/videos/v_eRHbpYeYtxo.mp4,external/VideoHallucer/videohallucer_datasets/temporal/videos/v_eRHbpYeYtxo.mp4,yes,no,True
tph,tph:45,tph:45:basic,tph:45:hallucination,external/VideoHallucer/videohallucer_datasets/temporal/videos/v_jimvzigX1ak.mp4,external/VideoHallucer/videohallucer_datasets/temporal/videos/v_jimvzigX1ak.mp4,yes,no,True
tph,tph:46,tph:46:basic,tph:46:hallucination,external/VideoHallucer/videohallucer_datasets/temporal/videos/v_zto8JvkVLVw.mp4,external/VideoHallucer/videohallucer_datasets/temporal/videos/v_zto8JvkVLVw.mp4,yes,no,True
tph,tph:47,tph:47:basic,tph:47:hallucination,external/VideoHallucer/videohallucer_datasets/temporal/videos/v_moUL_qLnNDM.mp4,external/VideoHallucer/videohallucer_datasets/temporal/videos/v_moUL_qLnNDM.mp4,yes,no,True
tph,tph:48,tph:48:basic,tph:48:hallucination,external/VideoHallucer/videohallucer_datasets/temporal/videos/v_pSp7zYRYjHE.mp4,external/VideoHallucer/videohallucer_datasets/temporal/videos/v_pSp7zYRYjHE.mp4,yes,no,True
tph,tph:49,tph:49:basic,tph:49:hallucination,external/VideoHallucer/videohallucer_datasets/temporal/videos/v_6O5UcjQMwoQ.mp4,external/VideoHallucer/videohallucer_datasets/temporal/videos/v_6O5UcjQMwoQ.mp4,yes,no,True
tph,tph:5,tph:5:basic,tph:5:hallucination,external/VideoHallucer/videohallucer_datasets/temporal/videos/v_-uR5-jYe0Ag.mp4,external/VideoHallucer/videohallucer_datasets/temporal/videos/v_-uR5-jYe0Ag.mp4,yes,no,True
tph,tph:50,tph:50:basic,tph:50:hallucination,external/VideoHallucer/videohallucer_datasets/temporal/videos/v_FExyWFc1nU0.mp4,external/VideoHallucer/videohallucer_datasets/temporal/videos/v_FExyWFc1nU0.mp4,yes,no,True
tph,tph:51,tph:51:basic,tph:51:hallucination,external/VideoHallucer/videohallucer_datasets/temporal/videos/v_iSJ87SnNLPc.mp4,external/VideoHallucer/videohallucer_datasets/temporal/videos/v_iSJ87SnNLPc.mp4,yes,no,True
tph,tph:52,tph:52:basic,tph:52:hallucination,external/VideoHallucer/videohallucer_datasets/temporal/videos/v_ZWzPz-LX9Qg.mp4,external/VideoHallucer/videohallucer_datasets/temporal/videos/v_ZWzPz-LX9Qg.mp4,yes,no,True
tph,tph:53,tph:53:basic,tph:53:hallucination,external/VideoHallucer/videohallucer_datasets/temporal/videos/v_RPLbUeV3-o0.mp4,external/VideoHallucer/videohallucer_datasets/temporal/videos/v_RPLbUeV3-o0.mp4,yes,no,True
tph,tph:54,tph:54:basic,tph:54:hallucination,external/VideoHallucer/videohallucer_datasets/temporal/videos/v_Srpn1NaBueI.mp4,external/VideoHallucer/videohallucer_datasets/temporal/videos/v_Srpn1NaBueI.mp4,yes,no,True
tph,tph:55,tph:55:basic,tph:55:hallucination,external/VideoHallucer/videohallucer_datasets/temporal/videos/v_C8Toxe4fE30.mp4,external/VideoHallucer/videohallucer_datasets/temporal/videos/v_C8Toxe4fE30.mp4,yes,no,True
tph,tph:56,tph:56:basic,tph:56:hallucination,external/VideoHallucer/videohallucer_datasets/temporal/videos/v_TomBet77rDc.mp4,external/VideoHallucer/videohallucer_datasets/temporal/videos/v_TomBet77rDc.mp4,yes,no,True
tph,tph:57,tph:57:basic,tph:57:hallucination,external/VideoHallucer/videohallucer_datasets/temporal/videos/v_wlcU-u-xsH4.mp4,external/VideoHallucer/videohallucer_datasets/temporal/videos/v_wlcU-u-xsH4.mp4,yes,no,True
tph,tph:58,tph:58:basic,tph:58:hallucination,external/VideoHallucer/videohallucer_datasets/temporal/videos/v_A3160tXXLGg.mp4,external/VideoHallucer/videohallucer_datasets/temporal/videos/v_A3160tXXLGg.mp4,yes,no,True
tph,tph:59,tph:59:basic,tph:59:hallucination,external/VideoHallucer/videohallucer_datasets/temporal/videos/v_tMM166j4YEw.mp4,external/VideoHallucer/videohallucer_datasets/temporal/videos/v_tMM166j4YEw.mp4,yes,no,True
tph,tph:6,tph:6:basic,tph:6:hallucination,external/VideoHallucer/videohallucer_datasets/temporal/videos/v_1Vu0bzAKL8Q.mp4,external/VideoHallucer/videohallucer_datasets/temporal/videos/v_1Vu0bzAKL8Q.mp4,yes,no,True
tph,tph:60,tph:60:basic,tph:60:hallucination,external/VideoHallucer/videohallucer_datasets/temporal/videos/v_Y5uVICaJU-0.mp4,external/VideoHallucer/videohallucer_datasets/temporal/videos/v_Y5uVICaJU-0.mp4,yes,no,True
tph,tph:61,tph:61:basic,tph:61:hallucination,external/VideoHallucer/videohallucer_datasets/temporal/videos/v_0PmrImNqA2w.mp4,external/VideoHallucer/videohallucer_datasets/temporal/videos/v_0PmrImNqA2w.mp4,yes,no,True
tph,tph:62,tph:62:basic,tph:62:hallucination,external/VideoHallucer/videohallucer_datasets/temporal/videos/v_xYeqvN8cihg.mp4,external/VideoHallucer/videohallucer_datasets/temporal/videos/v_xYeqvN8cihg.mp4,yes,no,True
tph,tph:63,tph:63:basic,tph:63:hallucination,external/VideoHallucer/videohallucer_datasets/temporal/videos/v_-M-Dr6HqDhU.mp4,external/VideoHallucer/videohallucer_datasets/temporal/videos/v_-M-Dr6HqDhU.mp4,yes,no,True
tph,tph:64,tph:64:basic,tph:64:hallucination,external/VideoHallucer/videohallucer_datasets/temporal/videos/v_pmlK-IV4vko.mp4,external/VideoHallucer/videohallucer_datasets/temporal/videos/v_pmlK-IV4vko.mp4,yes,no,True
tph,tph:65,tph:65:basic,tph:65:hallucination,external/VideoHallucer/videohallucer_datasets/temporal/videos/v_7eR0DyDg7wQ.mp4,external/VideoHallucer/videohallucer_datasets/temporal/videos/v_7eR0DyDg7wQ.mp4,yes,no,True
tph,tph:66,tph:66:basic,tph:66:hallucination,external/VideoHallucer/videohallucer_datasets/temporal/videos/v_N9xp9VbpklQ.mp4,external/VideoHallucer/videohallucer_datasets/temporal/videos/v_N9xp9VbpklQ.mp4,yes,no,True
tph,tph:67,tph:67:basic,tph:67:hallucination,external/VideoHallucer/videohallucer_datasets/temporal/videos/v_vGKdr_au240.mp4,external/VideoHallucer/videohallucer_datasets/temporal/videos/v_vGKdr_au240.mp4,yes,no,True
tph,tph:68,tph:68:basic,tph:68:hallucination,external/VideoHallucer/videohallucer_datasets/temporal/videos/v_v9APkG4il4Q.mp4,external/VideoHallucer/videohallucer_datasets/temporal/videos/v_v9APkG4il4Q.mp4,yes,no,True
tph,tph:69,tph:69:basic,tph:69:hallucination,external/VideoHallucer/videohallucer_datasets/temporal/videos/v_whJ6ESGNoyY.mp4,external/VideoHallucer/videohallucer_datasets/temporal/videos/v_whJ6ESGNoyY.mp4,yes,no,True
tph,tph:7,tph:7:basic,tph:7:hallucination,external/VideoHallucer/videohallucer_datasets/temporal/videos/v_ANwaFSIHdW0.mp4,external/VideoHallucer/videohallucer_datasets/temporal/videos/v_ANwaFSIHdW0.mp4,yes,no,True
tph,tph:70,tph:70:basic,tph:70:hallucination,external/VideoHallucer/videohallucer_datasets/temporal/videos/v_3JHIcli-Wlg.mp4,external/VideoHallucer/videohallucer_datasets/temporal/videos/v_3JHIcli-Wlg.mp4,yes,no,True
tph,tph:71,tph:71:basic,tph:71:hallucination,external/VideoHallucer/videohallucer_datasets/temporal/videos/v_3TsNntqwbSQ.mp4,external/VideoHallucer/videohallucer_datasets/temporal/videos/v_3TsNntqwbSQ.mp4,yes,no,True
tph,tph:72,tph:72:basic,tph:72:hallucination,external/VideoHallucer/videohallucer_datasets/temporal/videos/v_5c8HvpeRWrc.mp4,external/VideoHallucer/videohallucer_datasets/temporal/videos/v_5c8HvpeRWrc.mp4,yes,no,True
tph,tph:73,tph:73:basic,tph:73:hallucination,external/VideoHallucer/videohallucer_datasets/temporal/videos/v_jpWevi1HBYo.mp4,external/VideoHallucer/videohallucer_datasets/temporal/videos/v_jpWevi1HBYo.mp4,yes,no,True
tph,tph:74,tph:74:basic,tph:74:hallucination,external/VideoHallucer/videohallucer_datasets/temporal/videos/v_MjRsR_7ECi8.mp4,external/VideoHallucer/videohallucer_datasets/temporal/videos/v_MjRsR_7ECi8.mp4,yes,no,True
tph,tph:75,tph:75:basic,tph:75:hallucination,external/VideoHallucer/videohallucer_datasets/temporal/videos/v_HWgQhsTgj90.mp4,external/VideoHallucer/videohallucer_datasets/temporal/videos/v_HWgQhsTgj90.mp4,yes,no,True
tph,tph:76,tph:76:basic,tph:76:hallucination,external/VideoHallucer/videohallucer_datasets/temporal/videos/v_LA5UXJ_hVU4.mp4,external/VideoHallucer/videohallucer_datasets/temporal/videos/v_LA5UXJ_hVU4.mp4,yes,no,True
tph,tph:77,tph:77:basic,tph:77:hallucination,external/VideoHallucer/videohallucer_datasets/temporal/videos/v_95UgspVYJSM.mp4,external/VideoHallucer/videohallucer_datasets/temporal/videos/v_95UgspVYJSM.mp4,yes,no,True
tph,tph:78,tph:78:basic,tph:78:hallucination,external/VideoHallucer/videohallucer_datasets/temporal/videos/v_IoJoUIxzdac.mp4,external/VideoHallucer/videohallucer_datasets/temporal/videos/v_IoJoUIxzdac.mp4,yes,no,True
tph,tph:79,tph:79:basic,tph:79:hallucination,external/VideoHallucer/videohallucer_datasets/temporal/videos/v_dL-ybVv7Sgs.mp4,external/VideoHallucer/videohallucer_datasets/temporal/videos/v_dL-ybVv7Sgs.mp4,yes,no,True
tph,tph:8,tph:8:basic,tph:8:hallucination,external/VideoHallucer/videohallucer_datasets/temporal/videos/v_HWuRcUpcsHY.mp4,external/VideoHallucer/videohallucer_datasets/temporal/videos/v_HWuRcUpcsHY.mp4,yes,no,True
tph,tph:80,tph:80:basic,tph:80:hallucination,external/VideoHallucer/videohallucer_datasets/temporal/videos/v_xUUmAdQJgjg.mp4,external/VideoHallucer/videohallucer_datasets/temporal/videos/v_xUUmAdQJgjg.mp4,yes,no,True
tph,tph:81,tph:81:basic,tph:81:hallucination,external/VideoHallucer/videohallucer_datasets/temporal/videos/v_jHXqbgeq83Y.mp4,external/VideoHallucer/videohallucer_datasets/temporal/videos/v_jHXqbgeq83Y.mp4,yes,no,True
tph,tph:82,tph:82:basic,tph:82:hallucination,external/VideoHallucer/videohallucer_datasets/temporal/videos/v_WRc1Jv1j3nk.mp4,external/VideoHallucer/videohallucer_datasets/temporal/videos/v_WRc1Jv1j3nk.mp4,yes,no,True
tph,tph:83,tph:83:basic,tph:83:hallucination,external/VideoHallucer/videohallucer_datasets/temporal/videos/v_4fEMDQnD4Xg.mp4,external/VideoHallucer/videohallucer_datasets/temporal/videos/v_4fEMDQnD4Xg.mp4,yes,no,True
tph,tph:84,tph:84:basic,tph:84:hallucination,external/VideoHallucer/videohallucer_datasets/temporal/videos/v_OlH5t7EKOKM.mp4,external/VideoHallucer/videohallucer_datasets/temporal/videos/v_OlH5t7EKOKM.mp4,yes,no,True
tph,tph:85,tph:85:basic,tph:85:hallucination,external/VideoHallucer/videohallucer_datasets/temporal/videos/v_El4QfhJ6RvE.mp4,external/VideoHallucer/videohallucer_datasets/temporal/videos/v_El4QfhJ6RvE.mp4,yes,no,True
tph,tph:86,tph:86:basic,tph:86:hallucination,external/VideoHallucer/videohallucer_datasets/temporal/videos/v_7p99ez6MEeo.mp4,external/VideoHallucer/videohallucer_datasets/temporal/videos/v_7p99ez6MEeo.mp4,yes,no,True
tph,tph:87,tph:87:basic,tph:87:hallucination,external/VideoHallucer/videohallucer_datasets/temporal/videos/v_waFqh-Qkafc.mp4,external/VideoHallucer/videohallucer_datasets/temporal/videos/v_waFqh-Qkafc.mp4,yes,no,True
tph,tph:88,tph:88:basic,tph:88:hallucination,external/VideoHallucer/videohallucer_datasets/temporal/videos/v_G00TjQ7JJ8Y.mp4,external/VideoHallucer/videohallucer_datasets/temporal/videos/v_G00TjQ7JJ8Y.mp4,yes,no,True
tph,tph:89,tph:89:basic,tph:89:hallucination,external/VideoHallucer/videohallucer_datasets/temporal/videos/v_Y9xPzIiy6mI.mp4,external/VideoHallucer/videohallucer_datasets/temporal/videos/v_Y9xPzIiy6mI.mp4,yes,no,True
tph,tph:9,tph:9:basic,tph:9:hallucination,external/VideoHallucer/videohallucer_datasets/temporal/videos/v_dFVX_2UQ2WY.mp4,external/VideoHallucer/videohallucer_datasets/temporal/videos/v_dFVX_2UQ2WY.mp4,yes,no,True
tph,tph:90,tph:90:basic,tph:90:hallucination,external/VideoHallucer/videohallucer_datasets/temporal/videos/v_o_JAjYZDs9Y.mp4,external/VideoHallucer/videohallucer_datasets/temporal/videos/v_o_JAjYZDs9Y.mp4,yes,no,True
tph,tph:91,tph:91:basic,tph:91:hallucination,external/VideoHallucer/videohallucer_datasets/temporal/videos/v_--6bJUbfpnQ.mp4,external/VideoHallucer/videohallucer_datasets/temporal/videos/v_--6bJUbfpnQ.mp4,yes,no,True
tph,tph:92,tph:92:basic,tph:92:hallucination,external/VideoHallucer/videohallucer_datasets/temporal/videos/v_fOgfpA9MTOQ.mp4,external/VideoHallucer/videohallucer_datasets/temporal/videos/v_fOgfpA9MTOQ.mp4,yes,no,True
tph,tph:93,tph:93:basic,tph:93:hallucination,external/VideoHallucer/videohallucer_datasets/temporal/videos/v_rprQvEVVpIc.mp4,external/VideoHallucer/videohallucer_datasets/temporal/videos/v_rprQvEVVpIc.mp4,yes,no,True
tph,tph:94,tph:94:basic,tph:94:hallucination,external/VideoHallucer/videohallucer_datasets/temporal/videos/v_kyObhFkHrak.mp4,external/VideoHallucer/videohallucer_datasets/temporal/videos/v_kyObhFkHrak.mp4,yes,no,True
tph,tph:95,tph:95:basic,tph:95:hallucination,external/VideoHallucer/videohallucer_datasets/temporal/videos/v_v1Vmf5s42No.mp4,external/VideoHallucer/videohallucer_datasets/temporal/videos/v_v1Vmf5s42No.mp4,yes,no,True
tph,tph:96,tph:96:basic,tph:96:hallucination,external/VideoHallucer/videohallucer_datasets/temporal/videos/v_oc4v7GPk05c.mp4,external/VideoHallucer/videohallucer_datasets/temporal/videos/v_oc4v7GPk05c.mp4,yes,no,True
tph,tph:97,tph:97:basic,tph:97:hallucination,external/VideoHallucer/videohallucer_datasets/temporal/videos/v_Uv_6SJlvCl0.mp4,external/VideoHallucer/videohallucer_datasets/temporal/videos/v_Uv_6SJlvCl0.mp4,yes,no,True
tph,tph:98,tph:98:basic,tph:98:hallucination,external/VideoHallucer/videohallucer_datasets/temporal/videos/v_CMTiL1ctmDs.mp4,external/VideoHallucer/videohallucer_datasets/temporal/videos/v_CMTiL1ctmDs.mp4,yes,no,True
tph,tph:99,tph:99:basic,tph:99:hallucination,external/VideoHallucer/videohallucer_datasets/temporal/videos/v_Ofnuo7FTHfM.mp4,external/VideoHallucer/videohallucer_datasets/temporal/videos/v_Ofnuo7FTHfM.mp4,yes,no,True
