task,sample_id,annotation_video_id,resolved_video_path,mapping_status,ground_truth,skip_reason,evaluated
tsh,tsh:1,j5SX_9JKtfs_clip_1_3,/scratch/jp09/dd9648/datasets_video_hallu/vidhalluc/data/TSH_videos/VidHalluc/data/TSH/j5SX_9JKtfs_clip_1_3.mp4,resolved,BA,,True
tsh,tsh:2,n1dboqahvZU_clip_2_4,/scratch/jp09/dd9648/datasets_video_hallu/vidhalluc/data/TSH_videos/VidHalluc/data/TSH/n1dboqahvZU_clip_2_4.mp4,resolved,AB,,True
tsh,tsh:3,656VWQU5dgE_clip_4_5,/scratch/jp09/dd9648/datasets_video_hallu/vidhalluc/data/TSH_videos/VidHalluc/data/TSH/656VWQU5dgE_clip_4_5.mp4,resolved,AB,,True
tsh,tsh:4,6UPfqdssD6g_clip_4_5,/scratch/jp09/dd9648/datasets_video_hallu/vidhalluc/data/TSH_videos/VidHalluc/data/TSH/6UPfqdssD6g_clip_4_5.mp4,resolved,BA,,True
tsh,tsh:5,hiYPv3MrrUw_clip_1_2,/scratch/jp09/dd9648/datasets_video_hallu/vidhalluc/data/TSH_videos/VidHalluc/data/TSH/hiYPv3MrrUw_clip_1_2.mp4,resolved,AB,,True
tsh,tsh:6,wklpuFysPq8_clip_5_6,/scratch/jp09/dd9648/datasets_video_hallu/vidhalluc/data/TSH_videos/VidHalluc/data/TSH/wklpuFysPq8_clip_5_6.mp4,resolved,BA,,True
tsh,tsh:7,HtuDZLsOK6M_clip_2_3,/scratch/jp09/dd9648/datasets_video_hallu/vidhalluc/data/TSH_videos/VidHalluc/data/TSH/HtuDZLsOK6M_clip_2_3.mp4,resolved,BA,,True
tsh,tsh:8,n5xfkpQ8PWM_clip_2_7,/scratch/jp09/dd9648/datasets_video_hallu/vidhalluc/data/TSH_videos/VidHalluc/data/TSH/n5xfkpQ8PWM_clip_2_7.mp4,resolved,AB,,True
tsh,tsh:9,n5xfkpQ8PWM_clip_5_9,/scratch/jp09/dd9648/datasets_video_hallu/vidhalluc/data/TSH_videos/VidHalluc/data/TSH/n5xfkpQ8PWM_clip_5_9.mp4,resolved,BA,,True
tsh,tsh:10,UYUvjnlU9Ho_clip_11_7,/scratch/jp09/dd9648/datasets_video_hallu/vidhalluc/data/TSH_videos/VidHalluc/data/TSH/UYUvjnlU9Ho_clip_11_7.mp4,resolved,AB,,True
tsh,tsh:11,UYUvjnlU9Ho_clip_3_7,/scratch/jp09/dd9648/datasets_video_hallu/vidhalluc/data/TSH_videos/VidHalluc/data/TSH/UYUvjnlU9Ho_clip_3_7.mp4,resolved,AB,,True
tsh,tsh:12,cjFHlsWZY4c_clip_2_4,/scratch/jp09/dd9648/datasets_video_hallu/vidhalluc/data/TSH_videos/VidHalluc/data/TSH/cjFHlsWZY4c_clip_2_4.mp4,resolved,AB,,True
tsh,tsh:13,cjFHlsWZY4c_clip_1_3,/scratch/jp09/dd9648/datasets_video_hallu/vidhalluc/data/TSH_videos/VidHalluc/data/TSH/cjFHlsWZY4c_clip_1_3.mp4,resolved,AB,,True
tsh,tsh:14,4E89GQ2UnoQ_clip_4_8,/scratch/jp09/dd9648/datasets_video_hallu/vidhalluc/data/TSH_videos/VidHalluc/data/TSH/4E89GQ2UnoQ_clip_4_8.mp4,resolved,BA,,True
tsh,tsh:15,-2dxp-mv2zo_clip_3_6,/scratch/jp09/dd9648/datasets_video_hallu/vidhalluc/data/TSH_videos/VidHalluc/data/TSH/-2dxp-mv2zo_clip_3_6.mp4,resolved,BA,,True
tsh,tsh:16,D5iU1Qfy-wk_clip_2_7,/scratch/jp09/dd9648/datasets_video_hallu/vidhalluc/data/TSH_videos/VidHalluc/data/TSH/D5iU1Qfy-wk_clip_2_7.mp4,resolved,AB,,True
tsh,tsh:17,cUdIbmXb2yI_clip_2_3,/scratch/jp09/dd9648/datasets_video_hallu/vidhalluc/data/TSH_videos/VidHalluc/data/TSH/cUdIbmXb2yI_clip_2_3.mp4,resolved,BA,,True
tsh,tsh:18,e2t_1Atddaw_clip_5_6,/scratch/jp09/dd9648/datasets_video_hallu/vidhalluc/data/TSH_videos/VidHalluc/data/TSH/e2t_1Atddaw_clip_5_6.mp4,resolved,AB,,True
tsh,tsh:19,D0EAxdmzjzE_clip_4_5,/scratch/jp09/dd9648/datasets_video_hallu/vidhalluc/data/TSH_videos/VidHalluc/data/TSH/D0EAxdmzjzE_clip_4_5.mp4,resolved,AB,,True
tsh,tsh:20,biyf6Q-xF0M_clip_1_2,/scratch/jp09/dd9648/datasets_video_hallu/vidhalluc/data/TSH_videos/VidHalluc/data/TSH/biyf6Q-xF0M_clip_1_2.mp4,resolved,BA,,True
tsh,tsh:21,Ggw7rtn3J-8_clip_2_4,/scratch/jp09/dd9648/datasets_video_hallu/vidhalluc/data/TSH_videos/VidHalluc/data/TSH/Ggw7rtn3J-8_clip_2_4.mp4,resolved,AB,,True
tsh,tsh:22,Mw_AIqw6rfM_clip_1_3,/scratch/jp09/dd9648/datasets_video_hallu/vidhalluc/data/TSH_videos/VidHalluc/data/TSH/Mw_AIqw6rfM_clip_1_3.mp4,resolved,BA,,True
tsh,tsh:23,WbZpWiPCHVU_clip_3_6,/scratch/jp09/dd9648/datasets_video_hallu/vidhalluc/data/TSH_videos/VidHalluc/data/TSH/WbZpWiPCHVU_clip_3_6.mp4,resolved,BA,,True
tsh,tsh:24,JTGS1YulUQw_clip_1_3,/scratch/jp09/dd9648/datasets_video_hallu/vidhalluc/data/TSH_videos/VidHalluc/data/TSH/JTGS1YulUQw_clip_1_3.mp4,resolved,AB,,True
tsh,tsh:25,NkJA_0tErGY_clip_2_4,/scratch/jp09/dd9648/datasets_video_hallu/vidhalluc/data/TSH_videos/VidHalluc/data/TSH/NkJA_0tErGY_clip_2_4.mp4,resolved,BA,,True
tsh,tsh:26,QKEFacWrn_8_clip_1_2,/scratch/jp09/dd9648/datasets_video_hallu/vidhalluc/data/TSH_videos/VidHalluc/data/TSH/QKEFacWrn_8_clip_1_2.mp4,resolved,AB,,True
tsh,tsh:27,JRr3BruqS2Y_clip_1_7,/scratch/jp09/dd9648/datasets_video_hallu/vidhalluc/data/TSH_videos/VidHalluc/data/TSH/JRr3BruqS2Y_clip_1_7.mp4,resolved,BA,,True
tsh,tsh:28,L35c6QI1l_0_clip_2_3,/scratch/jp09/dd9648/datasets_video_hallu/vidhalluc/data/TSH_videos/VidHalluc/data/TSH/L35c6QI1l_0_clip_2_3.mp4,resolved,AB,,True
tsh,tsh:29,36JC5C6I4sg_clip_3_4,/scratch/jp09/dd9648/datasets_video_hallu/vidhalluc/data/TSH_videos/VidHalluc/data/TSH/36JC5C6I4sg_clip_3_4.mp4,resolved,AB,,True
tsh,tsh:30,elgmPvU19K8_clip_3_4,/scratch/jp09/dd9648/datasets_video_hallu/vidhalluc/data/TSH_videos/VidHalluc/data/TSH/elgmPvU19K8_clip_3_4.mp4,resolved,BA,,True
tsh,tsh:31,keFBEoBy0zY_clip_1_2,/scratch/jp09/dd9648/datasets_video_hallu/vidhalluc/data/TSH_videos/VidHalluc/data/TSH/keFBEoBy0zY_clip_1_2.mp4,resolved,AB,,True
tsh,tsh:32,QZi1yBFRZzc_clip_14_3,/scratch/jp09/dd9648/datasets_video_hallu/vidhalluc/data/TSH_videos/VidHalluc/data/TSH/QZi1yBFRZzc_clip_14_3.mp4,resolved,BA,,True
tsh,tsh:33,s9r-CxnCXkg_clip_4_5,/scratch/jp09/dd9648/datasets_video_hallu/vidhalluc/data/TSH_videos/VidHalluc/data/TSH/s9r-CxnCXkg_clip_4_5.mp4,resolved,BA,,True
tsh,tsh:34,9qFwSM8QLIE_clip_1_2,/scratch/jp09/dd9648/datasets_video_hallu/vidhalluc/data/TSH_videos/VidHalluc/data/TSH/9qFwSM8QLIE_clip_1_2.mp4,resolved,BA,,True
tsh,tsh:35,STaS53CNlZI_clip_3_8,/scratch/jp09/dd9648/datasets_video_hallu/vidhalluc/data/TSH_videos/VidHalluc/data/TSH/STaS53CNlZI_clip_3_8.mp4,resolved,AB,,True
tsh,tsh:36,HWkGANOfqQE_clip_1_2,/scratch/jp09/dd9648/datasets_video_hallu/vidhalluc/data/TSH_videos/VidHalluc/data/TSH/HWkGANOfqQE_clip_1_2.mp4,resolved,BA,,True
tsh,tsh:37,4avZ79LB5n4_clip_2_4,/scratch/jp09/dd9648/datasets_video_hallu/vidhalluc/data/TSH_videos/VidHalluc/data/TSH/4avZ79LB5n4_clip_2_4.mp4,resolved,BA,,True
tsh,tsh:38,JlgDwIT9KLI_clip_2_3,/scratch/jp09/dd9648/datasets_video_hallu/vidhalluc/data/TSH_videos/VidHalluc/data/TSH/JlgDwIT9KLI_clip_2_3.mp4,resolved,AB,,True
tsh,tsh:39,zukEQgbWdsY_clip_4_5,/scratch/jp09/dd9648/datasets_video_hallu/vidhalluc/data/TSH_videos/VidHalluc/data/TSH/zukEQgbWdsY_clip_4_5.mp4,resolved,BA,,True
tsh,tsh:40,UpmzSgLLj-s_clip_2_4,/scratch/jp09/dd9648/datasets_video_hallu/vidhalluc/data/TSH_videos/VidHalluc/data/TSH/UpmzSgLLj-s_clip_2_4.mp4,resolved,AB,,True
tsh,tsh:41,KVaTsulE5Z0_clip_2_3,/scratch/jp09/dd9648/datasets_video_hallu/vidhalluc/data/TSH_videos/VidHalluc/data/TSH/KVaTsulE5Z0_clip_2_3.mp4,resolved,BA,,True
tsh,tsh:42,WhYyvKiwLc8_clip_1_4,/scratch/jp09/dd9648/datasets_video_hallu/vidhalluc/data/TSH_videos/VidHalluc/data/TSH/WhYyvKiwLc8_clip_1_4.mp4,resolved,AB,,True
tsh,tsh:43,roTIeCtx94Q_clip_1_2,/scratch/jp09/dd9648/datasets_video_hallu/vidhalluc/data/TSH_videos/VidHalluc/data/TSH/roTIeCtx94Q_clip_1_2.mp4,resolved,BA,,True
tsh,tsh:44,QGZN8aXpXHU_clip_2_4,/scratch/jp09/dd9648/datasets_video_hallu/vidhalluc/data/TSH_videos/VidHalluc/data/TSH/QGZN8aXpXHU_clip_2_4.mp4,resolved,AB,,True
tsh,tsh:45,Ni7Lqloy5Qc_clip_2_4,/scratch/jp09/dd9648/datasets_video_hallu/vidhalluc/data/TSH_videos/VidHalluc/data/TSH/Ni7Lqloy5Qc_clip_2_4.mp4,resolved,BA,,True
tsh,tsh:46,6SFW4g4UVKI_clip_1_2,/scratch/jp09/dd9648/datasets_video_hallu/vidhalluc/data/TSH_videos/VidHalluc/data/TSH/6SFW4g4UVKI_clip_1_2.mp4,resolved,AB,,True
tsh,tsh:47,22qauL6BO8E_clip_3_4,/scratch/jp09/dd9648/datasets_video_hallu/vidhalluc/data/TSH_videos/VidHalluc/data/TSH/22qauL6BO8E_clip_3_4.mp4|/scratch/jp09/dd9648/datasets_video_hallu/vidhalluc/data/STH_videos/STH/22qauL6BO8E_clip_3_4.mp4,ambiguous,AB,video_ambiguous,True
tsh,tsh:48,gEYutYXODs4_clip_1_2,/scratch/jp09/dd9648/datasets_video_hallu/vidhalluc/data/TSH_videos/VidHalluc/data/TSH/gEYutYXODs4_clip_1_2.mp4,resolved,BA,,True
tsh,tsh:49,eMB9L-LDK1E_clip_1_3,/scratch/jp09/dd9648/datasets_video_hallu/vidhalluc/data/TSH_videos/VidHalluc/data/TSH/eMB9L-LDK1E_clip_1_3.mp4,resolved,BA,,True
tsh,tsh:50,kH50-giCeDM_clip_2_4,/scratch/jp09/dd9648/datasets_video_hallu/vidhalluc/data/TSH_videos/VidHalluc/data/TSH/kH50-giCeDM_clip_2_4.mp4,resolved,AB,,True
tsh,tsh:51,kH50-giCeDM_clip_1_4,/scratch/jp09/dd9648/datasets_video_hallu/vidhalluc/data/TSH_videos/VidHalluc/data/TSH/kH50-giCeDM_clip_1_4.mp4,resolved,AB,,True
tsh,tsh:52,UadYaZOC6B8_clip_2_3,/scratch/jp09/dd9648/datasets_video_hallu/vidhalluc/data/TSH_videos/VidHalluc/data/TSH/UadYaZOC6B8_clip_2_3.mp4,resolved,BA,,True
tsh,tsh:53,Lv6ypQZWIEg_clip_4_8,/scratch/jp09/dd9648/datasets_video_hallu/vidhalluc/data/TSH_videos/VidHalluc/data/TSH/Lv6ypQZWIEg_clip_4_8.mp4,resolved,AB,,True
tsh,tsh:54,sx_npA4wRrw_clip_1_8,/scratch/jp09/dd9648/datasets_video_hallu/vidhalluc/data/TSH_videos/VidHalluc/data/TSH/sx_npA4wRrw_clip_1_8.mp4,resolved,BA,,True
tsh,tsh:55,sx_npA4wRrw_clip_2_7,/scratch/jp09/dd9648/datasets_video_hallu/vidhalluc/data/TSH_videos/VidHalluc/data/TSH/sx_npA4wRrw_clip_2_7.mp4,resolved,AB,,True
tsh,tsh:56,sx_npA4wRrw_clip_1_7,/scratch/jp09/dd9648/datasets_video_hallu/vidhalluc/data/TSH_videos/VidHalluc/data/TSH/sx_npA4wRrw_clip_1_7.mp4,resolved,BA,,True
tsh,tsh:57,mTlReluteEQ_clip_2_4,/scratch/jp09/dd9648/datasets_video_hallu/vidhalluc/data/TSH_videos/VidHalluc/data/TSH/mTlReluteEQ_clip_2_4.mp4,resolved,AB,,True
tsh,tsh:58,bOULU-0Nloc_clip_1_5,/scratch/jp09/dd9648/datasets_video_hallu/vidhalluc/data/TSH_videos/VidHalluc/data/TSH/bOULU-0Nloc_clip_1_5.mp4,resolved,BA,,True
tsh,tsh:59,bOULU-0Nloc_clip_2_5,/scratch/jp09/dd9648/datasets_video_hallu/vidhalluc/data/TSH_videos/VidHalluc/data/TSH/bOULU-0Nloc_clip_2_5.mp4,resolved,BA,,True
tsh,tsh:60,tZF_WIdSQHM_clip_6_7,/scratch/jp09/dd9648/datasets_video_hallu/vidhalluc/data/TSH_videos/VidHalluc/data/TSH/tZF_WIdSQHM_clip_6_7.mp4,resolved,AB,,True
tsh,tsh:61,Ez7s36AwgLk_clip_3_4,/scratch/jp09/dd9648/datasets_video_hallu/vidhalluc/data/TSH_videos/VidHalluc/data/TSH/Ez7s36AwgLk_clip_3_4.mp4,resolved,AB,,True
tsh,tsh:62,U697zTxxDHM_clip_1_2,/scratch/jp09/dd9648/datasets_video_hallu/vidhalluc/data/TSH_videos/VidHalluc/data/TSH/U697zTxxDHM_clip_1_2.mp4,resolved,BA,,True
tsh,tsh:63,U697zTxxDHM_clip_1_5,/scratch/jp09/dd9648/datasets_video_hallu/vidhalluc/data/TSH_videos/VidHalluc/data/TSH/U697zTxxDHM_clip_1_5.mp4,resolved,BA,,True
tsh,tsh:64,vGcH8N8sJlM_clip_3_4,/scratch/jp09/dd9648/datasets_video_hallu/vidhalluc/data/TSH_videos/VidHalluc/data/TSH/vGcH8N8sJlM_clip_3_4.mp4,resolved,AB,,True
tsh,tsh:65,BVzW_OoUmnU_clip_1_4,/scratch/jp09/dd9648/datasets_video_hallu/vidhalluc/data/TSH_videos/VidHalluc/data/TSH/BVzW_OoUmnU_clip_1_4.mp4,resolved,AB,,True
tsh,tsh:66,cMndipw7_As_clip_3_7,/scratch/jp09/dd9648/datasets_video_hallu/vidhalluc/data/TSH_videos/VidHalluc/data/TSH/cMndipw7_As_clip_3_7.mp4,resolved,BA,,True
tsh,tsh:67,jrXoqceGS-k_clip_2_5,/scratch/jp09/dd9648/datasets_video_hallu/vidhalluc/data/TSH_videos/VidHalluc/data/TSH/jrXoqceGS-k_clip_2_5.mp4,resolved,AB,,True
tsh,tsh:68,llcbN-s26vs_clip_1_4,/scratch/jp09/dd9648/datasets_video_hallu/vidhalluc/data/TSH_videos/VidHalluc/data/TSH/llcbN-s26vs_clip_1_4.mp4,resolved,BA,,True
tsh,tsh:69,llcbN-s26vs_clip_1_5,/scratch/jp09/dd9648/datasets_video_hallu/vidhalluc/data/TSH_videos/VidHalluc/data/TSH/llcbN-s26vs_clip_1_5.mp4,resolved,AB,,True
tsh,tsh:70,WFL8DhccHr0_clip_2_3,/scratch/jp09/dd9648/datasets_video_hallu/vidhalluc/data/TSH_videos/VidHalluc/data/TSH/WFL8DhccHr0_clip_2_3.mp4,resolved,BA,,True
tsh,tsh:71,rVRNX-fClE4_clip_5_6,/scratch/jp09/dd9648/datasets_video_hallu/vidhalluc/data/TSH_videos/VidHalluc/data/TSH/rVRNX-fClE4_clip_5_6.mp4,resolved,BA,,True
tsh,tsh:72,7h70U1m5hFg_clip_4_5,/scratch/jp09/dd9648/datasets_video_hallu/vidhalluc/data/TSH_videos/VidHalluc/data/TSH/7h70U1m5hFg_clip_4_5.mp4,resolved,AB,,True
tsh,tsh:73,jl10JmELMqY_clip_2_3,/scratch/jp09/dd9648/datasets_video_hallu/vidhalluc/data/TSH_videos/VidHalluc/data/TSH/jl10JmELMqY_clip_2_3.mp4,resolved,BA,,True
tsh,tsh:74,zmEyQT7ifS8_clip_3_4,/scratch/jp09/dd9648/datasets_video_hallu/vidhalluc/data/TSH_videos/VidHalluc/data/TSH/zmEyQT7ifS8_clip_3_4.mp4,resolved,AB,,True
tsh,tsh:75,mZ6iJfRokTw_clip_3_4,/scratch/jp09/dd9648/datasets_video_hallu/vidhalluc/data/TSH_videos/VidHalluc/data/TSH/mZ6iJfRokTw_clip_3_4.mp4,resolved,AB,,True
tsh,tsh:76,DLlooZTLPdI_clip_1_5,/scratch/jp09/dd9648/datasets_video_hallu/vidhalluc/data/TSH_videos/VidHalluc/data/TSH/DLlooZTLPdI_clip_1_5.mp4,resolved,BA,,True
tsh,tsh:77,uyr2mXqn3Yo_clip_1_2,/scratch/jp09/dd9648/datasets_video_hallu/vidhalluc/data/TSH_videos/VidHalluc/data/TSH/uyr2mXqn3Yo_clip_1_2.mp4,resolved,BA,,True
tsh,tsh:78,2fPWPaNrUEM_clip_4_5,/scratch/jp09/dd9648/datasets_video_hallu/vidhalluc/data/TSH_videos/VidHalluc/data/TSH/2fPWPaNrUEM_clip_4_5.mp4,resolved,AB,,True
tsh,tsh:79,06ofnvq2Hjs_clip_5_9,/scratch/jp09/dd9648/datasets_video_hallu/vidhalluc/data/TSH_videos/VidHalluc/data/TSH/06ofnvq2Hjs_clip_5_9.mp4,resolved,BA,,True
tsh,tsh:80,zrnxRV3yLR8_clip_3_4,/scratch/jp09/dd9648/datasets_video_hallu/vidhalluc/data/TSH_videos/VidHalluc/data/TSH/zrnxRV3yLR8_clip_3_4.mp4,resolved,AB,,True
tsh,tsh:81,t1MXansbY5s_clip_1_4,/scratch/jp09/dd9648/datasets_video_hallu/vidhalluc/data/TSH_videos/VidHalluc/data/TSH/t1MXansbY5s_clip_1_4.mp4,resolved,BA,,True
tsh,tsh:82,8B4M8AsGZmQ_clip_1_3,/scratch/jp09/dd9648/datasets_video_hallu/vidhalluc/data/TSH_videos/VidHalluc/data/TSH/8B4M8AsGZmQ_clip_1_3.mp4,resolved,AB,,True
tsh,tsh:83,i_Fs0Qrtu90_clip_2_8,/scratch/jp09/dd9648/datasets_video_hallu/vidhalluc/data/TSH_videos/VidHalluc/data/TSH/i_Fs0Qrtu90_clip_2_8.mp4,resolved,BA,,True
tsh,tsh:84,i_Fs0Qrtu90_clip_2_9,/scratch/jp09/dd9648/datasets_video_hallu/vidhalluc/data/TSH_videos/VidHalluc/data/TSH/i_Fs0Qrtu90_clip_2_9.mp4,resolved,AB,,True
tsh,tsh:85,1BgVCXxPjIc_clip_3_4,/scratch/jp09/dd9648/datasets_video_hallu/vidhalluc/data/TSH_videos/VidHalluc/data/TSH/1BgVCXxPjIc_clip_3_4.mp4|/scratch/jp09/dd9648/datasets_video_hallu/vidhalluc/data/STH_videos/STH/1BgVCXxPjIc_clip_3_4.mp4,ambiguous,BA,video_ambiguous,True
tsh,tsh:86,L9dtiopWGe4_clip_2_3,/scratch/jp09/dd9648/datasets_video_hallu/vidhalluc/data/TSH_videos/VidHalluc/data/TSH/L9dtiopWGe4_clip_2_3.mp4,resolved,AB,,True
tsh,tsh:87,0Mz4NTozNXw_clip_4_5,/scratch/jp09/dd9648/datasets_video_hallu/vidhalluc/data/TSH_videos/VidHalluc/data/TSH/0Mz4NTozNXw_clip_4_5.mp4,resolved,AB,,True
tsh,tsh:88,Xgp4BTstS20_clip_1_2,/scratch/jp09/dd9648/datasets_video_hallu/vidhalluc/data/TSH_videos/VidHalluc/data/TSH/Xgp4BTstS20_clip_1_2.mp4|/scratch/jp09/dd9648/datasets_video_hallu/vidhalluc/data/STH_videos/STH/Xgp4BTstS20_clip_1_2.mp4,ambiguous,BA,video_ambiguous,True
tsh,tsh:89,KRGiJIHSd9E_clip_3_4,/scratch/jp09/dd9648/datasets_video_hallu/vidhalluc/data/TSH_videos/VidHalluc/data/TSH/KRGiJIHSd9E_clip_3_4.mp4,resolved,AB,,True
tsh,tsh:90,Fe4tO5vW9_E_clip_2_3,/scratch/jp09/dd9648/datasets_video_hallu/vidhalluc/data/TSH_videos/VidHalluc/data/TSH/Fe4tO5vW9_E_clip_2_3.mp4,resolved,BA,,True
tsh,tsh:91,srXhWAGzd-s_clip_2_4,/scratch/jp09/dd9648/datasets_video_hallu/vidhalluc/data/TSH_videos/VidHalluc/data/TSH/srXhWAGzd-s_clip_2_4.mp4,resolved,BA,,True
tsh,tsh:92,w4CiGbHLTBg_clip_1_4,/scratch/jp09/dd9648/datasets_video_hallu/vidhalluc/data/TSH_videos/VidHalluc/data/TSH/w4CiGbHLTBg_clip_1_4.mp4,resolved,AB,,True
tsh,tsh:93,QElXIVBV-gk_clip_1_2,/scratch/jp09/dd9648/datasets_video_hallu/vidhalluc/data/TSH_videos/VidHalluc/data/TSH/QElXIVBV-gk_clip_1_2.mp4,resolved,BA,,True
tsh,tsh:94,PT18KK_6jmU_clip_3_4,/scratch/jp09/dd9648/datasets_video_hallu/vidhalluc/data/TSH_videos/VidHalluc/data/TSH/PT18KK_6jmU_clip_3_4.mp4,resolved,AB,,True
tsh,tsh:95,GtYf9VsPHO0_clip_2_3,/scratch/jp09/dd9648/datasets_video_hallu/vidhalluc/data/TSH_videos/VidHalluc/data/TSH/GtYf9VsPHO0_clip_2_3.mp4,resolved,AB,,True
tsh,tsh:96,L4tdvpago7s_clip_3_4,/scratch/jp09/dd9648/datasets_video_hallu/vidhalluc/data/TSH_videos/VidHalluc/data/TSH/L4tdvpago7s_clip_3_4.mp4|/scratch/jp09/dd9648/datasets_video_hallu/vidhalluc/data/STH_videos/STH/L4tdvpago7s_clip_3_4.mp4,ambiguous,BA,video_ambiguous,True
tsh,tsh:97,KfP205pf7PU_clip_1_5,/scratch/jp09/dd9648/datasets_video_hallu/vidhalluc/data/TSH_videos/VidHalluc/data/TSH/KfP205pf7PU_clip_1_5.mp4,resolved,AB,,True
tsh,tsh:98,KE2tDW9x9d8_clip_1_2,/scratch/jp09/dd9648/datasets_video_hallu/vidhalluc/data/TSH_videos/VidHalluc/data/TSH/KE2tDW9x9d8_clip_1_2.mp4,resolved,BA,,True
tsh,tsh:99,WdC6dVbfTvs_clip_2_5,/scratch/jp09/dd9648/datasets_video_hallu/vidhalluc/data/TSH_videos/VidHalluc/data/TSH/WdC6dVbfTvs_clip_2_5.mp4,resolved,AB,,True
tsh,tsh:100,zSWuVb-aYAA_clip_4_9,/scratch/jp09/dd9648/datasets_video_hallu/vidhalluc/data/TSH_videos/VidHalluc/data/TSH/zSWuVb-aYAA_clip_4_9.mp4,resolved,BA,,True
tsh,tsh:101,TvQjlIaAssw_clip_4_5,/scratch/jp09/dd9648/datasets_video_hallu/vidhalluc/data/TSH_videos/VidHalluc/data/TSH/TvQjlIaAssw_clip_4_5.mp4|/scratch/jp09/dd9648/datasets_video_hallu/vidhalluc/data/STH_videos/STH/TvQjlIaAssw_clip_4_5.mp4,ambiguous,AB,video_ambiguous,True
tsh,tsh:102,z-iuSgXKUcw_clip_3_4,/scratch/jp09/dd9648/datasets_video_hallu/vidhalluc/data/TSH_videos/VidHalluc/data/TSH/z-iuSgXKUcw_clip_3_4.mp4,resolved,BA,,True
tsh,tsh:103,E7rhlhVA0SY_clip_10_5,/scratch/jp09/dd9648/datasets_video_hallu/vidhalluc/data/TSH_videos/VidHalluc/data/TSH/E7rhlhVA0SY_clip_10_5.mp4,resolved,AB,,True
tsh,tsh:104,fmdG9uPnWHQ_clip_4_6,/scratch/jp09/dd9648/datasets_video_hallu/vidhalluc/data/TSH_videos/VidHalluc/data/TSH/fmdG9uPnWHQ_clip_4_6.mp4,resolved,AB,,True
tsh,tsh:105,fmdG9uPnWHQ_clip_3_6,/scratch/jp09/dd9648/datasets_video_hallu/vidhalluc/data/TSH_videos/VidHalluc/data/TSH/fmdG9uPnWHQ_clip_3_6.mp4,resolved,BA,,True
tsh,tsh:106,bM5VpCdPOrw_clip_1_3,/scratch/jp09/dd9648/datasets_video_hallu/vidhalluc/data/TSH_videos/VidHalluc/data/TSH/bM5VpCdPOrw_clip_1_3.mp4,resolved,AB,,True
tsh,tsh:107,AyYpsQ4xOo8_clip_1_5,/scratch/jp09/dd9648/datasets_video_hallu/vidhalluc/data/TSH_videos/VidHalluc/data/TSH/AyYpsQ4xOo8_clip_1_5.mp4,resolved,BA,,True
tsh,tsh:108,MWdPh6J-YXM_clip_6_8,/scratch/jp09/dd9648/datasets_video_hallu/vidhalluc/data/TSH_videos/VidHalluc/data/TSH/MWdPh6J-YXM_clip_6_8.mp4,resolved,AB,,True
tsh,tsh:109,MWdPh6J-YXM_clip_1_6,/scratch/jp09/dd9648/datasets_video_hallu/vidhalluc/data/TSH_videos/VidHalluc/data/TSH/MWdPh6J-YXM_clip_1_6.mp4,resolved,AB,,True
tsh,tsh:110,MubE2kOK6z0_clip_5_6,/scratch/jp09/dd9648/datasets_video_hallu/vidhalluc/data/TSH_videos/VidHalluc/data/TSH/MubE2kOK6z0_clip_5_6.mp4,resolved,BA,,True
tsh,tsh:111,1mJeGeb-iew_clip_4_5,/scratch/jp09/dd9648/datasets_video_hallu/vidhalluc/data/TSH_videos/VidHalluc/data/TSH/1mJeGeb-iew_clip_4_5.mp4,resolved,BA,,True
tsh,tsh:112,wHDZkh-21G0_clip_1_2,/scratch/jp09/dd9648/datasets_video_hallu/vidhalluc/data/TSH_videos/VidHalluc/data/TSH/wHDZkh-21G0_clip_1_2.mp4,resolved,AB,,True
tsh,tsh:113,4IRb308UjTA_clip_2_4,/scratch/jp09/dd9648/datasets_video_hallu/vidhalluc/data/TSH_videos/VidHalluc/data/TSH/4IRb308UjTA_clip_2_4.mp4,resolved,AB,,True
tsh,tsh:114,4IRb308UjTA_clip_2_3,/scratch/jp09/dd9648/datasets_video_hallu/vidhalluc/data/TSH_videos/VidHalluc/data/TSH/4IRb308UjTA_clip_2_3.mp4,resolved,BA,,True
tsh,tsh:115,fevlUD03yCM_clip_2_4,/scratch/jp09/dd9648/datasets_video_hallu/vidhalluc/data/TSH_videos/VidHalluc/data/TSH/fevlUD03yCM_clip_2_4.mp4,resolved,BA,,True
tsh,tsh:116,UYcpD3r6Ol0_clip_3_6,/scratch/jp09/dd9648/datasets_video_hallu/vidhalluc/data/TSH_videos/VidHalluc/data/TSH/UYcpD3r6Ol0_clip_3_6.mp4,resolved,AB,,True
tsh,tsh:117,NkCbbwxEdXU_clip_1_2,/scratch/jp09/dd9648/datasets_video_hallu/vidhalluc/data/TSH_videos/VidHalluc/data/TSH/NkCbbwxEdXU_clip_1_2.mp4,resolved,AB,,True
tsh,tsh:118,8xYzQMbI5fM_clip_2_4,/scratch/jp09/dd9648/datasets_video_hallu/vidhalluc/data/TSH_videos/VidHalluc/data/TSH/8xYzQMbI5fM_clip_2_4.mp4,resolved,BA,,True
tsh,tsh:119,mi6wetIKq2w_clip_3_4,/scratch/jp09/dd9648/datasets_video_hallu/vidhalluc/data/TSH_videos/VidHalluc/data/TSH/mi6wetIKq2w_clip_3_4.mp4,resolved,AB,,True
tsh,tsh:120,mi6wetIKq2w_clip_5_6,/scratch/jp09/dd9648/datasets_video_hallu/vidhalluc/data/TSH_videos/VidHalluc/data/TSH/mi6wetIKq2w_clip_5_6.mp4,resolved,BA,,True
tsh,tsh:121,mi6wetIKq2w_clip_3_6,/scratch/jp09/dd9648/datasets_video_hallu/vidhalluc/data/TSH_videos/VidHalluc/data/TSH/mi6wetIKq2w_clip_3_6.mp4,resolved,BA,,True
tsh,tsh:122,mi6wetIKq2w_clip_4_6,/scratch/jp09/dd9648/datasets_video_hallu/vidhalluc/data/TSH_videos/VidHalluc/data/TSH/mi6wetIKq2w_clip_4_6.mp4,resolved,AB,,True
tsh,tsh:123,mi6wetIKq2w_clip_3_5,/scratch/jp09/dd9648/datasets_video_hallu/vidhalluc/data/TSH_videos/VidHalluc/data/TSH/mi6wetIKq2w_clip_3_5.mp4,resolved,AB,,True
tsh,tsh:124,7hvq4VqEGCE_clip_4_5,/scratch/jp09/dd9648/datasets_video_hallu/vidhalluc/data/TSH_videos/VidHalluc/data/TSH/7hvq4VqEGCE_clip_4_5.mp4,resolved,BA,,True
tsh,tsh:125,FV2TzKt9MdI_clip_2_4,/scratch/jp09/dd9648/datasets_video_hallu/vidhalluc/data/TSH_videos/VidHalluc/data/TSH/FV2TzKt9MdI_clip_2_4.mp4,resolved,AB,,True
tsh,tsh:126,7lwrP2ma2TU_clip_1_4,/scratch/jp09/dd9648/datasets_video_hallu/vidhalluc/data/TSH_videos/VidHalluc/data/TSH/7lwrP2ma2TU_clip_1_4.mp4,resolved,BA,,True
tsh,tsh:127,7lwrP2ma2TU_clip_1_3,/scratch/jp09/dd9648/datasets_video_hallu/vidhalluc/data/TSH_videos/VidHalluc/data/TSH/7lwrP2ma2TU_clip_1_3.mp4,resolved,BA,,True
tsh,tsh:128,MIAhrxkYadk_clip_1_2,/scratch/jp09/dd9648/datasets_video_hallu/vidhalluc/data/TSH_videos/VidHalluc/data/TSH/MIAhrxkYadk_clip_1_2.mp4,resolved,AB,,True
tsh,tsh:129,CKjHXMoXye4_clip_1_2,/scratch/jp09/dd9648/datasets_video_hallu/vidhalluc/data/TSH_videos/VidHalluc/data/TSH/CKjHXMoXye4_clip_1_2.mp4,resolved,AB,,True
tsh,tsh:130,Ycf5NG0xedg_clip_2_4,/scratch/jp09/dd9648/datasets_video_hallu/vidhalluc/data/TSH_videos/VidHalluc/data/TSH/Ycf5NG0xedg_clip_2_4.mp4,resolved,BA,,True
tsh,tsh:131,fzHg9PhhlAg_clip_2_4,/scratch/jp09/dd9648/datasets_video_hallu/vidhalluc/data/TSH_videos/VidHalluc/data/TSH/fzHg9PhhlAg_clip_2_4.mp4,resolved,AB,,True
tsh,tsh:132,3dR4MEUDHa0_clip_3_6,/scratch/jp09/dd9648/datasets_video_hallu/vidhalluc/data/TSH_videos/VidHalluc/data/TSH/3dR4MEUDHa0_clip_3_6.mp4,resolved,BA,,True
tsh,tsh:133,k3oPZS_Id3M_clip_3_4,/scratch/jp09/dd9648/datasets_video_hallu/vidhalluc/data/TSH_videos/VidHalluc/data/TSH/k3oPZS_Id3M_clip_3_4.mp4,resolved,BA,,True
tsh,tsh:134,1UIhgxQXcfI_clip_2_4,/scratch/jp09/dd9648/datasets_video_hallu/vidhalluc/data/TSH_videos/VidHalluc/data/TSH/1UIhgxQXcfI_clip_2_4.mp4,resolved,AB,,True
tsh,tsh:135,kj5y_71bsJM_clip_3_4,/scratch/jp09/dd9648/datasets_video_hallu/vidhalluc/data/TSH_videos/VidHalluc/data/TSH/kj5y_71bsJM_clip_3_4.mp4,resolved,AB,,True
tsh,tsh:136,OhydQlKoSUw_clip_1_2,/scratch/jp09/dd9648/datasets_video_hallu/vidhalluc/data/TSH_videos/VidHalluc/data/TSH/OhydQlKoSUw_clip_1_2.mp4,resolved,BA,,True
tsh,tsh:137,OhydQlKoSUw_clip_1_3,/scratch/jp09/dd9648/datasets_video_hallu/vidhalluc/data/TSH_videos/VidHalluc/data/TSH/OhydQlKoSUw_clip_1_3.mp4,resolved,BA,,True
tsh,tsh:138,I2AbLUtNSMI_clip_5_6,/scratch/jp09/dd9648/datasets_video_hallu/vidhalluc/data/TSH_videos/VidHalluc/data/TSH/I2AbLUtNSMI_clip_5_6.mp4|/scratch/jp09/dd9648/datasets_video_hallu/vidhalluc/data/STH_videos/STH/I2AbLUtNSMI_clip_5_6.mp4,ambiguous,AB,video_ambiguous,True
tsh,tsh:139,hru57dsi0N0_clip_1_3,/scratch/jp09/dd9648/datasets_video_hallu/vidhalluc/data/TSH_videos/VidHalluc/data/TSH/hru57dsi0N0_clip_1_3.mp4,resolved,BA,,True
tsh,tsh:140,mBZAFJ-Q6Mw_clip_2_7,/scratch/jp09/dd9648/datasets_video_hallu/vidhalluc/data/TSH_videos/VidHalluc/data/TSH/mBZAFJ-Q6Mw_clip_2_7.mp4,resolved,AB,,True
tsh,tsh:141,q53Ajkll_kw_clip_3_4,/scratch/jp09/dd9648/datasets_video_hallu/vidhalluc/data/TSH_videos/VidHalluc/data/TSH/q53Ajkll_kw_clip_3_4.mp4,resolved,BA,,True
tsh,tsh:142,q53Ajkll_kw_clip_4_6,/scratch/jp09/dd9648/datasets_video_hallu/vidhalluc/data/TSH_videos/VidHalluc/data/TSH/q53Ajkll_kw_clip_4_6.mp4,resolved,AB,,True
tsh,tsh:143,-OH1BDqao9w_clip_4_5,/scratch/jp09/dd9648/datasets_video_hallu/vidhalluc/data/TSH_videos/VidHalluc/data/TSH/-OH1BDqao9w_clip_4_5.mp4,resolved,AB,,True
tsh,tsh:144,LrwBGQ9B0Vg_clip_2_4,/scratch/jp09/dd9648/datasets_video_hallu/vidhalluc/data/TSH_videos/VidHalluc/data/TSH/LrwBGQ9B0Vg_clip_2_4.mp4,resolved,BA,,True
tsh,tsh:145,KA6YYIl2z4E_clip_2_5,/scratch/jp09/dd9648/datasets_video_hallu/vidhalluc/data/TSH_videos/VidHalluc/data/TSH/KA6YYIl2z4E_clip_2_5.mp4,resolved,AB,,True
tsh,tsh:146,sjpWwjzCbrw_clip_2_4,/scratch/jp09/dd9648/datasets_video_hallu/vidhalluc/data/TSH_videos/VidHalluc/data/TSH/sjpWwjzCbrw_clip_2_4.mp4,resolved,BA,,True
tsh,tsh:147,Q2PC60uwjdY_clip_2_5,/scratch/jp09/dd9648/datasets_video_hallu/vidhalluc/data/TSH_videos/VidHalluc/data/TSH/Q2PC60uwjdY_clip_2_5.mp4,resolved,AB,,True
tsh,tsh:148,Q2PC60uwjdY_clip_2_3,/scratch/jp09/dd9648/datasets_video_hallu/vidhalluc/data/TSH_videos/VidHalluc/data/TSH/Q2PC60uwjdY_clip_2_3.mp4,resolved,BA,,True
tsh,tsh:149,GnbyHdd-BjQ_clip_2_3,/scratch/jp09/dd9648/datasets_video_hallu/vidhalluc/data/TSH_videos/VidHalluc/data/TSH/GnbyHdd-BjQ_clip_2_3.mp4,resolved,BA,,True
tsh,tsh:150,AyWXuUCDSjw_clip_5_7,/scratch/jp09/dd9648/datasets_video_hallu/vidhalluc/data/TSH_videos/VidHalluc/data/TSH/AyWXuUCDSjw_clip_5_7.mp4,resolved,AB,,True
tsh,tsh:151,AyWXuUCDSjw_clip_2_7,/scratch/jp09/dd9648/datasets_video_hallu/vidhalluc/data/TSH_videos/VidHalluc/data/TSH/AyWXuUCDSjw_clip_2_7.mp4,resolved,AB,,True
tsh,tsh:152,uek-TzOhu9I_clip_1_2,/scratch/jp09/dd9648/datasets_video_hallu/vidhalluc/data/TSH_videos/VidHalluc/data/TSH/uek-TzOhu9I_clip_1_2.mp4,resolved,BA,,True
tsh,tsh:153,H6g8SsxL8RU_clip_1_2,/scratch/jp09/dd9648/datasets_video_hallu/vidhalluc/data/TSH_videos/VidHalluc/data/TSH/H6g8SsxL8RU_clip_1_2.mp4,resolved,AB,,True
tsh,tsh:154,o0O-CwwSaGw_clip_1_4,/scratch/jp09/dd9648/datasets_video_hallu/vidhalluc/data/TSH_videos/VidHalluc/data/TSH/o0O-CwwSaGw_clip_1_4.mp4,resolved,BA,,True
tsh,tsh:155,3PiN6rDgg_E_clip_3_5,/scratch/jp09/dd9648/datasets_video_hallu/vidhalluc/data/TSH_videos/VidHalluc/data/TSH/3PiN6rDgg_E_clip_3_5.mp4,resolved,BA,,True
tsh,tsh:156,3PiN6rDgg_E_clip_2_5,/scratch/jp09/dd9648/datasets_video_hallu/vidhalluc/data/TSH_videos/VidHalluc/data/TSH/3PiN6rDgg_E_clip_2_5.mp4,resolved,AB,,True
tsh,tsh:157,k7EVFW1nCNI_clip_2_3,/scratch/jp09/dd9648/datasets_video_hallu/vidhalluc/data/TSH_videos/VidHalluc/data/TSH/k7EVFW1nCNI_clip_2_3.mp4|/scratch/jp09/dd9648/datasets_video_hallu/vidhalluc/data/STH_videos/STH/k7EVFW1nCNI_clip_2_3.mp4,ambiguous,BA,video_ambiguous,True
tsh,tsh:158,l-YtPYZ_534_clip_2_4,/scratch/jp09/dd9648/datasets_video_hallu/vidhalluc/data/TSH_videos/VidHalluc/data/TSH/l-YtPYZ_534_clip_2_4.mp4,resolved,AB,,True
tsh,tsh:159,u2uoYvo8J5s_clip_1_11,/scratch/jp09/dd9648/datasets_video_hallu/vidhalluc/data/TSH_videos/VidHalluc/data/TSH/u2uoYvo8J5s_clip_1_11.mp4,resolved,BA,,True
tsh,tsh:160,u2uoYvo8J5s_clip_1_8,/scratch/jp09/dd9648/datasets_video_hallu/vidhalluc/data/TSH_videos/VidHalluc/data/TSH/u2uoYvo8J5s_clip_1_8.mp4,resolved,AB,,True
tsh,tsh:161,u2uoYvo8J5s_clip_11_3,/scratch/jp09/dd9648/datasets_video_hallu/vidhalluc/data/TSH_videos/VidHalluc/data/TSH/u2uoYvo8J5s_clip_11_3.mp4,resolved,BA,,True
tsh,tsh:162,u2uoYvo8J5s_clip_3_8,/scratch/jp09/dd9648/datasets_video_hallu/vidhalluc/data/TSH_videos/VidHalluc/data/TSH/u2uoYvo8J5s_clip_3_8.mp4,resolved,BA,,True
tsh,tsh:163,cCAct_Q8QTw_clip_1_2,/scratch/jp09/dd9648/datasets_video_hallu/vidhalluc/data/TSH_videos/VidHalluc/data/TSH/cCAct_Q8QTw_clip_1_2.mp4|/scratch/jp09/dd9648/datasets_video_hallu/vidhalluc/data/STH_videos/STH/cCAct_Q8QTw_clip_1_2.mp4,ambiguous,AB,video_ambiguous,True
tsh,tsh:164,KsKUIIHiMg0_clip_1_4,/scratch/jp09/dd9648/datasets_video_hallu/vidhalluc/data/TSH_videos/VidHalluc/data/TSH/KsKUIIHiMg0_clip_1_4.mp4,resolved,BA,,True
tsh,tsh:165,lcVkXTsnR7A_clip_2_5,/scratch/jp09/dd9648/datasets_video_hallu/vidhalluc/data/TSH_videos/VidHalluc/data/TSH/lcVkXTsnR7A_clip_2_5.mp4,resolved,AB,,True
tsh,tsh:166,4XGQR2VmWpw_clip_10_8,/scratch/jp09/dd9648/datasets_video_hallu/vidhalluc/data/TSH_videos/VidHalluc/data/TSH/4XGQR2VmWpw_clip_10_8.mp4,resolved,BA,,True
tsh,tsh:167,ZwDfAhQVKLQ_clip_1_3,/scratch/jp09/dd9648/datasets_video_hallu/vidhalluc/data/TSH_videos/VidHalluc/data/TSH/ZwDfAhQVKLQ_clip_1_3.mp4,resolved,BA,,True
tsh,tsh:168,QvBG_Da97h8_clip_2_3,/scratch/jp09/dd9648/datasets_video_hallu/vidhalluc/data/TSH_videos/VidHalluc/data/TSH/QvBG_Da97h8_clip_2_3.mp4,resolved,BA,,True
tsh,tsh:169,QvBG_Da97h8_clip_3_4,/scratch/jp09/dd9648/datasets_video_hallu/vidhalluc/data/TSH_videos/VidHalluc/data/TSH/QvBG_Da97h8_clip_3_4.mp4,resolved,AB,,True
tsh,tsh:170,bHxWHW2PGy4_clip_6_9,/scratch/jp09/dd9648/datasets_video_hallu/vidhalluc/data/TSH_videos/VidHalluc/data/TSH/bHxWHW2PGy4_clip_6_9.mp4,resolved,BA,,True
tsh,tsh:171,CSk99DHanfg_clip_2_4,/scratch/jp09/dd9648/datasets_video_hallu/vidhalluc/data/TSH_videos/VidHalluc/data/TSH/CSk99DHanfg_clip_2_4.mp4,resolved,AB,,True
tsh,tsh:172,Acqpfz6lQc4_clip_4_5,/scratch/jp09/dd9648/datasets_video_hallu/vidhalluc/data/TSH_videos/VidHalluc/data/TSH/Acqpfz6lQc4_clip_4_5.mp4,resolved,BA,,True
tsh,tsh:173,ukfCQQpZ0k4_clip_3_4,/scratch/jp09/dd9648/datasets_video_hallu/vidhalluc/data/TSH_videos/VidHalluc/data/TSH/ukfCQQpZ0k4_clip_3_4.mp4,resolved,BA,,True
tsh,tsh:174,4OCbTYrThtc_clip_2_3,/scratch/jp09/dd9648/datasets_video_hallu/vidhalluc/data/TSH_videos/VidHalluc/data/TSH/4OCbTYrThtc_clip_2_3.mp4,resolved,AB,,True
tsh,tsh:175,Hev5Vj0Jjuk_clip_2_3,/scratch/jp09/dd9648/datasets_video_hallu/vidhalluc/data/TSH_videos/VidHalluc/data/TSH/Hev5Vj0Jjuk_clip_2_3.mp4,resolved,BA,,True
tsh,tsh:176,M6FdaEstXbI_clip_4_5,/scratch/jp09/dd9648/datasets_video_hallu/vidhalluc/data/TSH_videos/VidHalluc/data/TSH/M6FdaEstXbI_clip_4_5.mp4,resolved,AB,,True
tsh,tsh:177,UUjXw1xjprU_clip_6_9,/scratch/jp09/dd9648/datasets_video_hallu/vidhalluc/data/TSH_videos/VidHalluc/data/TSH/UUjXw1xjprU_clip_6_9.mp4,resolved,BA,,True
tsh,tsh:178,UUjXw1xjprU_clip_7_9,/scratch/jp09/dd9648/datasets_video_hallu/vidhalluc/data/TSH_videos/VidHalluc/data/TSH/UUjXw1xjprU_clip_7_9.mp4,resolved,AB,,True
tsh,tsh:179,T9JSNxOyUQA_clip_3_4,/scratch/jp09/dd9648/datasets_video_hallu/vidhalluc/data/TSH_videos/VidHalluc/data/TSH/T9JSNxOyUQA_clip_3_4.mp4,resolved,BA,,True
tsh,tsh:180,zQCqzIgIpHI_clip_1_3,/scratch/jp09/dd9648/datasets_video_hallu/vidhalluc/data/TSH_videos/VidHalluc/data/TSH/zQCqzIgIpHI_clip_1_3.mp4,resolved,AB,,True
tsh,tsh:181,juiMCvZUYwk_clip_1_2,/scratch/jp09/dd9648/datasets_video_hallu/vidhalluc/data/TSH_videos/VidHalluc/data/TSH/juiMCvZUYwk_clip_1_2.mp4,resolved,BA,,True
tsh,tsh:182,29aDIi7qxXY_clip_3_4,/scratch/jp09/dd9648/datasets_video_hallu/vidhalluc/data/TSH_videos/VidHalluc/data/TSH/29aDIi7qxXY_clip_3_4.mp4|/scratch/jp09/dd9648/datasets_video_hallu/vidhalluc/data/STH_videos/STH/29aDIi7qxXY_clip_3_4.mp4,ambiguous,AB,video_ambiguous,True
tsh,tsh:183,ykdPTjsmfgY_clip_1_3,/scratch/jp09/dd9648/datasets_video_hallu/vidhalluc/data/TSH_videos/VidHalluc/data/TSH/ykdPTjsmfgY_clip_1_3.mp4,resolved,BA,,True
tsh,tsh:184,BJM1rUjXvkQ_clip_1_2,/scratch/jp09/dd9648/datasets_video_hallu/vidhalluc/data/TSH_videos/VidHalluc/data/TSH/BJM1rUjXvkQ_clip_1_2.mp4,resolved,AB,,True
tsh,tsh:185,BJM1rUjXvkQ_clip_1_4,/scratch/jp09/dd9648/datasets_video_hallu/vidhalluc/data/TSH_videos/VidHalluc/data/TSH/BJM1rUjXvkQ_clip_1_4.mp4,resolved,AB,,True
tsh,tsh:186,sicaCRRCkiY_clip_1_2,/scratch/jp09/dd9648/datasets_video_hallu/vidhalluc/data/TSH_videos/VidHalluc/data/TSH/sicaCRRCkiY_clip_1_2.mp4,resolved,BA,,True
tsh,tsh:187,2NITA0d4vqo_clip_7_8,/scratch/jp09/dd9648/datasets_video_hallu/vidhalluc/data/TSH_videos/VidHalluc/data/TSH/2NITA0d4vqo_clip_7_8.mp4,resolved,AB,,True
tsh,tsh:188,2NITA0d4vqo_clip_5_8,/scratch/jp09/dd9648/datasets_video_hallu/vidhalluc/data/TSH_videos/VidHalluc/data/TSH/2NITA0d4vqo_clip_5_8.mp4,resolved,BA,,True
tsh,tsh:189,k4WHaby5jd8_clip_1_3,/scratch/jp09/dd9648/datasets_video_hallu/vidhalluc/data/TSH_videos/VidHalluc/data/TSH/k4WHaby5jd8_clip_1_3.mp4,resolved,AB,,True
tsh,tsh:190,b0LY869JBrE_clip_5_7,/scratch/jp09/dd9648/datasets_video_hallu/vidhalluc/data/TSH_videos/VidHalluc/data/TSH/b0LY869JBrE_clip_5_7.mp4,resolved,BA,,True
tsh,tsh:191,b0LY869JBrE_clip_5_9,/scratch/jp09/dd9648/datasets_video_hallu/vidhalluc/data/TSH_videos/VidHalluc/data/TSH/b0LY869JBrE_clip_5_9.mp4,resolved,BA,,True
tsh,tsh:192,oqX-n2KHWAM_clip_4_5,/scratch/jp09/dd9648/datasets_video_hallu/vidhalluc/data/TSH_videos/VidHalluc/data/TSH/oqX-n2KHWAM_clip_4_5.mp4,resolved,AB,,True
tsh,tsh:193,oqX-n2KHWAM_clip_2_5,/scratch/jp09/dd9648/datasets_video_hallu/vidhalluc/data/TSH_videos/VidHalluc/data/TSH/oqX-n2KHWAM_clip_2_5.mp4,resolved,BA,,True
tsh,tsh:194,xHlBWc-7Kwo_clip_4_5,/scratch/jp09/dd9648/datasets_video_hallu/vidhalluc/data/TSH_videos/VidHalluc/data/TSH/xHlBWc-7Kwo_clip_4_5.mp4,resolved,AB,,True
tsh,tsh:195,SfYJTxMRKDE_clip_1_4,/scratch/jp09/dd9648/datasets_video_hallu/vidhalluc/data/TSH_videos/VidHalluc/data/TSH/SfYJTxMRKDE_clip_1_4.mp4,resolved,AB,,True
tsh,tsh:196,p8_hwwgyoZE_clip_1_3,/scratch/jp09/dd9648/datasets_video_hallu/vidhalluc/data/TSH_videos/VidHalluc/data/TSH/p8_hwwgyoZE_clip_1_3.mp4,resolved,BA,,True
tsh,tsh:197,peoMXSP3VgY_clip_3_4,/scratch/jp09/dd9648/datasets_video_hallu/vidhalluc/data/TSH_videos/VidHalluc/data/TSH/peoMXSP3VgY_clip_3_4.mp4,resolved,BA,,True
tsh,tsh:198,uICwWvS_AOo_clip_1_2,/scratch/jp09/dd9648/datasets_video_hallu/vidhalluc/data/TSH_videos/VidHalluc/data/TSH/uICwWvS_AOo_clip_1_2.mp4,resolved,AB,,True
tsh,tsh:199,uICwWvS_AOo_clip_2_9,/scratch/jp09/dd9648/datasets_video_hallu/vidhalluc/data/TSH_videos/VidHalluc/data/TSH/uICwWvS_AOo_clip_2_9.mp4,resolved,BA,,True
tsh,tsh:200,djKnQP_LvSk_clip_5_6,/scratch/jp09/dd9648/datasets_video_hallu/vidhalluc/data/TSH_videos/VidHalluc/data/TSH/djKnQP_LvSk_clip_5_6.mp4,resolved,AB,,True
tsh,tsh:201,C5KcdwGSvbw_clip_4_7,/scratch/jp09/dd9648/datasets_video_hallu/vidhalluc/data/TSH_videos/VidHalluc/data/TSH/C5KcdwGSvbw_clip_4_7.mp4,resolved,BA,,True
tsh,tsh:202,C5KcdwGSvbw_clip_4_8,/scratch/jp09/dd9648/datasets_video_hallu/vidhalluc/data/TSH_videos/VidHalluc/data/TSH/C5KcdwGSvbw_clip_4_8.mp4,resolved,AB,,True
tsh,tsh:203,8NfYYT8d3EQ_clip_5_6,/scratch/jp09/dd9648/datasets_video_hallu/vidhalluc/data/TSH_videos/VidHalluc/data/TSH/8NfYYT8d3EQ_clip_5_6.mp4,resolved,BA,,True
tsh,tsh:204,8NfYYT8d3EQ_clip_3_5,/scratch/jp09/dd9648/datasets_video_hallu/vidhalluc/data/TSH_videos/VidHalluc/data/TSH/8NfYYT8d3EQ_clip_3_5.mp4,resolved,AB,,True
tsh,tsh:205,9qJbSz-eCq0_clip_1_3,/scratch/jp09/dd9648/datasets_video_hallu/vidhalluc/data/TSH_videos/VidHalluc/data/TSH/9qJbSz-eCq0_clip_1_3.mp4,resolved,BA,,True
tsh,tsh:206,MjHlAvy2qVY_clip_1_3,/scratch/jp09/dd9648/datasets_video_hallu/vidhalluc/data/TSH_videos/VidHalluc/data/TSH/MjHlAvy2qVY_clip_1_3.mp4,resolved,AB,,True
tsh,tsh:207,vBCnsp-NEAg_clip_2_4,/scratch/jp09/dd9648/datasets_video_hallu/vidhalluc/data/TSH_videos/VidHalluc/data/TSH/vBCnsp-NEAg_clip_2_4.mp4,resolved,BA,,True
tsh,tsh:208,NA8fCmbHwU8_clip_1_4,/scratch/jp09/dd9648/datasets_video_hallu/vidhalluc/data/TSH_videos/VidHalluc/data/TSH/NA8fCmbHwU8_clip_1_4.mp4,resolved,AB,,True
tsh,tsh:209,UU8a7vp6tgY_clip_2_5,/scratch/jp09/dd9648/datasets_video_hallu/vidhalluc/data/TSH_videos/VidHalluc/data/TSH/UU8a7vp6tgY_clip_2_5.mp4,resolved,BA,,True
tsh,tsh:210,UU8a7vp6tgY_clip_1_5,/scratch/jp09/dd9648/datasets_video_hallu/vidhalluc/data/TSH_videos/VidHalluc/data/TSH/UU8a7vp6tgY_clip_1_5.mp4,resolved,AB,,True
tsh,tsh:211,SIeV0DPSpHQ_clip_1_7,/scratch/jp09/dd9648/datasets_video_hallu/vidhalluc/data/TSH_videos/VidHalluc/data/TSH/SIeV0DPSpHQ_clip_1_7.mp4,resolved,BA,,True
tsh,tsh:212,SIeV0DPSpHQ_clip_1_5,/scratch/jp09/dd9648/datasets_video_hallu/vidhalluc/data/TSH_videos/VidHalluc/data/TSH/SIeV0DPSpHQ_clip_1_5.mp4,resolved,AB,,True
tsh,tsh:213,Pqi3yupFFJo_clip_7_8,/scratch/jp09/dd9648/datasets_video_hallu/vidhalluc/data/TSH_videos/VidHalluc/data/TSH/Pqi3yupFFJo_clip_7_8.mp4,resolved,BA,,True
tsh,tsh:214,1LdbczjQPII_clip_1_9,/scratch/jp09/dd9648/datasets_video_hallu/vidhalluc/data/TSH_videos/VidHalluc/data/TSH/1LdbczjQPII_clip_1_9.mp4,resolved,AB,,True
tsh,tsh:215,hpU50i4WBK8_clip_1_3,/scratch/jp09/dd9648/datasets_video_hallu/vidhalluc/data/TSH_videos/VidHalluc/data/TSH/hpU50i4WBK8_clip_1_3.mp4,resolved,BA,,True
tsh,tsh:216,8QCW0qWbNeI_clip_3_4,/scratch/jp09/dd9648/datasets_video_hallu/vidhalluc/data/TSH_videos/VidHalluc/data/TSH/8QCW0qWbNeI_clip_3_4.mp4,resolved,AB,,True
tsh,tsh:217,afrMWrFkgDg_clip_4_5,/scratch/jp09/dd9648/datasets_video_hallu/vidhalluc/data/TSH_videos/VidHalluc/data/TSH/afrMWrFkgDg_clip_4_5.mp4,resolved,AB,,True
tsh,tsh:218,Mcutz37Bowg_clip_1_3,/scratch/jp09/dd9648/datasets_video_hallu/vidhalluc/data/TSH_videos/VidHalluc/data/TSH/Mcutz37Bowg_clip_1_3.mp4,resolved,BA,,True
tsh,tsh:219,TxLBvNWVk-4_clip_3_4,/scratch/jp09/dd9648/datasets_video_hallu/vidhalluc/data/TSH_videos/VidHalluc/data/TSH/TxLBvNWVk-4_clip_3_4.mp4,resolved,AB,,True
tsh,tsh:220,kTVcpmqpXJ8_clip_1_2,/scratch/jp09/dd9648/datasets_video_hallu/vidhalluc/data/TSH_videos/VidHalluc/data/TSH/kTVcpmqpXJ8_clip_1_2.mp4,resolved,BA,,True
tsh,tsh:221,C8IEqXTBod0_clip_2_8,/scratch/jp09/dd9648/datasets_video_hallu/vidhalluc/data/TSH_videos/VidHalluc/data/TSH/C8IEqXTBod0_clip_2_8.mp4,resolved,BA,,True
tsh,tsh:222,C8IEqXTBod0_clip_4_5,/scratch/jp09/dd9648/datasets_video_hallu/vidhalluc/data/TSH_videos/VidHalluc/data/TSH/C8IEqXTBod0_clip_4_5.mp4,resolved,AB,,True
tsh,tsh:223,ofrX4WyAM-0_clip_3_4,/scratch/jp09/dd9648/datasets_video_hallu/vidhalluc/data/TSH_videos/VidHalluc/data/TSH/ofrX4WyAM-0_clip_3_4.mp4,resolved,AB,,True
tsh,tsh:224,JNFUZz1bqmg_clip_10_7,/scratch/jp09/dd9648/datasets_video_hallu/vidhalluc/data/TSH_videos/VidHalluc/data/TSH/JNFUZz1bqmg_clip_10_7.mp4,resolved,BA,,True
tsh,tsh:225,vZzl0RbIQPM_clip_3_7,/scratch/jp09/dd9648/datasets_video_hallu/vidhalluc/data/TSH_videos/VidHalluc/data/TSH/vZzl0RbIQPM_clip_3_7.mp4,resolved,BA,,True
tsh,tsh:226,QRcwvzq7QUM_clip_6_7,/scratch/jp09/dd9648/datasets_video_hallu/vidhalluc/data/TSH_videos/VidHalluc/data/TSH/QRcwvzq7QUM_clip_6_7.mp4,resolved,BA,,True
tsh,tsh:227,QRcwvzq7QUM_clip_3_6,/scratch/jp09/dd9648/datasets_video_hallu/vidhalluc/data/TSH_videos/VidHalluc/data/TSH/QRcwvzq7QUM_clip_3_6.mp4,resolved,AB,,True
tsh,tsh:228,6ffxjwTIZHk_clip_1_2,/scratch/jp09/dd9648/datasets_video_hallu/vidhalluc/data/TSH_videos/VidHalluc/data/TSH/6ffxjwTIZHk_clip_1_2.mp4,resolved,BA,,True
tsh,tsh:229,5oz8ys_Y1_0_clip_8_9,/scratch/jp09/dd9648/datasets_video_hallu/vidhalluc/data/TSH_videos/VidHalluc/data/TSH/5oz8ys_Y1_0_clip_8_9.mp4,resolved,AB,,True
tsh,tsh:230,LvRP3c5n3P8_clip_1_4,/scratch/jp09/dd9648/datasets_video_hallu/vidhalluc/data/TSH_videos/VidHalluc/data/TSH/LvRP3c5n3P8_clip_1_4.mp4,resolved,BA,,True
tsh,tsh:231,LvRP3c5n3P8_clip_2_4,/scratch/jp09/dd9648/datasets_video_hallu/vidhalluc/data/TSH_videos/VidHalluc/data/TSH/LvRP3c5n3P8_clip_2_4.mp4,resolved,BA,,True
tsh,tsh:232,LvRP3c5n3P8_clip_1_2,/scratch/jp09/dd9648/datasets_video_hallu/vidhalluc/data/TSH_videos/VidHalluc/data/TSH/LvRP3c5n3P8_clip_1_2.mp4,resolved,AB,,True
tsh,tsh:233,JBTiD2-FcR0_clip_1_5,/scratch/jp09/dd9648/datasets_video_hallu/vidhalluc/data/TSH_videos/VidHalluc/data/TSH/JBTiD2-FcR0_clip_1_5.mp4,resolved,BA,,True
tsh,tsh:234,FyxltEKCfZ0_clip_2_3,/scratch/jp09/dd9648/datasets_video_hallu/vidhalluc/data/TSH_videos/VidHalluc/data/TSH/FyxltEKCfZ0_clip_2_3.mp4,resolved,AB,,True
tsh,tsh:235,FyxltEKCfZ0_clip_2_4,/scratch/jp09/dd9648/datasets_video_hallu/vidhalluc/data/TSH_videos/VidHalluc/data/TSH/FyxltEKCfZ0_clip_2_4.mp4,resolved,BA,,True
tsh,tsh:236,A1SuSeqDTEI_clip_4_6,/scratch/jp09/dd9648/datasets_video_hallu/vidhalluc/data/TSH_videos/VidHalluc/data/TSH/A1SuSeqDTEI_clip_4_6.mp4,resolved,AB,,True
tsh,tsh:237,LSvjzZHbetU_clip_4_5,/scratch/jp09/dd9648/datasets_video_hallu/vidhalluc/data/TSH_videos/VidHalluc/data/TSH/LSvjzZHbetU_clip_4_5.mp4,resolved,AB,,True
tsh,tsh:238,LSvjzZHbetU_clip_3_5,/scratch/jp09/dd9648/datasets_video_hallu/vidhalluc/data/TSH_videos/VidHalluc/data/TSH/LSvjzZHbetU_clip_3_5.mp4,resolved,BA,,True
tsh,tsh:239,HxJnPUqF9i8_clip_5_6,/scratch/jp09/dd9648/datasets_video_hallu/vidhalluc/data/TSH_videos/VidHalluc/data/TSH/HxJnPUqF9i8_clip_5_6.mp4,resolved,BA,,True
tsh,tsh:240,x3z3dVUxmJ0_clip_3_7,/scratch/jp09/dd9648/datasets_video_hallu/vidhalluc/data/TSH_videos/VidHalluc/data/TSH/x3z3dVUxmJ0_clip_3_7.mp4,resolved,AB,,True
tsh,tsh:241,D-XCWhvStd4_clip_4_6,/scratch/jp09/dd9648/datasets_video_hallu/vidhalluc/data/TSH_videos/VidHalluc/data/TSH/D-XCWhvStd4_clip_4_6.mp4,resolved,BA,,True
tsh,tsh:242,D-XCWhvStd4_clip_2_7,/scratch/jp09/dd9648/datasets_video_hallu/vidhalluc/data/TSH_videos/VidHalluc/data/TSH/D-XCWhvStd4_clip_2_7.mp4,resolved,AB,,True
tsh,tsh:243,zu960Glpzo4_clip_2_6,/scratch/jp09/dd9648/datasets_video_hallu/vidhalluc/data/TSH_videos/VidHalluc/data/TSH/zu960Glpzo4_clip_2_6.mp4,resolved,BA,,True
tsh,tsh:244,KGIDKn3t2Qk_clip_1_8,/scratch/jp09/dd9648/datasets_video_hallu/vidhalluc/data/TSH_videos/VidHalluc/data/TSH/KGIDKn3t2Qk_clip_1_8.mp4,resolved,AB,,True
tsh,tsh:245,kWPvAxLzGw8_clip_4_5,/scratch/jp09/dd9648/datasets_video_hallu/vidhalluc/data/TSH_videos/VidHalluc/data/TSH/kWPvAxLzGw8_clip_4_5.mp4,resolved,AB,,True
tsh,tsh:246,7c5vvEn3uLk_clip_1_6,/scratch/jp09/dd9648/datasets_video_hallu/vidhalluc/data/TSH_videos/VidHalluc/data/TSH/7c5vvEn3uLk_clip_1_6.mp4,resolved,BA,,True
tsh,tsh:247,7PgQgF5KLTs_clip_2_3,/scratch/jp09/dd9648/datasets_video_hallu/vidhalluc/data/TSH_videos/VidHalluc/data/TSH/7PgQgF5KLTs_clip_2_3.mp4,resolved,AB,,True
tsh,tsh:248,G16xScfD5WM_clip_4_7,/scratch/jp09/dd9648/datasets_video_hallu/vidhalluc/data/TSH_videos/VidHalluc/data/TSH/G16xScfD5WM_clip_4_7.mp4,resolved,BA,,True
tsh,tsh:249,WoB4lSNBDww_clip_2_3,/scratch/jp09/dd9648/datasets_video_hallu/vidhalluc/data/TSH_videos/VidHalluc/data/TSH/WoB4lSNBDww_clip_2_3.mp4,resolved,AB,,True
tsh,tsh:250,JLipYEVwKTg_clip_1_3,/scratch/jp09/dd9648/datasets_video_hallu/vidhalluc/data/TSH_videos/VidHalluc/data/TSH/JLipYEVwKTg_clip_1_3.mp4,resolved,BA,,True
tsh,tsh:251,qemvXlRMQgM_clip_3_5,/scratch/jp09/dd9648/datasets_video_hallu/vidhalluc/data/TSH_videos/VidHalluc/data/TSH/qemvXlRMQgM_clip_3_5.mp4,resolved,BA,,True
tsh,tsh:252,2VYZeOa6804_clip_4_6,/scratch/jp09/dd9648/datasets_video_hallu/vidhalluc/data/TSH_videos/VidHalluc/data/TSH/2VYZeOa6804_clip_4_6.mp4,resolved,AB,,True
tsh,tsh:253,qdg_pmS934Q_clip_1_2,/scratch/jp09/dd9648/datasets_video_hallu/vidhalluc/data/TSH_videos/VidHalluc/data/TSH/qdg_pmS934Q_clip_1_2.mp4,resolved,BA,,True
tsh,tsh:254,VswrGW9b3ck_clip_2_3,/scratch/jp09/dd9648/datasets_video_hallu/vidhalluc/data/TSH_videos/VidHalluc/data/TSH/VswrGW9b3ck_clip_2_3.mp4,resolved,AB,,True
tsh,tsh:255,sz1772O9AUM_clip_1_4,/scratch/jp09/dd9648/datasets_video_hallu/vidhalluc/data/TSH_videos/VidHalluc/data/TSH/sz1772O9AUM_clip_1_4.mp4,resolved,AB,,True
tsh,tsh:256,w9M6GUCtoQQ_clip_2_4,/scratch/jp09/dd9648/datasets_video_hallu/vidhalluc/data/TSH_videos/VidHalluc/data/TSH/w9M6GUCtoQQ_clip_2_4.mp4,resolved,BA,,True
tsh,tsh:257,eGl_I8h832w_clip_1_3,/scratch/jp09/dd9648/datasets_video_hallu/vidhalluc/data/TSH_videos/VidHalluc/data/TSH/eGl_I8h832w_clip_1_3.mp4,resolved,BA,,True
tsh,tsh:258,oYhVH1vIXFM_clip_3_4,/scratch/jp09/dd9648/datasets_video_hallu/vidhalluc/data/TSH_videos/VidHalluc/data/TSH/oYhVH1vIXFM_clip_3_4.mp4,resolved,AB,,True
tsh,tsh:259,oYhVH1vIXFM_clip_3_5,/scratch/jp09/dd9648/datasets_video_hallu/vidhalluc/data/TSH_videos/VidHalluc/data/TSH/oYhVH1vIXFM_clip_3_5.mp4,resolved,BA,,True
tsh,tsh:260,EWt03pUigc0_clip_3_4,/scratch/jp09/dd9648/datasets_video_hallu/vidhalluc/data/TSH_videos/VidHalluc/data/TSH/EWt03pUigc0_clip_3_4.mp4,resolved,AB,,True
tsh,tsh:261,EWt03pUigc0_clip_2_3,/scratch/jp09/dd9648/datasets_video_hallu/vidhalluc/data/TSH_videos/VidHalluc/data/TSH/EWt03pUigc0_clip_2_3.mp4,resolved,AB,,True
tsh,tsh:262,LmWcpkqUurg_clip_1_4,/scratch/jp09/dd9648/datasets_video_hallu/vidhalluc/data/TSH_videos/VidHalluc/data/TSH/LmWcpkqUurg_clip_1_4.mp4,resolved,BA,,True
tsh,tsh:263,LmWcpkqUurg_clip_4_7,/scratch/jp09/dd9648/datasets_video_hallu/vidhalluc/data/TSH_videos/VidHalluc/data/TSH/LmWcpkqUurg_clip_4_7.mp4,resolved,AB,,True
tsh,tsh:264,ZcsshMf0NTI_clip_3_4,/scratch/jp09/dd9648/datasets_video_hallu/vidhalluc/data/TSH_videos/VidHalluc/data/TSH/ZcsshMf0NTI_clip_3_4.mp4,resolved,BA,,True
tsh,tsh:265,a7QrIgqkyao_clip_2_3,/scratch/jp09/dd9648/datasets_video_hallu/vidhalluc/data/TSH_videos/VidHalluc/data/TSH/a7QrIgqkyao_clip_2_3.mp4,resolved,BA,,True
tsh,tsh:266,OKTxSQMS560_clip_2_3,/scratch/jp09/dd9648/datasets_video_hallu/vidhalluc/data/TSH_videos/VidHalluc/data/TSH/OKTxSQMS560_clip_2_3.mp4,resolved,AB,,True
tsh,tsh:267,lx5Yfoj7Gk8_clip_1_3,/scratch/jp09/dd9648/datasets_video_hallu/vidhalluc/data/TSH_videos/VidHalluc/data/TSH/lx5Yfoj7Gk8_clip_1_3.mp4,resolved,AB,,True
tsh,tsh:268,x2xC5lm0cZw_clip_2_3,/scratch/jp09/dd9648/datasets_video_hallu/vidhalluc/data/TSH_videos/VidHalluc/data/TSH/x2xC5lm0cZw_clip_2_3.mp4,resolved,BA,,True
tsh,tsh:269,W3a7BIqWov4_clip_1_3,/scratch/jp09/dd9648/datasets_video_hallu/vidhalluc/data/TSH_videos/VidHalluc/data/TSH/W3a7BIqWov4_clip_1_3.mp4,resolved,BA,,True
tsh,tsh:270,outMi06JZss_clip_3_4,/scratch/jp09/dd9648/datasets_video_hallu/vidhalluc/data/TSH_videos/VidHalluc/data/TSH/outMi06JZss_clip_3_4.mp4,resolved,AB,,True
tsh,tsh:271,fr_02xrchH0_clip_1_2,/scratch/jp09/dd9648/datasets_video_hallu/vidhalluc/data/TSH_videos/VidHalluc/data/TSH/fr_02xrchH0_clip_1_2.mp4,resolved,AB,,True
tsh,tsh:272,baSx0q9LKg0_clip_1_2,/scratch/jp09/dd9648/datasets_video_hallu/vidhalluc/data/TSH_videos/VidHalluc/data/TSH/baSx0q9LKg0_clip_1_2.mp4,resolved,BA,,True
tsh,tsh:273,0AjYz-s4Rek_clip_1_3,/scratch/jp09/dd9648/datasets_video_hallu/vidhalluc/data/TSH_videos/VidHalluc/data/TSH/0AjYz-s4Rek_clip_1_3.mp4,resolved,BA,,True
tsh,tsh:274,MM5mreexkI8_clip_3_5,/scratch/jp09/dd9648/datasets_video_hallu/vidhalluc/data/TSH_videos/VidHalluc/data/TSH/MM5mreexkI8_clip_3_5.mp4,resolved,AB,,True
tsh,tsh:275,EHVkkRI7mBQ_clip_3_4,/scratch/jp09/dd9648/datasets_video_hallu/vidhalluc/data/TSH_videos/VidHalluc/data/TSH/EHVkkRI7mBQ_clip_3_4.mp4,resolved,AB,,True
tsh,tsh:276,Irmh66trRY4_clip_3_7,/scratch/jp09/dd9648/datasets_video_hallu/vidhalluc/data/TSH_videos/VidHalluc/data/TSH/Irmh66trRY4_clip_3_7.mp4,resolved,BA,,True
tsh,tsh:277,Irmh66trRY4_clip_4_6,/scratch/jp09/dd9648/datasets_video_hallu/vidhalluc/data/TSH_videos/VidHalluc/data/TSH/Irmh66trRY4_clip_4_6.mp4,resolved,BA,,True
tsh,tsh:278,Irmh66trRY4_clip_5_6,/scratch/jp09/dd9648/datasets_video_hallu/vidhalluc/data/TSH_videos/VidHalluc/data/TSH/Irmh66trRY4_clip_5_6.mp4,resolved,AB,,True
tsh,tsh:279,Ne8UzAInivM_clip_3_4,/scratch/jp09/dd9648/datasets_video_hallu/vidhalluc/data/TSH_videos/VidHalluc/data/TSH/Ne8UzAInivM_clip_3_4.mp4,resolved,AB,,True
tsh,tsh:280,Ne8UzAInivM_clip_2_3,/scratch/jp09/dd9648/datasets_video_hallu/vidhalluc/data/TSH_videos/VidHalluc/data/TSH/Ne8UzAInivM_clip_2_3.mp4,resolved,BA,,True
tsh,tsh:281,zZysbuDEtWY_clip_7_8,/scratch/jp09/dd9648/datasets_video_hallu/vidhalluc/data/TSH_videos/VidHalluc/data/TSH/zZysbuDEtWY_clip_7_8.mp4,resolved,AB,,True
tsh,tsh:282,9i7ABIB99Ow_clip_2_4,/scratch/jp09/dd9648/datasets_video_hallu/vidhalluc/data/TSH_videos/VidHalluc/data/TSH/9i7ABIB99Ow_clip_2_4.mp4,resolved,BA,,True
tsh,tsh:283,ZsqjU0X3mxY_clip_3_6,/scratch/jp09/dd9648/datasets_video_hallu/vidhalluc/data/TSH_videos/VidHalluc/data/TSH/ZsqjU0X3mxY_clip_3_6.mp4,resolved,BA,,True
tsh,tsh:284,nEcOF04KK0g_clip_1_4,/scratch/jp09/dd9648/datasets_video_hallu/vidhalluc/data/TSH_videos/VidHalluc/data/TSH/nEcOF04KK0g_clip_1_4.mp4,resolved,AB,,True
tsh,tsh:285,uLeJBFypCHE_clip_1_2,/scratch/jp09/dd9648/datasets_video_hallu/vidhalluc/data/TSH_videos/VidHalluc/data/TSH/uLeJBFypCHE_clip_1_2.mp4,resolved,AB,,True
tsh,tsh:286,vu65aIIJHtU_clip_1_3,/scratch/jp09/dd9648/datasets_video_hallu/vidhalluc/data/TSH_videos/VidHalluc/data/TSH/vu65aIIJHtU_clip_1_3.mp4,resolved,BA,,True
tsh,tsh:287,dB4SW9-y13U_clip_5_6,/scratch/jp09/dd9648/datasets_video_hallu/vidhalluc/data/TSH_videos/VidHalluc/data/TSH/dB4SW9-y13U_clip_5_6.mp4|/scratch/jp09/dd9648/datasets_video_hallu/vidhalluc/data/STH_videos/STH/dB4SW9-y13U_clip_5_6.mp4,ambiguous,BA,video_ambiguous,True
tsh,tsh:288,Bm6HrokioXU_clip_2_3,/scratch/jp09/dd9648/datasets_video_hallu/vidhalluc/data/TSH_videos/VidHalluc/data/TSH/Bm6HrokioXU_clip_2_3.mp4,resolved,AB,,True
tsh,tsh:289,Bm6HrokioXU_clip_1_3,/scratch/jp09/dd9648/datasets_video_hallu/vidhalluc/data/TSH_videos/VidHalluc/data/TSH/Bm6HrokioXU_clip_1_3.mp4,resolved,AB,,True
tsh,tsh:290,O-6zE9_S2KM_clip_1_3,/scratch/jp09/dd9648/datasets_video_hallu/vidhalluc/data/TSH_videos/VidHalluc/data/TSH/O-6zE9_S2KM_clip_1_3.mp4,resolved,BA,,True
tsh,tsh:291,BgndHaHcHE0_clip_3_4,/scratch/jp09/dd9648/datasets_video_hallu/vidhalluc/data/TSH_videos/VidHalluc/data/TSH/BgndHaHcHE0_clip_3_4.mp4,resolved,AB,,True
tsh,tsh:292,fYuJdh9gqr0_clip_3_5,/scratch/jp09/dd9648/datasets_video_hallu/vidhalluc/data/TSH_videos/VidHalluc/data/TSH/fYuJdh9gqr0_clip_3_5.mp4,resolved,BA,,True
tsh,tsh:293,jIsGq431gBs_clip_4_6,/scratch/jp09/dd9648/datasets_video_hallu/vidhalluc/data/TSH_videos/VidHalluc/data/TSH/jIsGq431gBs_clip_4_6.mp4,resolved,AB,,True
tsh,tsh:294,jIsGq431gBs_clip_2_6,/scratch/jp09/dd9648/datasets_video_hallu/vidhalluc/data/TSH_videos/VidHalluc/data/TSH/jIsGq431gBs_clip_2_6.mp4,resolved,BA,,True
tsh,tsh:295,bNR0MmJ9d8I_clip_2_7,/scratch/jp09/dd9648/datasets_video_hallu/vidhalluc/data/TSH_videos/VidHalluc/data/TSH/bNR0MmJ9d8I_clip_2_7.mp4,resolved,AB,,True
tsh,tsh:296,hlwSgE7Epwo_clip_1_4,/scratch/jp09/dd9648/datasets_video_hallu/vidhalluc/data/TSH_videos/VidHalluc/data/TSH/hlwSgE7Epwo_clip_1_4.mp4,resolved,BA,,True
tsh,tsh:297,V3ZDyR7mVpc_clip_10_6,/scratch/jp09/dd9648/datasets_video_hallu/vidhalluc/data/TSH_videos/VidHalluc/data/TSH/V3ZDyR7mVpc_clip_10_6.mp4,resolved,AB,,True
tsh,tsh:298,qpeovDXc1cg_clip_2_4,/scratch/jp09/dd9648/datasets_video_hallu/vidhalluc/data/TSH_videos/VidHalluc/data/TSH/qpeovDXc1cg_clip_2_4.mp4,resolved,AB,,True
tsh,tsh:299,rulzKikXMHo_clip_6_7,/scratch/jp09/dd9648/datasets_video_hallu/vidhalluc/data/TSH_videos/VidHalluc/data/TSH/rulzKikXMHo_clip_6_7.mp4,resolved,AB,,True
tsh,tsh:300,IHpBwsyMT9Q_clip_2_3,/scratch/jp09/dd9648/datasets_video_hallu/vidhalluc/data/TSH_videos/VidHalluc/data/TSH/IHpBwsyMT9Q_clip_2_3.mp4,resolved,BA,,True
tsh,tsh:301,MYzG-TsW8w8_clip_2_4,/scratch/jp09/dd9648/datasets_video_hallu/vidhalluc/data/TSH_videos/VidHalluc/data/TSH/MYzG-TsW8w8_clip_2_4.mp4,resolved,BA,,True
tsh,tsh:302,6koP53YFNjg_clip_2_3,/scratch/jp09/dd9648/datasets_video_hallu/vidhalluc/data/TSH_videos/VidHalluc/data/TSH/6koP53YFNjg_clip_2_3.mp4,resolved,AB,,True
tsh,tsh:303,0Yb2EQlAEYM_clip_1_3,/scratch/jp09/dd9648/datasets_video_hallu/vidhalluc/data/TSH_videos/VidHalluc/data/TSH/0Yb2EQlAEYM_clip_1_3.mp4,resolved,BA,,True
tsh,tsh:304,T8P52q1gCNA_clip_1_3,/scratch/jp09/dd9648/datasets_video_hallu/vidhalluc/data/TSH_videos/VidHalluc/data/TSH/T8P52q1gCNA_clip_1_3.mp4,resolved,AB,,True
tsh,tsh:305,UAFIstY4a8Q_clip_3_7,/scratch/jp09/dd9648/datasets_video_hallu/vidhalluc/data/TSH_videos/VidHalluc/data/TSH/UAFIstY4a8Q_clip_3_7.mp4,resolved,BA,,True
tsh,tsh:306,UAFIstY4a8Q_clip_3_6,/scratch/jp09/dd9648/datasets_video_hallu/vidhalluc/data/TSH_videos/VidHalluc/data/TSH/UAFIstY4a8Q_clip_3_6.mp4,resolved,AB,,True
tsh,tsh:307,WesunejhXFI_clip_4_5,/scratch/jp09/dd9648/datasets_video_hallu/vidhalluc/data/TSH_videos/VidHalluc/data/TSH/WesunejhXFI_clip_4_5.mp4|/scratch/jp09/dd9648/datasets_video_hallu/vidhalluc/data/STH_videos/STH/WesunejhXFI_clip_4_5.mp4,ambiguous,BA,video_ambiguous,True
tsh,tsh:308,TDWbRqIEcts_clip_4_9,/scratch/jp09/dd9648/datasets_video_hallu/vidhalluc/data/TSH_videos/VidHalluc/data/TSH/TDWbRqIEcts_clip_4_9.mp4,resolved,AB,,True
tsh,tsh:309,ghFOHoBiyD8_clip_1_4,/scratch/jp09/dd9648/datasets_video_hallu/vidhalluc/data/TSH_videos/VidHalluc/data/TSH/ghFOHoBiyD8_clip_1_4.mp4,resolved,AB,,True
tsh,tsh:310,j4EFi_NoEbQ_clip_1_2,/scratch/jp09/dd9648/datasets_video_hallu/vidhalluc/data/TSH_videos/VidHalluc/data/TSH/j4EFi_NoEbQ_clip_1_2.mp4,resolved,BA,,True
tsh,tsh:311,cGNkR-JvaJs_clip_14_18,/scratch/jp09/dd9648/datasets_video_hallu/vidhalluc/data/TSH_videos/VidHalluc/data/TSH/cGNkR-JvaJs_clip_14_18.mp4,resolved,BA,,True
tsh,tsh:312,NzL_uQyQjIw_clip_1_6,/scratch/jp09/dd9648/datasets_video_hallu/vidhalluc/data/TSH_videos/VidHalluc/data/TSH/NzL_uQyQjIw_clip_1_6.mp4,resolved,AB,,True
tsh,tsh:313,NzL_uQyQjIw_clip_1_5,/scratch/jp09/dd9648/datasets_video_hallu/vidhalluc/data/TSH_videos/VidHalluc/data/TSH/NzL_uQyQjIw_clip_1_5.mp4,resolved,AB,,True
tsh,tsh:314,UVHIuuQ0-nA_clip_2_3,/scratch/jp09/dd9648/datasets_video_hallu/vidhalluc/data/TSH_videos/VidHalluc/data/TSH/UVHIuuQ0-nA_clip_2_3.mp4|/scratch/jp09/dd9648/datasets_video_hallu/vidhalluc/data/STH_videos/STH/UVHIuuQ0-nA_clip_2_3.mp4,ambiguous,BA,video_ambiguous,True
tsh,tsh:315,2WKy0FvMtCM_clip_2_4,/scratch/jp09/dd9648/datasets_video_hallu/vidhalluc/data/TSH_videos/VidHalluc/data/TSH/2WKy0FvMtCM_clip_2_4.mp4,resolved,BA,,True
tsh,tsh:316,2WKy0FvMtCM_clip_2_8,/scratch/jp09/dd9648/datasets_video_hallu/vidhalluc/data/TSH_videos/VidHalluc/data/TSH/2WKy0FvMtCM_clip_2_8.mp4,resolved,AB,,True
tsh,tsh:317,MFfJ4V9Dqvg_clip_2_5,/scratch/jp09/dd9648/datasets_video_hallu/vidhalluc/data/TSH_videos/VidHalluc/data/TSH/MFfJ4V9Dqvg_clip_2_5.mp4,resolved,BA,,True
tsh,tsh:318,liuwUS5H1qY_clip_1_2,/scratch/jp09/dd9648/datasets_video_hallu/vidhalluc/data/TSH_videos/VidHalluc/data/TSH/liuwUS5H1qY_clip_1_2.mp4|/scratch/jp09/dd9648/datasets_video_hallu/vidhalluc/data/STH_videos/STH/liuwUS5H1qY_clip_1_2.mp4,ambiguous,AB,video_ambiguous,True
tsh,tsh:319,EwYgRPVDQWQ_clip_2_3,/scratch/jp09/dd9648/datasets_video_hallu/vidhalluc/data/TSH_videos/VidHalluc/data/TSH/EwYgRPVDQWQ_clip_2_3.mp4,resolved,BA,,True
tsh,tsh:320,tJbScqVWPsU_clip_3_4,/scratch/jp09/dd9648/datasets_video_hallu/vidhalluc/data/TSH_videos/VidHalluc/data/TSH/tJbScqVWPsU_clip_3_4.mp4,resolved,AB,,True
tsh,tsh:321,wBwBm7Ju9a8_clip_2_7,/scratch/jp09/dd9648/datasets_video_hallu/vidhalluc/data/TSH_videos/VidHalluc/data/TSH/wBwBm7Ju9a8_clip_2_7.mp4,resolved,AB,,True
tsh,tsh:322,wBwBm7Ju9a8_clip_3_5,/scratch/jp09/dd9648/datasets_video_hallu/vidhalluc/data/TSH_videos/VidHalluc/data/TSH/wBwBm7Ju9a8_clip_3_5.mp4,resolved,BA,,True
tsh,tsh:323,fzp5ooc727c_clip_4_8,/scratch/jp09/dd9648/datasets_video_hallu/vidhalluc/data/TSH_videos/VidHalluc/data/TSH/fzp5ooc727c_clip_4_8.mp4,resolved,AB,,True
tsh,tsh:324,EkwX8Swnut8_clip_2_4,/scratch/jp09/dd9648/datasets_video_hallu/vidhalluc/data/TSH_videos/VidHalluc/data/TSH/EkwX8Swnut8_clip_2_4.mp4,resolved,BA,,True
tsh,tsh:325,539ByIcbUPs_clip_12_5,/scratch/jp09/dd9648/datasets_video_hallu/vidhalluc/data/TSH_videos/VidHalluc/data/TSH/539ByIcbUPs_clip_12_5.mp4,resolved,AB,,True
tsh,tsh:326,539ByIcbUPs_clip_12_9,/scratch/jp09/dd9648/datasets_video_hallu/vidhalluc/data/TSH_videos/VidHalluc/data/TSH/539ByIcbUPs_clip_12_9.mp4,resolved,AB,,True
tsh,tsh:327,-fMxoShIXiM_clip_6_7,/scratch/jp09/dd9648/datasets_video_hallu/vidhalluc/data/TSH_videos/VidHalluc/data/TSH/-fMxoShIXiM_clip_6_7.mp4,resolved,AB,,True
tsh,tsh:328,-fMxoShIXiM_clip_4_5,/scratch/jp09/dd9648/datasets_video_hallu/vidhalluc/data/TSH_videos/VidHalluc/data/TSH/-fMxoShIXiM_clip_4_5.mp4,resolved,AB,,True
tsh,tsh:329,mpyN1mrMl3U_clip_1_3,/scratch/jp09/dd9648/datasets_video_hallu/vidhalluc/data/TSH_videos/VidHalluc/data/TSH/mpyN1mrMl3U_clip_1_3.mp4,resolved,AB,,True
tsh,tsh:330,mpyN1mrMl3U_clip_1_2,/scratch/jp09/dd9648/datasets_video_hallu/vidhalluc/data/TSH_videos/VidHalluc/data/TSH/mpyN1mrMl3U_clip_1_2.mp4,resolved,BA,,True
tsh,tsh:331,81w6SClSFMU_clip_2_4,/scratch/jp09/dd9648/datasets_video_hallu/vidhalluc/data/TSH_videos/VidHalluc/data/TSH/81w6SClSFMU_clip_2_4.mp4,resolved,AB,,True
tsh,tsh:332,81w6SClSFMU_clip_3_4,/scratch/jp09/dd9648/datasets_video_hallu/vidhalluc/data/TSH_videos/VidHalluc/data/TSH/81w6SClSFMU_clip_3_4.mp4,resolved,BA,,True
tsh,tsh:333,98MoyGZKHXc_clip_3_4,/scratch/jp09/dd9648/datasets_video_hallu/vidhalluc/data/TSH_videos/VidHalluc/data/TSH/98MoyGZKHXc_clip_3_4.mp4,resolved,AB,,True
tsh,tsh:334,AFc6KPGfVs8_clip_5_6,/scratch/jp09/dd9648/datasets_video_hallu/vidhalluc/data/TSH_videos/VidHalluc/data/TSH/AFc6KPGfVs8_clip_5_6.mp4,resolved,BA,,True
tsh,tsh:335,xaicDAewb6o_clip_2_3,/scratch/jp09/dd9648/datasets_video_hallu/vidhalluc/data/TSH_videos/VidHalluc/data/TSH/xaicDAewb6o_clip_2_3.mp4,resolved,BA,,True
tsh,tsh:336,tyjUDi3uLd0_clip_3_4,/scratch/jp09/dd9648/datasets_video_hallu/vidhalluc/data/TSH_videos/VidHalluc/data/TSH/tyjUDi3uLd0_clip_3_4.mp4,resolved,AB,,True
tsh,tsh:337,FGAlwzRvAHg_clip_11_9,/scratch/jp09/dd9648/datasets_video_hallu/vidhalluc/data/TSH_videos/VidHalluc/data/TSH/FGAlwzRvAHg_clip_11_9.mp4,resolved,BA,,True
tsh,tsh:338,dL9mlqbG5CU_clip_1_5,/scratch/jp09/dd9648/datasets_video_hallu/vidhalluc/data/TSH_videos/VidHalluc/data/TSH/dL9mlqbG5CU_clip_1_5.mp4,resolved,BA,,True
tsh,tsh:339,ngE2y5ExVqw_clip_2_3,/scratch/jp09/dd9648/datasets_video_hallu/vidhalluc/data/TSH_videos/VidHalluc/data/TSH/ngE2y5ExVqw_clip_2_3.mp4,resolved,AB,,True
tsh,tsh:340,ngE2y5ExVqw_clip_1_3,/scratch/jp09/dd9648/datasets_video_hallu/vidhalluc/data/TSH_videos/VidHalluc/data/TSH/ngE2y5ExVqw_clip_1_3.mp4,resolved,BA,,True
tsh,tsh:341,udpVICVTQrQ_clip_3_4,/scratch/jp09/dd9648/datasets_video_hallu/vidhalluc/data/TSH_videos/VidHalluc/data/TSH/udpVICVTQrQ_clip_3_4.mp4,resolved,BA,,True
tsh,tsh:342,Gs3OGfQbPjc_clip_4_5,/scratch/jp09/dd9648/datasets_video_hallu/vidhalluc/data/TSH_videos/VidHalluc/data/TSH/Gs3OGfQbPjc_clip_4_5.mp4,resolved,AB,,True
tsh,tsh:343,dTZZq23pYFY_clip_3_4,/scratch/jp09/dd9648/datasets_video_hallu/vidhalluc/data/TSH_videos/VidHalluc/data/TSH/dTZZq23pYFY_clip_3_4.mp4,resolved,BA,,True
tsh,tsh:344,NnMMEFglHBQ_clip_2_3,/scratch/jp09/dd9648/datasets_video_hallu/vidhalluc/data/TSH_videos/VidHalluc/data/TSH/NnMMEFglHBQ_clip_2_3.mp4,resolved,AB,,True
tsh,tsh:345,COx5Bf0PsQs_clip_4_7,/scratch/jp09/dd9648/datasets_video_hallu/vidhalluc/data/TSH_videos/VidHalluc/data/TSH/COx5Bf0PsQs_clip_4_7.mp4,resolved,BA,,True
tsh,tsh:346,COx5Bf0PsQs_clip_6_7,/scratch/jp09/dd9648/datasets_video_hallu/vidhalluc/data/TSH_videos/VidHalluc/data/TSH/COx5Bf0PsQs_clip_6_7.mp4,resolved,AB,,True
tsh,tsh:347,COx5Bf0PsQs_clip_2_5,/scratch/jp09/dd9648/datasets_video_hallu/vidhalluc/data/TSH_videos/VidHalluc/data/TSH/COx5Bf0PsQs_clip_2_5.mp4,resolved,AB,,True
tsh,tsh:348,COx5Bf0PsQs_clip_2_4,/scratch/jp09/dd9648/datasets_video_hallu/vidhalluc/data/TSH_videos/VidHalluc/data/TSH/COx5Bf0PsQs_clip_2_4.mp4,resolved,BA,,True
tsh,tsh:349,-fjUWhSM6Hc_clip_17_2,/scratch/jp09/dd9648/datasets_video_hallu/vidhalluc/data/TSH_videos/VidHalluc/data/TSH/-fjUWhSM6Hc_clip_17_2.mp4,resolved,AB,,True
tsh,tsh:350,1P8x2Cy-MUM_clip_5_6,/scratch/jp09/dd9648/datasets_video_hallu/vidhalluc/data/TSH_videos/VidHalluc/data/TSH/1P8x2Cy-MUM_clip_5_6.mp4,resolved,AB,,True
tsh,tsh:351,QYU2srH753Q_clip_2_8,/scratch/jp09/dd9648/datasets_video_hallu/vidhalluc/data/TSH_videos/VidHalluc/data/TSH/QYU2srH753Q_clip_2_8.mp4,resolved,AB,,True
tsh,tsh:352,ZvVnXvKlKbQ_clip_1_2,/scratch/jp09/dd9648/datasets_video_hallu/vidhalluc/data/TSH_videos/VidHalluc/data/TSH/ZvVnXvKlKbQ_clip_1_2.mp4,resolved,BA,,True
tsh,tsh:353,vOJkQwF2eno_clip_6_7,/scratch/jp09/dd9648/datasets_video_hallu/vidhalluc/data/TSH_videos/VidHalluc/data/TSH/vOJkQwF2eno_clip_6_7.mp4,resolved,BA,,True
tsh,tsh:354,WWwcQ6kiKtA_clip_5_6,/scratch/jp09/dd9648/datasets_video_hallu/vidhalluc/data/TSH_videos/VidHalluc/data/TSH/WWwcQ6kiKtA_clip_5_6.mp4,resolved,AB,,True
tsh,tsh:355,cFcLgFsiZUE_clip_1_2,/scratch/jp09/dd9648/datasets_video_hallu/vidhalluc/data/TSH_videos/VidHalluc/data/TSH/cFcLgFsiZUE_clip_1_2.mp4,resolved,BA,,True
tsh,tsh:356,zFKhct4g8as_clip_1_2,/scratch/jp09/dd9648/datasets_video_hallu/vidhalluc/data/TSH_videos/VidHalluc/data/TSH/zFKhct4g8as_clip_1_2.mp4|/scratch/jp09/dd9648/datasets_video_hallu/vidhalluc/data/STH_videos/STH/zFKhct4g8as_clip_1_2.mp4,ambiguous,AB,video_ambiguous,True
tsh,tsh:357,2Jr1K1wBKfQ_clip_1_2,/scratch/jp09/dd9648/datasets_video_hallu/vidhalluc/data/TSH_videos/VidHalluc/data/TSH/2Jr1K1wBKfQ_clip_1_2.mp4,resolved,BA,,True
tsh,tsh:358,APQ_KEVYbBw_clip_2_3,/scratch/jp09/dd9648/datasets_video_hallu/vidhalluc/data/TSH_videos/VidHalluc/data/TSH/APQ_KEVYbBw_clip_2_3.mp4,resolved,AB,,True
tsh,tsh:359,LQAFcEvifrU_clip_1_3,/scratch/jp09/dd9648/datasets_video_hallu/vidhalluc/data/TSH_videos/VidHalluc/data/TSH/LQAFcEvifrU_clip_1_3.mp4,resolved,BA,,True
tsh,tsh:360,Z_F01eV0Iqw_clip_2_5,/scratch/jp09/dd9648/datasets_video_hallu/vidhalluc/data/TSH_videos/VidHalluc/data/TSH/Z_F01eV0Iqw_clip_2_5.mp4,resolved,AB,,True
tsh,tsh:361,Z_F01eV0Iqw_clip_2_6,/scratch/jp09/dd9648/datasets_video_hallu/vidhalluc/data/TSH_videos/VidHalluc/data/TSH/Z_F01eV0Iqw_clip_2_6.mp4,resolved,BA,,True
tsh,tsh:362,gee7iCW34_E_clip_4_7,/scratch/jp09/dd9648/datasets_video_hallu/vidhalluc/data/TSH_videos/VidHalluc/data/TSH/gee7iCW34_E_clip_4_7.mp4,resolved,AB,,True
tsh,tsh:363,_uTNqQhQA9w_clip_2_4,/scratch/jp09/dd9648/datasets_video_hallu/vidhalluc/data/TSH_videos/VidHalluc/data/TSH/_uTNqQhQA9w_clip_2_4.mp4,resolved,AB,,True
tsh,tsh:364,WuO75Sb0Kgg_clip_4_5,/scratch/jp09/dd9648/datasets_video_hallu/vidhalluc/data/TSH_videos/VidHalluc/data/TSH/WuO75Sb0Kgg_clip_4_5.mp4,resolved,BA,,True
tsh,tsh:365,Ieb7EkMxpJk_clip_1_2,/scratch/jp09/dd9648/datasets_video_hallu/vidhalluc/data/TSH_videos/VidHalluc/data/TSH/Ieb7EkMxpJk_clip_1_2.mp4,resolved,BA,,True
tsh,tsh:366,UsqhZb0co6o_clip_1_2,/scratch/jp09/dd9648/datasets_video_hallu/vidhalluc/data/TSH_videos/VidHalluc/data/TSH/UsqhZb0co6o_clip_1_2.mp4,resolved,AB,,True
tsh,tsh:367,fw_3Bg17UFU_clip_2_3,/scratch/jp09/dd9648/datasets_video_hallu/vidhalluc/data/TSH_videos/VidHalluc/data/TSH/fw_3Bg17UFU_clip_2_3.mp4,resolved,BA,,True
tsh,tsh:368,ecVUPpBNpdA_clip_2_3,/scratch/jp09/dd9648/datasets_video_hallu/vidhalluc/data/TSH_videos/VidHalluc/data/TSH/ecVUPpBNpdA_clip_2_3.mp4,resolved,AB,,True
tsh,tsh:369,ecVUPpBNpdA_clip_1_2,/scratch/jp09/dd9648/datasets_video_hallu/vidhalluc/data/TSH_videos/VidHalluc/data/TSH/ecVUPpBNpdA_clip_1_2.mp4,resolved,BA,,True
tsh,tsh:370,wQHMoyzJx_w_clip_4_6,/scratch/jp09/dd9648/datasets_video_hallu/vidhalluc/data/TSH_videos/VidHalluc/data/TSH/wQHMoyzJx_w_clip_4_6.mp4,resolved,AB,,True
tsh,tsh:371,UCOn2HkJJt8_clip_1_3,/scratch/jp09/dd9648/datasets_video_hallu/vidhalluc/data/TSH_videos/VidHalluc/data/TSH/UCOn2HkJJt8_clip_1_3.mp4,resolved,BA,,True
tsh,tsh:372,UbunZxDifYU_clip_2_3,/scratch/jp09/dd9648/datasets_video_hallu/vidhalluc/data/TSH_videos/VidHalluc/data/TSH/UbunZxDifYU_clip_2_3.mp4,resolved,AB,,True
tsh,tsh:373,JgDfOMDfNZs_clip_3_4,/scratch/jp09/dd9648/datasets_video_hallu/vidhalluc/data/TSH_videos/VidHalluc/data/TSH/JgDfOMDfNZs_clip_3_4.mp4,resolved,BA,,True
tsh,tsh:374,ZOeQh2-ci3M_clip_1_7,/scratch/jp09/dd9648/datasets_video_hallu/vidhalluc/data/TSH_videos/VidHalluc/data/TSH/ZOeQh2-ci3M_clip_1_7.mp4,resolved,AB,,True
tsh,tsh:375,GhVERbQMZWQ_clip_1_3,/scratch/jp09/dd9648/datasets_video_hallu/vidhalluc/data/TSH_videos/VidHalluc/data/TSH/GhVERbQMZWQ_clip_1_3.mp4,resolved,AB,,True
tsh,tsh:376,GA8XzZTETPE_clip_3_4,/scratch/jp09/dd9648/datasets_video_hallu/vidhalluc/data/TSH_videos/VidHalluc/data/TSH/GA8XzZTETPE_clip_3_4.mp4,resolved,BA,,True
tsh,tsh:377,WOQ0JhA3cOA_clip_2_3,/scratch/jp09/dd9648/datasets_video_hallu/vidhalluc/data/TSH_videos/VidHalluc/data/TSH/WOQ0JhA3cOA_clip_2_3.mp4,resolved,AB,,True
tsh,tsh:378,lC12SCZ_-1o_clip_1_3,/scratch/jp09/dd9648/datasets_video_hallu/vidhalluc/data/TSH_videos/VidHalluc/data/TSH/lC12SCZ_-1o_clip_1_3.mp4,resolved,BA,,True
tsh,tsh:379,1P_BTFhNZFo_clip_7_8,/scratch/jp09/dd9648/datasets_video_hallu/vidhalluc/data/TSH_videos/VidHalluc/data/TSH/1P_BTFhNZFo_clip_7_8.mp4,resolved,BA,,True
tsh,tsh:380,ymwMEUuXygs_clip_1_3,/scratch/jp09/dd9648/datasets_video_hallu/vidhalluc/data/TSH_videos/VidHalluc/data/TSH/ymwMEUuXygs_clip_1_3.mp4,resolved,AB,,True
tsh,tsh:381,kuyuhXuMPX4_clip_4_5,/scratch/jp09/dd9648/datasets_video_hallu/vidhalluc/data/TSH_videos/VidHalluc/data/TSH/kuyuhXuMPX4_clip_4_5.mp4,resolved,AB,,True
tsh,tsh:382,kuyuhXuMPX4_clip_4_7,/scratch/jp09/dd9648/datasets_video_hallu/vidhalluc/data/TSH_videos/VidHalluc/data/TSH/kuyuhXuMPX4_clip_4_7.mp4,resolved,BA,,True
tsh,tsh:383,q8c_0JTe5r8_clip_3_4,/scratch/jp09/dd9648/datasets_video_hallu/vidhalluc/data/TSH_videos/VidHalluc/data/TSH/q8c_0JTe5r8_clip_3_4.mp4,resolved,AB,,True
tsh,tsh:384,ZTHsS5lQyvQ_clip_1_2,/scratch/jp09/dd9648/datasets_video_hallu/vidhalluc/data/TSH_videos/VidHalluc/data/TSH/ZTHsS5lQyvQ_clip_1_2.mp4,resolved,BA,,True
tsh,tsh:385,uiG7A8lEdEg_clip_2_4,/scratch/jp09/dd9648/datasets_video_hallu/vidhalluc/data/TSH_videos/VidHalluc/data/TSH/uiG7A8lEdEg_clip_2_4.mp4,resolved,AB,,True
tsh,tsh:386,mio5dnRbo4w_clip_6_7,/scratch/jp09/dd9648/datasets_video_hallu/vidhalluc/data/TSH_videos/VidHalluc/data/TSH/mio5dnRbo4w_clip_6_7.mp4,resolved,BA,,True
tsh,tsh:387,3PC5_h68qkc_clip_2_5,/scratch/jp09/dd9648/datasets_video_hallu/vidhalluc/data/TSH_videos/VidHalluc/data/TSH/3PC5_h68qkc_clip_2_5.mp4,resolved,AB,,True
tsh,tsh:388,Rvsc5eymWIg_clip_1_3,/scratch/jp09/dd9648/datasets_video_hallu/vidhalluc/data/TSH_videos/VidHalluc/data/TSH/Rvsc5eymWIg_clip_1_3.mp4,resolved,BA,,True
tsh,tsh:389,xaCOYdzox0g_clip_1_2,/scratch/jp09/dd9648/datasets_video_hallu/vidhalluc/data/TSH_videos/VidHalluc/data/TSH/xaCOYdzox0g_clip_1_2.mp4,resolved,AB,,True
tsh,tsh:390,iEDDZvKZLMk_clip_4_5,/scratch/jp09/dd9648/datasets_video_hallu/vidhalluc/data/TSH_videos/VidHalluc/data/TSH/iEDDZvKZLMk_clip_4_5.mp4|/scratch/jp09/dd9648/datasets_video_hallu/vidhalluc/data/STH_videos/STH/iEDDZvKZLMk_clip_4_5.mp4,ambiguous,BA,video_ambiguous,True
tsh,tsh:391,w50et2-vEOQ_clip_2_5,/scratch/jp09/dd9648/datasets_video_hallu/vidhalluc/data/TSH_videos/VidHalluc/data/TSH/w50et2-vEOQ_clip_2_5.mp4,resolved,AB,,True
tsh,tsh:392,w50et2-vEOQ_clip_2_7,/scratch/jp09/dd9648/datasets_video_hallu/vidhalluc/data/TSH_videos/VidHalluc/data/TSH/w50et2-vEOQ_clip_2_7.mp4,resolved,BA,,True
tsh,tsh:393,o8n1YnT8ZZ8_clip_1_2,/scratch/jp09/dd9648/datasets_video_hallu/vidhalluc/data/TSH_videos/VidHalluc/data/TSH/o8n1YnT8ZZ8_clip_1_2.mp4,resolved,BA,,True
tsh,tsh:394,uWJUoJyvFF0_clip_1_2,/scratch/jp09/dd9648/datasets_video_hallu/vidhalluc/data/TSH_videos/VidHalluc/data/TSH/uWJUoJyvFF0_clip_1_2.mp4,resolved,AB,,True
tsh,tsh:395,pQQb2FP1ewE_clip_1_4,/scratch/jp09/dd9648/datasets_video_hallu/vidhalluc/data/TSH_videos/VidHalluc/data/TSH/pQQb2FP1ewE_clip_1_4.mp4,resolved,BA,,True
tsh,tsh:396,1cCRZztswFA_clip_1_2,/scratch/jp09/dd9648/datasets_video_hallu/vidhalluc/data/TSH_videos/VidHalluc/data/TSH/1cCRZztswFA_clip_1_2.mp4,resolved,AB,,True
tsh,tsh:397,r0P0egQt-jU_clip_3_4,/scratch/jp09/dd9648/datasets_video_hallu/vidhalluc/data/TSH_videos/VidHalluc/data/TSH/r0P0egQt-jU_clip_3_4.mp4,resolved,AB,,True
tsh,tsh:398,r0P0egQt-jU_clip_2_4,/scratch/jp09/dd9648/datasets_video_hallu/vidhalluc/data/TSH_videos/VidHalluc/data/TSH/r0P0egQt-jU_clip_2_4.mp4,resolved,BA,,True
tsh,tsh:399,9AOVI0OCZqg_clip_3_4,/scratch/jp09/dd9648/datasets_video_hallu/vidhalluc/data/TSH_videos/VidHalluc/data/TSH/9AOVI0OCZqg_clip_3_4.mp4,resolved,AB,,True
tsh,tsh:400,ean7ZR6XmG4_clip_2_7,/scratch/jp09/dd9648/datasets_video_hallu/vidhalluc/data/TSH_videos/VidHalluc/data/TSH/ean7ZR6XmG4_clip_2_7.mp4,resolved,BA,,True
tsh,tsh:401,_wl0vFvb8Bc_clip_4_7,/scratch/jp09/dd9648/datasets_video_hallu/vidhalluc/data/TSH_videos/VidHalluc/data/TSH/_wl0vFvb8Bc_clip_4_7.mp4,resolved,BA,,True
tsh,tsh:402,oKjZW0WTbNI_clip_2_3,/scratch/jp09/dd9648/datasets_video_hallu/vidhalluc/data/TSH_videos/VidHalluc/data/TSH/oKjZW0WTbNI_clip_2_3.mp4|/scratch/jp09/dd9648/datasets_video_hallu/vidhalluc/data/STH_videos/STH/oKjZW0WTbNI_clip_2_3.mp4,ambiguous,AB,video_ambiguous,True
tsh,tsh:403,ux_qqONPSrc_clip_3_4,/scratch/jp09/dd9648/datasets_video_hallu/vidhalluc/data/TSH_videos/VidHalluc/data/TSH/ux_qqONPSrc_clip_3_4.mp4,resolved,BA,,True
tsh,tsh:404,eyfUkLbsixg_clip_3_5,/scratch/jp09/dd9648/datasets_video_hallu/vidhalluc/data/TSH_videos/VidHalluc/data/TSH/eyfUkLbsixg_clip_3_5.mp4,resolved,AB,,True
tsh,tsh:405,eyfUkLbsixg_clip_2_4,/scratch/jp09/dd9648/datasets_video_hallu/vidhalluc/data/TSH_videos/VidHalluc/data/TSH/eyfUkLbsixg_clip_2_4.mp4,resolved,AB,,True
tsh,tsh:406,fN2DiOswmOA_clip_5_8,/scratch/jp09/dd9648/datasets_video_hallu/vidhalluc/data/TSH_videos/VidHalluc/data/TSH/fN2DiOswmOA_clip_5_8.mp4,resolved,BA,,True
tsh,tsh:407,rSGgal9LtDk_clip_2_5,/scratch/jp09/dd9648/datasets_video_hallu/vidhalluc/data/TSH_videos/VidHalluc/data/TSH/rSGgal9LtDk_clip_2_5.mp4,resolved,AB,,True
tsh,tsh:408,qisMX7KNi7s_clip_2_3,/scratch/jp09/dd9648/datasets_video_hallu/vidhalluc/data/TSH_videos/VidHalluc/data/TSH/qisMX7KNi7s_clip_2_3.mp4,resolved,BA,,True
tsh,tsh:409,woRQ2JxcVHA_clip_2_3,/scratch/jp09/dd9648/datasets_video_hallu/vidhalluc/data/TSH_videos/VidHalluc/data/TSH/woRQ2JxcVHA_clip_2_3.mp4,resolved,AB,,True
tsh,tsh:410,T6KP0pg7qxM_clip_1_3,/scratch/jp09/dd9648/datasets_video_hallu/vidhalluc/data/TSH_videos/VidHalluc/data/TSH/T6KP0pg7qxM_clip_1_3.mp4,resolved,BA,,True
tsh,tsh:411,ihMn28mft2s_clip_1_3,/scratch/jp09/dd9648/datasets_video_hallu/vidhalluc/data/TSH_videos/VidHalluc/data/TSH/ihMn28mft2s_clip_1_3.mp4,resolved,AB,,True
tsh,tsh:412,MCsGSMze_6Q_clip_3_6,/scratch/jp09/dd9648/datasets_video_hallu/vidhalluc/data/TSH_videos/VidHalluc/data/TSH/MCsGSMze_6Q_clip_3_6.mp4,resolved,BA,,True
tsh,tsh:413,JGRpVcxltKE_clip_4_5,/scratch/jp09/dd9648/datasets_video_hallu/vidhalluc/data/TSH_videos/VidHalluc/data/TSH/JGRpVcxltKE_clip_4_5.mp4,resolved,BA,,True
tsh,tsh:414,PLWeVDUH_Cw_clip_1_2,/scratch/jp09/dd9648/datasets_video_hallu/vidhalluc/data/TSH_videos/VidHalluc/data/TSH/PLWeVDUH_Cw_clip_1_2.mp4,resolved,AB,,True
tsh,tsh:415,uDmEOkAXTfo_clip_5_6,/scratch/jp09/dd9648/datasets_video_hallu/vidhalluc/data/TSH_videos/VidHalluc/data/TSH/uDmEOkAXTfo_clip_5_6.mp4,resolved,BA,,True
tsh,tsh:416,4q7LmVSgIPk_clip_1_3,/scratch/jp09/dd9648/datasets_video_hallu/vidhalluc/data/TSH_videos/VidHalluc/data/TSH/4q7LmVSgIPk_clip_1_3.mp4,resolved,AB,,True
tsh,tsh:417,4q7LmVSgIPk_clip_1_5,/scratch/jp09/dd9648/datasets_video_hallu/vidhalluc/data/TSH_videos/VidHalluc/data/TSH/4q7LmVSgIPk_clip_1_5.mp4,resolved,BA,,True
tsh,tsh:418,8UJ5PGzu1PE_clip_2_3,/scratch/jp09/dd9648/datasets_video_hallu/vidhalluc/data/TSH_videos/VidHalluc/data/TSH/8UJ5PGzu1PE_clip_2_3.mp4,resolved,AB,,True
tsh,tsh:419,OCdmlTxq1Co_clip_4_5,/scratch/jp09/dd9648/datasets_video_hallu/vidhalluc/data/TSH_videos/VidHalluc/data/TSH/OCdmlTxq1Co_clip_4_5.mp4,resolved,BA,,True
tsh,tsh:420,OCdmlTxq1Co_clip_3_4,/scratch/jp09/dd9648/datasets_video_hallu/vidhalluc/data/TSH_videos/VidHalluc/data/TSH/OCdmlTxq1Co_clip_3_4.mp4,resolved,AB,,True
tsh,tsh:421,PzNpPDd-VWE_clip_1_6,/scratch/jp09/dd9648/datasets_video_hallu/vidhalluc/data/TSH_videos/VidHalluc/data/TSH/PzNpPDd-VWE_clip_1_6.mp4,resolved,BA,,True
tsh,tsh:422,ZgVmS-AhYgA_clip_3_4,/scratch/jp09/dd9648/datasets_video_hallu/vidhalluc/data/TSH_videos/VidHalluc/data/TSH/ZgVmS-AhYgA_clip_3_4.mp4,resolved,AB,,True
tsh,tsh:423,ZgVmS-AhYgA_clip_1_4,/scratch/jp09/dd9648/datasets_video_hallu/vidhalluc/data/TSH_videos/VidHalluc/data/TSH/ZgVmS-AhYgA_clip_1_4.mp4,resolved,AB,,True
tsh,tsh:424,yohSEYq9tSo_clip_2_3,/scratch/jp09/dd9648/datasets_video_hallu/vidhalluc/data/TSH_videos/VidHalluc/data/TSH/yohSEYq9tSo_clip_2_3.mp4,resolved,BA,,True
tsh,tsh:425,sra0ywgWITo_clip_4_7,/scratch/jp09/dd9648/datasets_video_hallu/vidhalluc/data/TSH_videos/VidHalluc/data/TSH/sra0ywgWITo_clip_4_7.mp4,resolved,AB,,True
tsh,tsh:426,2-xMWBQA7iM_clip_5_6,/scratch/jp09/dd9648/datasets_video_hallu/vidhalluc/data/TSH_videos/VidHalluc/data/TSH/2-xMWBQA7iM_clip_5_6.mp4,resolved,BA,,True
tsh,tsh:427,2-xMWBQA7iM_clip_1_6,/scratch/jp09/dd9648/datasets_video_hallu/vidhalluc/data/TSH_videos/VidHalluc/data/TSH/2-xMWBQA7iM_clip_1_6.mp4,resolved,BA,,True
tsh,tsh:428,jTMdMnbW9OI_clip_14_17,/scratch/jp09/dd9648/datasets_video_hallu/vidhalluc/data/TSH_videos/VidHalluc/data/TSH/jTMdMnbW9OI_clip_14_17.mp4,resolved,AB,,True
tsh,tsh:429,MvKhjWRNTvI_clip_1_4,/scratch/jp09/dd9648/datasets_video_hallu/vidhalluc/data/TSH_videos/VidHalluc/data/TSH/MvKhjWRNTvI_clip_1_4.mp4,resolved,BA,,True
tsh,tsh:430,MvKhjWRNTvI_clip_1_3,/scratch/jp09/dd9648/datasets_video_hallu/vidhalluc/data/TSH_videos/VidHalluc/data/TSH/MvKhjWRNTvI_clip_1_3.mp4,resolved,AB,,True
tsh,tsh:431,xH8l5rCWrMU_clip_2_3,/scratch/jp09/dd9648/datasets_video_hallu/vidhalluc/data/TSH_videos/VidHalluc/data/TSH/xH8l5rCWrMU_clip_2_3.mp4,resolved,AB,,True
tsh,tsh:432,bpsKpmyexUs_clip_1_2,/scratch/jp09/dd9648/datasets_video_hallu/vidhalluc/data/TSH_videos/VidHalluc/data/TSH/bpsKpmyexUs_clip_1_2.mp4|/scratch/jp09/dd9648/datasets_video_hallu/vidhalluc/data/STH_videos/STH/bpsKpmyexUs_clip_1_2.mp4,ambiguous,BA,video_ambiguous,True
tsh,tsh:433,MeHEDK_Y8sE_clip_3_5,/scratch/jp09/dd9648/datasets_video_hallu/vidhalluc/data/TSH_videos/VidHalluc/data/TSH/MeHEDK_Y8sE_clip_3_5.mp4,resolved,AB,,True
tsh,tsh:434,uM6ErLnAGW4_clip_2_3,/scratch/jp09/dd9648/datasets_video_hallu/vidhalluc/data/TSH_videos/VidHalluc/data/TSH/uM6ErLnAGW4_clip_2_3.mp4,resolved,BA,,True
tsh,tsh:435,IWHN3TD8mMQ_clip_4_6,/scratch/jp09/dd9648/datasets_video_hallu/vidhalluc/data/TSH_videos/VidHalluc/data/TSH/IWHN3TD8mMQ_clip_4_6.mp4,resolved,AB,,True
tsh,tsh:436,ClW3USojCoE_clip_2_3,/scratch/jp09/dd9648/datasets_video_hallu/vidhalluc/data/TSH_videos/VidHalluc/data/TSH/ClW3USojCoE_clip_2_3.mp4,resolved,BA,,True
tsh,tsh:437,diBZlwUO8rc_clip_4_6,/scratch/jp09/dd9648/datasets_video_hallu/vidhalluc/data/TSH_videos/VidHalluc/data/TSH/diBZlwUO8rc_clip_4_6.mp4,resolved,AB,,True
tsh,tsh:438,8DIfyvX7H8Y_clip_1_4,/scratch/jp09/dd9648/datasets_video_hallu/vidhalluc/data/TSH_videos/VidHalluc/data/TSH/8DIfyvX7H8Y_clip_1_4.mp4,resolved,BA,,True
tsh,tsh:439,pDjyQ1lKMT8_clip_3_4,/scratch/jp09/dd9648/datasets_video_hallu/vidhalluc/data/TSH_videos/VidHalluc/data/TSH/pDjyQ1lKMT8_clip_3_4.mp4,resolved,AB,,True
tsh,tsh:440,ITGlho0dw-k_clip_2_3,/scratch/jp09/dd9648/datasets_video_hallu/vidhalluc/data/TSH_videos/VidHalluc/data/TSH/ITGlho0dw-k_clip_2_3.mp4,resolved,BA,,True
tsh,tsh:441,ITGlho0dw-k_clip_3_5,/scratch/jp09/dd9648/datasets_video_hallu/vidhalluc/data/TSH_videos/VidHalluc/data/TSH/ITGlho0dw-k_clip_3_5.mp4,resolved,BA,,True
tsh,tsh:442,iFA1XhZ6VM8_clip_2_3,/scratch/jp09/dd9648/datasets_video_hallu/vidhalluc/data/TSH_videos/VidHalluc/data/TSH/iFA1XhZ6VM8_clip_2_3.mp4,resolved,AB,,True
tsh,tsh:443,O8JVA-scYlM_clip_1_11,/scratch/jp09/dd9648/datasets_video_hallu/vidhalluc/data/TSH_videos/VidHalluc/data/TSH/O8JVA-scYlM_clip_1_11.mp4,resolved,BA,,True
tsh,tsh:444,O8JVA-scYlM_clip_1_9,/scratch/jp09/dd9648/datasets_video_hallu/vidhalluc/data/TSH_videos/VidHalluc/data/TSH/O8JVA-scYlM_clip_1_9.mp4,resolved,AB,,True
tsh,tsh:445,vl7OBBTv7KY_clip_1_2,/scratch/jp09/dd9648/datasets_video_hallu/vidhalluc/data/TSH_videos/VidHalluc/data/TSH/vl7OBBTv7KY_clip_1_2.mp4,resolved,AB,,True
tsh,tsh:446,LoBjzA2z2Ls_clip_3_4,/scratch/jp09/dd9648/datasets_video_hallu/vidhalluc/data/TSH_videos/VidHalluc/data/TSH/LoBjzA2z2Ls_clip_3_4.mp4,resolved,BA,,True
tsh,tsh:447,3X6eP273RoI_clip_2_3,/scratch/jp09/dd9648/datasets_video_hallu/vidhalluc/data/TSH_videos/VidHalluc/data/TSH/3X6eP273RoI_clip_2_3.mp4,resolved,BA,,True
tsh,tsh:448,WUYSGCwm6OM_clip_4_6,/scratch/jp09/dd9648/datasets_video_hallu/vidhalluc/data/TSH_videos/VidHalluc/data/TSH/WUYSGCwm6OM_clip_4_6.mp4,resolved,AB,,True
tsh,tsh:449,fjoaurNKg60_clip_3_6,/scratch/jp09/dd9648/datasets_video_hallu/vidhalluc/data/TSH_videos/VidHalluc/data/TSH/fjoaurNKg60_clip_3_6.mp4,resolved,BA,,True
tsh,tsh:450,ez9uLqGV7AA_clip_2_3,/scratch/jp09/dd9648/datasets_video_hallu/vidhalluc/data/TSH_videos/VidHalluc/data/TSH/ez9uLqGV7AA_clip_2_3.mp4,resolved,AB,,True
tsh,tsh:451,Sb2SPX38lyQ_clip_2_5,/scratch/jp09/dd9648/datasets_video_hallu/vidhalluc/data/TSH_videos/VidHalluc/data/TSH/Sb2SPX38lyQ_clip_2_5.mp4,resolved,BA,,True
tsh,tsh:452,91ozOcjKl5M_clip_3_7,/scratch/jp09/dd9648/datasets_video_hallu/vidhalluc/data/TSH_videos/VidHalluc/data/TSH/91ozOcjKl5M_clip_3_7.mp4,resolved,AB,,True
tsh,tsh:453,sPEed6XrTZA_clip_2_3,/scratch/jp09/dd9648/datasets_video_hallu/vidhalluc/data/TSH_videos/VidHalluc/data/TSH/sPEed6XrTZA_clip_2_3.mp4,resolved,AB,,True
tsh,tsh:454,41NQ9UXkPWE_clip_2_3,/scratch/jp09/dd9648/datasets_video_hallu/vidhalluc/data/TSH_videos/VidHalluc/data/TSH/41NQ9UXkPWE_clip_2_3.mp4,resolved,BA,,True
tsh,tsh:455,POgIE_9QuYA_clip_2_3,/scratch/jp09/dd9648/datasets_video_hallu/vidhalluc/data/TSH_videos/VidHalluc/data/TSH/POgIE_9QuYA_clip_2_3.mp4,resolved,AB,,True
tsh,tsh:456,MZQmJZ_31O0_clip_1_3,/scratch/jp09/dd9648/datasets_video_hallu/vidhalluc/data/TSH_videos/VidHalluc/data/TSH/MZQmJZ_31O0_clip_1_3.mp4,resolved,BA,,True
tsh,tsh:457,cdcn6XP1N6A_clip_2_3,/scratch/jp09/dd9648/datasets_video_hallu/vidhalluc/data/TSH_videos/VidHalluc/data/TSH/cdcn6XP1N6A_clip_2_3.mp4,resolved,AB,,True
tsh,tsh:458,9FAPy8NVDgY_clip_4_9,/scratch/jp09/dd9648/datasets_video_hallu/vidhalluc/data/TSH_videos/VidHalluc/data/TSH/9FAPy8NVDgY_clip_4_9.mp4,resolved,BA,,True
tsh,tsh:459,9FAPy8NVDgY_clip_4_8,/scratch/jp09/dd9648/datasets_video_hallu/vidhalluc/data/TSH_videos/VidHalluc/data/TSH/9FAPy8NVDgY_clip_4_8.mp4,resolved,AB,,True
tsh,tsh:460,oEd7WT4mVSE_clip_1_5,/scratch/jp09/dd9648/datasets_video_hallu/vidhalluc/data/TSH_videos/VidHalluc/data/TSH/oEd7WT4mVSE_clip_1_5.mp4,resolved,BA,,True
tsh,tsh:461,2Sev8z4P7pE_clip_2_3,/scratch/jp09/dd9648/datasets_video_hallu/vidhalluc/data/TSH_videos/VidHalluc/data/TSH/2Sev8z4P7pE_clip_2_3.mp4,resolved,AB,,True
tsh,tsh:462,E-M2Cq0RNTs_clip_1_2,/scratch/jp09/dd9648/datasets_video_hallu/vidhalluc/data/TSH_videos/VidHalluc/data/TSH/E-M2Cq0RNTs_clip_1_2.mp4,resolved,BA,,True
tsh,tsh:463,OOcsprnRCQQ_clip_2_4,/scratch/jp09/dd9648/datasets_video_hallu/vidhalluc/data/TSH_videos/VidHalluc/data/TSH/OOcsprnRCQQ_clip_2_4.mp4,resolved,AB,,True
tsh,tsh:464,o2mqzjWJJNw_clip_1_3,/scratch/jp09/dd9648/datasets_video_hallu/vidhalluc/data/TSH_videos/VidHalluc/data/TSH/o2mqzjWJJNw_clip_1_3.mp4,resolved,BA,,True
tsh,tsh:465,QWFedtlPRYM_clip_2_5,/scratch/jp09/dd9648/datasets_video_hallu/vidhalluc/data/TSH_videos/VidHalluc/data/TSH/QWFedtlPRYM_clip_2_5.mp4,resolved,AB,,True
tsh,tsh:466,QWFedtlPRYM_clip_3_6,/scratch/jp09/dd9648/datasets_video_hallu/vidhalluc/data/TSH_videos/VidHalluc/data/TSH/QWFedtlPRYM_clip_3_6.mp4,resolved,BA,,True
tsh,tsh:467,QWFedtlPRYM_clip_2_3,/scratch/jp09/dd9648/datasets_video_hallu/vidhalluc/data/TSH_videos/VidHalluc/data/TSH/QWFedtlPRYM_clip_2_3.mp4,resolved,BA,,True
tsh,tsh:468,5Y4YkCkgShc_clip_5_8,/scratch/jp09/dd9648/datasets_video_hallu/vidhalluc/data/TSH_videos/VidHalluc/data/TSH/5Y4YkCkgShc_clip_5_8.mp4,resolved,AB,,True
tsh,tsh:469,ouqYXdtEuCI_clip_3_4,/scratch/jp09/dd9648/datasets_video_hallu/vidhalluc/data/TSH_videos/VidHalluc/data/TSH/ouqYXdtEuCI_clip_3_4.mp4,resolved,AB,,True
tsh,tsh:470,C0F-xroK_Eg_clip_3_7,/scratch/jp09/dd9648/datasets_video_hallu/vidhalluc/data/TSH_videos/VidHalluc/data/TSH/C0F-xroK_Eg_clip_3_7.mp4,resolved,BA,,True
tsh,tsh:471,aSPPD0fDI3g_clip_5_6,/scratch/jp09/dd9648/datasets_video_hallu/vidhalluc/data/TSH_videos/VidHalluc/data/TSH/aSPPD0fDI3g_clip_5_6.mp4,resolved,BA,,True
tsh,tsh:472,9y2BKvWMN9Y_clip_6_7,/scratch/jp09/dd9648/datasets_video_hallu/vidhalluc/data/TSH_videos/VidHalluc/data/TSH/9y2BKvWMN9Y_clip_6_7.mp4,resolved,AB,,True
tsh,tsh:473,_pwC3oNzQT8_clip_2_3,/scratch/jp09/dd9648/datasets_video_hallu/vidhalluc/data/TSH_videos/VidHalluc/data/TSH/_pwC3oNzQT8_clip_2_3.mp4,resolved,AB,,True
tsh,tsh:474,8EfkFxoXI_4_clip_2_3,/scratch/jp09/dd9648/datasets_video_hallu/vidhalluc/data/TSH_videos/VidHalluc/data/TSH/8EfkFxoXI_4_clip_2_3.mp4,resolved,BA,,True
tsh,tsh:475,J4FBxa5FWSo_clip_1_3,/scratch/jp09/dd9648/datasets_video_hallu/vidhalluc/data/TSH_videos/VidHalluc/data/TSH/J4FBxa5FWSo_clip_1_3.mp4,resolved,BA,,True
tsh,tsh:476,_032TQam_mY_clip_2_5,/scratch/jp09/dd9648/datasets_video_hallu/vidhalluc/data/TSH_videos/VidHalluc/data/TSH/_032TQam_mY_clip_2_5.mp4,resolved,AB,,True
tsh,tsh:477,7XGimCWcafc_clip_4_7,/scratch/jp09/dd9648/datasets_video_hallu/vidhalluc/data/TSH_videos/VidHalluc/data/TSH/7XGimCWcafc_clip_4_7.mp4,resolved,BA,,True
tsh,tsh:478,7XGimCWcafc_clip_5_7,/scratch/jp09/dd9648/datasets_video_hallu/vidhalluc/data/TSH_videos/VidHalluc/data/TSH/7XGimCWcafc_clip_5_7.mp4,resolved,AB,,True
tsh,tsh:479,xYuqZ_RrCC0_clip_4_6,/scratch/jp09/dd9648/datasets_video_hallu/vidhalluc/data/TSH_videos/VidHalluc/data/TSH/xYuqZ_RrCC0_clip_4_6.mp4,resolved,AB,,True
tsh,tsh:480,O_StqLLpAVI_clip_2_4,/scratch/jp09/dd9648/datasets_video_hallu/vidhalluc/data/TSH_videos/VidHalluc/data/TSH/O_StqLLpAVI_clip_2_4.mp4,resolved,BA,,True
tsh,tsh:481,EyAdFQJv2LY_clip_4_5,/scratch/jp09/dd9648/datasets_video_hallu/vidhalluc/data/TSH_videos/VidHalluc/data/TSH/EyAdFQJv2LY_clip_4_5.mp4,resolved,AB,,True
tsh,tsh:482,u7xQLvrmRUg_clip_4_5,/scratch/jp09/dd9648/datasets_video_hallu/vidhalluc/data/TSH_videos/VidHalluc/data/TSH/u7xQLvrmRUg_clip_4_5.mp4|/scratch/jp09/dd9648/datasets_video_hallu/vidhalluc/data/STH_videos/STH/u7xQLvrmRUg_clip_4_5.mp4,ambiguous,BA,video_ambiguous,True
tsh,tsh:483,iRp-pWnPoYw_clip_1_2,/scratch/jp09/dd9648/datasets_video_hallu/vidhalluc/data/TSH_videos/VidHalluc/data/TSH/iRp-pWnPoYw_clip_1_2.mp4,resolved,BA,,True
tsh,tsh:484,G21LXiasKf4_clip_2_3,/scratch/jp09/dd9648/datasets_video_hallu/vidhalluc/data/TSH_videos/VidHalluc/data/TSH/G21LXiasKf4_clip_2_3.mp4,resolved,AB,,True
tsh,tsh:485,WrJ_Xj9FArM_clip_3_4,/scratch/jp09/dd9648/datasets_video_hallu/vidhalluc/data/TSH_videos/VidHalluc/data/TSH/WrJ_Xj9FArM_clip_3_4.mp4,resolved,AB,,True
tsh,tsh:486,7C8t-Mihd18_clip_2_3,/scratch/jp09/dd9648/datasets_video_hallu/vidhalluc/data/TSH_videos/VidHalluc/data/TSH/7C8t-Mihd18_clip_2_3.mp4,resolved,BA,,True
tsh,tsh:487,OUY4TkdjnyA_clip_3_7,/scratch/jp09/dd9648/datasets_video_hallu/vidhalluc/data/TSH_videos/VidHalluc/data/TSH/OUY4TkdjnyA_clip_3_7.mp4,resolved,BA,,True
tsh,tsh:488,Kmk0IVi2Xu4_clip_3_6,/scratch/jp09/dd9648/datasets_video_hallu/vidhalluc/data/TSH_videos/VidHalluc/data/TSH/Kmk0IVi2Xu4_clip_3_6.mp4,resolved,AB,,True
tsh,tsh:489,yVsOoFr61x4_clip_1_3,/scratch/jp09/dd9648/datasets_video_hallu/vidhalluc/data/TSH_videos/VidHalluc/data/TSH/yVsOoFr61x4_clip_1_3.mp4,resolved,AB,,True
tsh,tsh:490,zQ4HbFGX7t0_clip_1_4,/scratch/jp09/dd9648/datasets_video_hallu/vidhalluc/data/TSH_videos/VidHalluc/data/TSH/zQ4HbFGX7t0_clip_1_4.mp4,resolved,BA,,True
tsh,tsh:491,hmT9H0IjiGs_clip_3_5,/scratch/jp09/dd9648/datasets_video_hallu/vidhalluc/data/TSH_videos/VidHalluc/data/TSH/hmT9H0IjiGs_clip_3_5.mp4,resolved,AB,,True
tsh,tsh:492,ulTKMWIQR30_clip_1_2,/scratch/jp09/dd9648/datasets_video_hallu/vidhalluc/data/TSH_videos/VidHalluc/data/TSH/ulTKMWIQR30_clip_1_2.mp4,resolved,BA,,True
tsh,tsh:493,_0sDAdyMtnk_clip_3_5,/scratch/jp09/dd9648/datasets_video_hallu/vidhalluc/data/TSH_videos/VidHalluc/data/TSH/_0sDAdyMtnk_clip_3_5.mp4,resolved,AB,,True
tsh,tsh:494,gpmrwsV9skQ_clip_1_3,/scratch/jp09/dd9648/datasets_video_hallu/vidhalluc/data/TSH_videos/VidHalluc/data/TSH/gpmrwsV9skQ_clip_1_3.mp4,resolved,BA,,True
tsh,tsh:495,eaR8oEBlYWk_clip_3_4,/scratch/jp09/dd9648/datasets_video_hallu/vidhalluc/data/TSH_videos/VidHalluc/data/TSH/eaR8oEBlYWk_clip_3_4.mp4,resolved,AB,,True
tsh,tsh:496,eaR8oEBlYWk_clip_2_4,/scratch/jp09/dd9648/datasets_video_hallu/vidhalluc/data/TSH_videos/VidHalluc/data/TSH/eaR8oEBlYWk_clip_2_4.mp4,resolved,BA,,True
tsh,tsh:497,nShRXseBM4Y_clip_2_3,/scratch/jp09/dd9648/datasets_video_hallu/vidhalluc/data/TSH_videos/VidHalluc/data/TSH/nShRXseBM4Y_clip_2_3.mp4,resolved,BA,,True
tsh,tsh:498,98SSjNuSxvM_clip_1_4,/scratch/jp09/dd9648/datasets_video_hallu/vidhalluc/data/TSH_videos/VidHalluc/data/TSH/98SSjNuSxvM_clip_1_4.mp4,resolved,AB,,True
tsh,tsh:499,Bnw54GNBKlU_clip_1_2,/scratch/jp09/dd9648/datasets_video_hallu/vidhalluc/data/TSH_videos/VidHalluc/data/TSH/Bnw54GNBKlU_clip_1_2.mp4,resolved,BA,,True
tsh,tsh:500,QWhn9Ncvvso_clip_1_2,/scratch/jp09/dd9648/datasets_video_hallu/vidhalluc/data/TSH_videos/VidHalluc/data/TSH/QWhn9Ncvvso_clip_1_2.mp4|/scratch/jp09/dd9648/datasets_video_hallu/vidhalluc/data/STH_videos/STH/QWhn9Ncvvso_clip_1_2.mp4,ambiguous,AB,video_ambiguous,True
tsh,tsh:501,0-CYG7bH54A_clip_2_4,/scratch/jp09/dd9648/datasets_video_hallu/vidhalluc/data/TSH_videos/VidHalluc/data/TSH/0-CYG7bH54A_clip_2_4.mp4,resolved,AB,,True
tsh,tsh:502,xijxN7XB4d8_clip_3_4,/scratch/jp09/dd9648/datasets_video_hallu/vidhalluc/data/TSH_videos/VidHalluc/data/TSH/xijxN7XB4d8_clip_3_4.mp4,resolved,BA,,True
tsh,tsh:503,wXA-1ZmvuEA_clip_1_2,/scratch/jp09/dd9648/datasets_video_hallu/vidhalluc/data/TSH_videos/VidHalluc/data/TSH/wXA-1ZmvuEA_clip_1_2.mp4,resolved,AB,,True
tsh,tsh:504,CIJp-SG3sWE_clip_2_4,/scratch/jp09/dd9648/datasets_video_hallu/vidhalluc/data/TSH_videos/VidHalluc/data/TSH/CIJp-SG3sWE_clip_2_4.mp4,resolved,BA,,True
tsh,tsh:505,CIJp-SG3sWE_clip_1_4,/scratch/jp09/dd9648/datasets_video_hallu/vidhalluc/data/TSH_videos/VidHalluc/data/TSH/CIJp-SG3sWE_clip_1_4.mp4,resolved,BA,,True
tsh,tsh:506,SdbxPbXeQJ0_clip_3_7,/scratch/jp09/dd9648/datasets_video_hallu/vidhalluc/data/TSH_videos/VidHalluc/data/TSH/SdbxPbXeQJ0_clip_3_7.mp4,resolved,AB,,True
tsh,tsh:507,SdbxPbXeQJ0_clip_1_3,/scratch/jp09/dd9648/datasets_video_hallu/vidhalluc/data/TSH_videos/VidHalluc/data/TSH/SdbxPbXeQJ0_clip_1_3.mp4,resolved,AB,,True
tsh,tsh:508,Q_Rufuciohg_clip_1_2,/scratch/jp09/dd9648/datasets_video_hallu/vidhalluc/data/TSH_videos/VidHalluc/data/TSH/Q_Rufuciohg_clip_1_2.mp4,resolved,BA,,True
tsh,tsh:509,0kfJ7Lu4tvo_clip_3_5,/scratch/jp09/dd9648/datasets_video_hallu/vidhalluc/data/TSH_videos/VidHalluc/data/TSH/0kfJ7Lu4tvo_clip_3_5.mp4,resolved,BA,,True
tsh,tsh:510,-C1nnsyw7R0_clip_3_4,/scratch/jp09/dd9648/datasets_video_hallu/vidhalluc/data/TSH_videos/VidHalluc/data/TSH/-C1nnsyw7R0_clip_3_4.mp4,resolved,AB,,True
tsh,tsh:511,-C1nnsyw7R0_clip_4_5,/scratch/jp09/dd9648/datasets_video_hallu/vidhalluc/data/TSH_videos/VidHalluc/data/TSH/-C1nnsyw7R0_clip_4_5.mp4,resolved,AB,,True
tsh,tsh:512,AY2usHrPYL0_clip_1_5,/scratch/jp09/dd9648/datasets_video_hallu/vidhalluc/data/TSH_videos/VidHalluc/data/TSH/AY2usHrPYL0_clip_1_5.mp4,resolved,BA,,True
tsh,tsh:513,f98FHTGx64Q_clip_1_3,/scratch/jp09/dd9648/datasets_video_hallu/vidhalluc/data/TSH_videos/VidHalluc/data/TSH/f98FHTGx64Q_clip_1_3.mp4,resolved,AB,,True
tsh,tsh:514,5Fq-ln3yC38_clip_2_5,/scratch/jp09/dd9648/datasets_video_hallu/vidhalluc/data/TSH_videos/VidHalluc/data/TSH/5Fq-ln3yC38_clip_2_5.mp4,resolved,BA,,True
tsh,tsh:515,QepadF9vOdA_clip_1_2,/scratch/jp09/dd9648/datasets_video_hallu/vidhalluc/data/TSH_videos/VidHalluc/data/TSH/QepadF9vOdA_clip_1_2.mp4,resolved,BA,,True
tsh,tsh:516,N0DA6RpIf5Y_clip_2_3,/scratch/jp09/dd9648/datasets_video_hallu/vidhalluc/data/TSH_videos/VidHalluc/data/TSH/N0DA6RpIf5Y_clip_2_3.mp4,resolved,AB,,True
tsh,tsh:517,N0DA6RpIf5Y_clip_1_3,/scratch/jp09/dd9648/datasets_video_hallu/vidhalluc/data/TSH_videos/VidHalluc/data/TSH/N0DA6RpIf5Y_clip_1_3.mp4,resolved,AB,,True
tsh,tsh:518,FQRC8urWpew_clip_7_8,/scratch/jp09/dd9648/datasets_video_hallu/vidhalluc/data/TSH_videos/VidHalluc/data/TSH/FQRC8urWpew_clip_7_8.mp4|/scratch/jp09/dd9648/datasets_video_hallu/vidhalluc/data/STH_videos/STH/FQRC8urWpew_clip_7_8.mp4,ambiguous,BA,video_ambiguous,True
tsh,tsh:519,WO4EXX5DJHQ_clip_3_4,/scratch/jp09/dd9648/datasets_video_hallu/vidhalluc/data/TSH_videos/VidHalluc/data/TSH/WO4EXX5DJHQ_clip_3_4.mp4,resolved,AB,,True
tsh,tsh:520,DEEgoxzTvdk_clip_1_2,/scratch/jp09/dd9648/datasets_video_hallu/vidhalluc/data/TSH_videos/VidHalluc/data/TSH/DEEgoxzTvdk_clip_1_2.mp4,resolved,BA,,True
tsh,tsh:521,DEEgoxzTvdk_clip_1_3,/scratch/jp09/dd9648/datasets_video_hallu/vidhalluc/data/TSH_videos/VidHalluc/data/TSH/DEEgoxzTvdk_clip_1_3.mp4,resolved,AB,,True
tsh,tsh:522,9-hB_1taG0o_clip_4_5,/scratch/jp09/dd9648/datasets_video_hallu/vidhalluc/data/TSH_videos/VidHalluc/data/TSH/9-hB_1taG0o_clip_4_5.mp4|/scratch/jp09/dd9648/datasets_video_hallu/vidhalluc/data/STH_videos/STH/9-hB_1taG0o_clip_4_5.mp4,ambiguous,BA,video_ambiguous,True
tsh,tsh:523,JZDTcGPKw2w_clip_3_6,/scratch/jp09/dd9648/datasets_video_hallu/vidhalluc/data/TSH_videos/VidHalluc/data/TSH/JZDTcGPKw2w_clip_3_6.mp4,resolved,AB,,True
tsh,tsh:524,JZDTcGPKw2w_clip_1_6,/scratch/jp09/dd9648/datasets_video_hallu/vidhalluc/data/TSH_videos/VidHalluc/data/TSH/JZDTcGPKw2w_clip_1_6.mp4,resolved,BA,,True
tsh,tsh:525,IJ2m8Bi3LVE_clip_2_4,/scratch/jp09/dd9648/datasets_video_hallu/vidhalluc/data/TSH_videos/VidHalluc/data/TSH/IJ2m8Bi3LVE_clip_2_4.mp4,resolved,BA,,True
tsh,tsh:526,CazGUhhclEY_clip_3_4,/scratch/jp09/dd9648/datasets_video_hallu/vidhalluc/data/TSH_videos/VidHalluc/data/TSH/CazGUhhclEY_clip_3_4.mp4,resolved,AB,,True
tsh,tsh:527,arhhcCWkAoM_clip_3_4,/scratch/jp09/dd9648/datasets_video_hallu/vidhalluc/data/TSH_videos/VidHalluc/data/TSH/arhhcCWkAoM_clip_3_4.mp4,resolved,AB,,True
tsh,tsh:528,LMxfRVcBrD8_clip_3_7,/scratch/jp09/dd9648/datasets_video_hallu/vidhalluc/data/TSH_videos/VidHalluc/data/TSH/LMxfRVcBrD8_clip_3_7.mp4,resolved,BA,,True
tsh,tsh:529,LMxfRVcBrD8_clip_2_7,/scratch/jp09/dd9648/datasets_video_hallu/vidhalluc/data/TSH_videos/VidHalluc/data/TSH/LMxfRVcBrD8_clip_2_7.mp4,resolved,AB,,True
tsh,tsh:530,iUe1t0sN4Jo_clip_1_2,/scratch/jp09/dd9648/datasets_video_hallu/vidhalluc/data/TSH_videos/VidHalluc/data/TSH/iUe1t0sN4Jo_clip_1_2.mp4,resolved,BA,,True
tsh,tsh:531,8KxL1itwI3Q_clip_1_5,/scratch/jp09/dd9648/datasets_video_hallu/vidhalluc/data/TSH_videos/VidHalluc/data/TSH/8KxL1itwI3Q_clip_1_5.mp4,resolved,AB,,True
tsh,tsh:532,8KxL1itwI3Q_clip_1_4,/scratch/jp09/dd9648/datasets_video_hallu/vidhalluc/data/TSH_videos/VidHalluc/data/TSH/8KxL1itwI3Q_clip_1_4.mp4,resolved,BA,,True
tsh,tsh:533,ULH_AqrP3to_clip_1_2,/scratch/jp09/dd9648/datasets_video_hallu/vidhalluc/data/TSH_videos/VidHalluc/data/TSH/ULH_AqrP3to_clip_1_2.mp4,resolved,AB,,True
tsh,tsh:534,VbhCWRXsEHQ_clip_2_8,/scratch/jp09/dd9648/datasets_video_hallu/vidhalluc/data/TSH_videos/VidHalluc/data/TSH/VbhCWRXsEHQ_clip_2_8.mp4,resolved,BA,,True
tsh,tsh:535,VbhCWRXsEHQ_clip_1_8,/scratch/jp09/dd9648/datasets_video_hallu/vidhalluc/data/TSH_videos/VidHalluc/data/TSH/VbhCWRXsEHQ_clip_1_8.mp4,resolved,AB,,True
tsh,tsh:536,xHuaYMXGTnc_clip_2_3,/scratch/jp09/dd9648/datasets_video_hallu/vidhalluc/data/TSH_videos/VidHalluc/data/TSH/xHuaYMXGTnc_clip_2_3.mp4,resolved,BA,,True
tsh,tsh:537,yA3AD9jU7QU_clip_5_6,/scratch/jp09/dd9648/datasets_video_hallu/vidhalluc/data/TSH_videos/VidHalluc/data/TSH/yA3AD9jU7QU_clip_5_6.mp4,resolved,AB,,True
tsh,tsh:538,3rtzSsuJ4Ng_clip_3_4,/scratch/jp09/dd9648/datasets_video_hallu/vidhalluc/data/TSH_videos/VidHalluc/data/TSH/3rtzSsuJ4Ng_clip_3_4.mp4,resolved,BA,,True
tsh,tsh:539,uaIu2yDmhNU_clip_2_4,/scratch/jp09/dd9648/datasets_video_hallu/vidhalluc/data/TSH_videos/VidHalluc/data/TSH/uaIu2yDmhNU_clip_2_4.mp4,resolved,AB,,True
tsh,tsh:540,T2lxCGJ9ekg_clip_6_7,/scratch/jp09/dd9648/datasets_video_hallu/vidhalluc/data/TSH_videos/VidHalluc/data/TSH/T2lxCGJ9ekg_clip_6_7.mp4,resolved,BA,,True
tsh,tsh:541,vcCwvRYqU2I_clip_4_6,/scratch/jp09/dd9648/datasets_video_hallu/vidhalluc/data/TSH_videos/VidHalluc/data/TSH/vcCwvRYqU2I_clip_4_6.mp4,resolved,AB,,True
tsh,tsh:542,vcCwvRYqU2I_clip_4_5,/scratch/jp09/dd9648/datasets_video_hallu/vidhalluc/data/TSH_videos/VidHalluc/data/TSH/vcCwvRYqU2I_clip_4_5.mp4,resolved,BA,,True
tsh,tsh:543,xK8bGXuXO_Y_clip_1_2,/scratch/jp09/dd9648/datasets_video_hallu/vidhalluc/data/TSH_videos/VidHalluc/data/TSH/xK8bGXuXO_Y_clip_1_2.mp4|/scratch/jp09/dd9648/datasets_video_hallu/vidhalluc/data/STH_videos/STH/xK8bGXuXO_Y_clip_1_2.mp4,ambiguous,AB,video_ambiguous,True
tsh,tsh:544,17ODXa4CEmI_clip_3_5,/scratch/jp09/dd9648/datasets_video_hallu/vidhalluc/data/TSH_videos/VidHalluc/data/TSH/17ODXa4CEmI_clip_3_5.mp4,resolved,BA,,True
tsh,tsh:545,j4YrzUjxAp8_clip_5_6,/scratch/jp09/dd9648/datasets_video_hallu/vidhalluc/data/TSH_videos/VidHalluc/data/TSH/j4YrzUjxAp8_clip_5_6.mp4,resolved,BA,,True
tsh,tsh:546,j4YrzUjxAp8_clip_3_6,/scratch/jp09/dd9648/datasets_video_hallu/vidhalluc/data/TSH_videos/VidHalluc/data/TSH/j4YrzUjxAp8_clip_3_6.mp4,resolved,AB,,True
tsh,tsh:547,Ghn26BIbbvE_clip_2_3,/scratch/jp09/dd9648/datasets_video_hallu/vidhalluc/data/TSH_videos/VidHalluc/data/TSH/Ghn26BIbbvE_clip_2_3.mp4,resolved,BA,,True
tsh,tsh:548,D9A_9FH7e-A_clip_4_6,/scratch/jp09/dd9648/datasets_video_hallu/vidhalluc/data/TSH_videos/VidHalluc/data/TSH/D9A_9FH7e-A_clip_4_6.mp4,resolved,AB,,True
tsh,tsh:549,RE3QHbz2SH4_clip_3_4,/scratch/jp09/dd9648/datasets_video_hallu/vidhalluc/data/TSH_videos/VidHalluc/data/TSH/RE3QHbz2SH4_clip_3_4.mp4,resolved,BA,,True
tsh,tsh:550,B09O9Nfwm_s_clip_3_4,/scratch/jp09/dd9648/datasets_video_hallu/vidhalluc/data/TSH_videos/VidHalluc/data/TSH/B09O9Nfwm_s_clip_3_4.mp4,resolved,AB,,True
tsh,tsh:551,JWFJGkUKVfk_clip_2_4,/scratch/jp09/dd9648/datasets_video_hallu/vidhalluc/data/TSH_videos/VidHalluc/data/TSH/JWFJGkUKVfk_clip_2_4.mp4,resolved,AB,,True
tsh,tsh:552,rsJUOsr1u3o_clip_2_6,/scratch/jp09/dd9648/datasets_video_hallu/vidhalluc/data/TSH_videos/VidHalluc/data/TSH/rsJUOsr1u3o_clip_2_6.mp4,resolved,BA,,True
tsh,tsh:553,rsJUOsr1u3o_clip_4_5,/scratch/jp09/dd9648/datasets_video_hallu/vidhalluc/data/TSH_videos/VidHalluc/data/TSH/rsJUOsr1u3o_clip_4_5.mp4,resolved,AB,,True
tsh,tsh:554,S5kuckj4Ud4_clip_2_6,/scratch/jp09/dd9648/datasets_video_hallu/vidhalluc/data/TSH_videos/VidHalluc/data/TSH/S5kuckj4Ud4_clip_2_6.mp4,resolved,BA,,True
tsh,tsh:555,p-l6as8o1f4_clip_2_3,/scratch/jp09/dd9648/datasets_video_hallu/vidhalluc/data/TSH_videos/VidHalluc/data/TSH/p-l6as8o1f4_clip_2_3.mp4,resolved,BA,,True
tsh,tsh:556,liI1E_ZZV5w_clip_3_4,/scratch/jp09/dd9648/datasets_video_hallu/vidhalluc/data/TSH_videos/VidHalluc/data/TSH/liI1E_ZZV5w_clip_3_4.mp4,resolved,AB,,True
tsh,tsh:557,tMheZSxPl3Q_clip_2_3,/scratch/jp09/dd9648/datasets_video_hallu/vidhalluc/data/TSH_videos/VidHalluc/data/TSH/tMheZSxPl3Q_clip_2_3.mp4,resolved,BA,,True
tsh,tsh:558,_j-0ElzS88Q_clip_13_14,/scratch/jp09/dd9648/datasets_video_hallu/vidhalluc/data/TSH_videos/VidHalluc/data/TSH/_j-0ElzS88Q_clip_13_14.mp4,resolved,AB,,True
tsh,tsh:559,RINsqxGLQdQ_clip_2_3,/scratch/jp09/dd9648/datasets_video_hallu/vidhalluc/data/TSH_videos/VidHalluc/data/TSH/RINsqxGLQdQ_clip_2_3.mp4,resolved,BA,,True
tsh,tsh:560,RINsqxGLQdQ_clip_1_3,/scratch/jp09/dd9648/datasets_video_hallu/vidhalluc/data/TSH_videos/VidHalluc/data/TSH/RINsqxGLQdQ_clip_1_3.mp4,resolved,AB,,True
tsh,tsh:561,JXCmp1jMi0w_clip_3_4,/scratch/jp09/dd9648/datasets_video_hallu/vidhalluc/data/TSH_videos/VidHalluc/data/TSH/JXCmp1jMi0w_clip_3_4.mp4,resolved,BA,,True
tsh,tsh:562,cxxiokwoVgg_clip_4_6,/scratch/jp09/dd9648/datasets_video_hallu/vidhalluc/data/TSH_videos/VidHalluc/data/TSH/cxxiokwoVgg_clip_4_6.mp4,resolved,AB,,True
tsh,tsh:563,fnZIksNLUXA_clip_2_6,/scratch/jp09/dd9648/datasets_video_hallu/vidhalluc/data/TSH_videos/VidHalluc/data/TSH/fnZIksNLUXA_clip_2_6.mp4,resolved,AB,,True
tsh,tsh:564,l7nsRRyzD4k_clip_3_5,/scratch/jp09/dd9648/datasets_video_hallu/vidhalluc/data/TSH_videos/VidHalluc/data/TSH/l7nsRRyzD4k_clip_3_5.mp4,resolved,BA,,True
tsh,tsh:565,TCcopbAANQ0_clip_2_3,/scratch/jp09/dd9648/datasets_video_hallu/vidhalluc/data/TSH_videos/VidHalluc/data/TSH/TCcopbAANQ0_clip_2_3.mp4,resolved,AB,,True
tsh,tsh:566,9hR1MHvXGv8_clip_1_2,/scratch/jp09/dd9648/datasets_video_hallu/vidhalluc/data/TSH_videos/VidHalluc/data/TSH/9hR1MHvXGv8_clip_1_2.mp4,resolved,BA,,True
tsh,tsh:567,RZpbFG3j-Bo_clip_10_7,/scratch/jp09/dd9648/datasets_video_hallu/vidhalluc/data/TSH_videos/VidHalluc/data/TSH/RZpbFG3j-Bo_clip_10_7.mp4,resolved,AB,,True
tsh,tsh:568,RZpbFG3j-Bo_clip_10_3,/scratch/jp09/dd9648/datasets_video_hallu/vidhalluc/data/TSH_videos/VidHalluc/data/TSH/RZpbFG3j-Bo_clip_10_3.mp4,resolved,AB,,True
tsh,tsh:569,0qTzoVjsMpQ_clip_3_4,/scratch/jp09/dd9648/datasets_video_hallu/vidhalluc/data/TSH_videos/VidHalluc/data/TSH/0qTzoVjsMpQ_clip_3_4.mp4,resolved,AB,,True
tsh,tsh:570,OOKHi7EBNKk_clip_3_6,/scratch/jp09/dd9648/datasets_video_hallu/vidhalluc/data/TSH_videos/VidHalluc/data/TSH/OOKHi7EBNKk_clip_3_6.mp4,resolved,AB,,True
tsh,tsh:571,ORL5yMppl8E_clip_2_7,/scratch/jp09/dd9648/datasets_video_hallu/vidhalluc/data/TSH_videos/VidHalluc/data/TSH/ORL5yMppl8E_clip_2_7.mp4,resolved,BA,,True
tsh,tsh:572,H_Spgfds1iY_clip_1_3,/scratch/jp09/dd9648/datasets_video_hallu/vidhalluc/data/TSH_videos/VidHalluc/data/TSH/H_Spgfds1iY_clip_1_3.mp4,resolved,AB,,True
tsh,tsh:573,H_Spgfds1iY_clip_1_4,/scratch/jp09/dd9648/datasets_video_hallu/vidhalluc/data/TSH_videos/VidHalluc/data/TSH/H_Spgfds1iY_clip_1_4.mp4,resolved,BA,,True
tsh,tsh:574,SnBTp7iV2kE_clip_2_5,/scratch/jp09/dd9648/datasets_video_hallu/vidhalluc/data/TSH_videos/VidHalluc/data/TSH/SnBTp7iV2kE_clip_2_5.mp4,resolved,AB,,True
tsh,tsh:575,UGUF_9Rt9ZE_clip_2_3,/scratch/jp09/dd9648/datasets_video_hallu/vidhalluc/data/TSH_videos/VidHalluc/data/TSH/UGUF_9Rt9ZE_clip_2_3.mp4,resolved,BA,,True
tsh,tsh:576,F-WmsfI8HG0_clip_2_7,/scratch/jp09/dd9648/datasets_video_hallu/vidhalluc/data/TSH_videos/VidHalluc/data/TSH/F-WmsfI8HG0_clip_2_7.mp4,resolved,AB,,True
tsh,tsh:577,DLfOiuxMstg_clip_3_5,/scratch/jp09/dd9648/datasets_video_hallu/vidhalluc/data/TSH_videos/VidHalluc/data/TSH/DLfOiuxMstg_clip_3_5.mp4,resolved,AB,,True
tsh,tsh:578,CIPSw35iF3k_clip_1_8,/scratch/jp09/dd9648/datasets_video_hallu/vidhalluc/data/TSH_videos/VidHalluc/data/TSH/CIPSw35iF3k_clip_1_8.mp4,resolved,BA,,True
tsh,tsh:579,NNEpaEq7OpI_clip_3_4,/scratch/jp09/dd9648/datasets_video_hallu/vidhalluc/data/TSH_videos/VidHalluc/data/TSH/NNEpaEq7OpI_clip_3_4.mp4,resolved,AB,,True
tsh,tsh:580,QQBmydn6--I_clip_3_4,/scratch/jp09/dd9648/datasets_video_hallu/vidhalluc/data/TSH_videos/VidHalluc/data/TSH/QQBmydn6--I_clip_3_4.mp4,resolved,BA,,True
tsh,tsh:581,8gKV8f3qSOg_clip_2_3,/scratch/jp09/dd9648/datasets_video_hallu/vidhalluc/data/TSH_videos/VidHalluc/data/TSH/8gKV8f3qSOg_clip_2_3.mp4,resolved,AB,,True
tsh,tsh:582,8gKV8f3qSOg_clip_1_2,/scratch/jp09/dd9648/datasets_video_hallu/vidhalluc/data/TSH_videos/VidHalluc/data/TSH/8gKV8f3qSOg_clip_1_2.mp4,resolved,BA,,True
tsh,tsh:583,xwu60huH3ds_clip_4_6,/scratch/jp09/dd9648/datasets_video_hallu/vidhalluc/data/TSH_videos/VidHalluc/data/TSH/xwu60huH3ds_clip_4_6.mp4,resolved,AB,,True
tsh,tsh:584,RnN4BXyOtxU_clip_1_2,/scratch/jp09/dd9648/datasets_video_hallu/vidhalluc/data/TSH_videos/VidHalluc/data/TSH/RnN4BXyOtxU_clip_1_2.mp4,resolved,BA,,True
tsh,tsh:585,RnN4BXyOtxU_clip_2_3,/scratch/jp09/dd9648/datasets_video_hallu/vidhalluc/data/TSH_videos/VidHalluc/data/TSH/RnN4BXyOtxU_clip_2_3.mp4,resolved,BA,,True
tsh,tsh:586,c8HFew22GnI_clip_3_4,/scratch/jp09/dd9648/datasets_video_hallu/vidhalluc/data/TSH_videos/VidHalluc/data/TSH/c8HFew22GnI_clip_3_4.mp4,resolved,AB,,True
tsh,tsh:587,c8HFew22GnI_clip_2_4,/scratch/jp09/dd9648/datasets_video_hallu/vidhalluc/data/TSH_videos/VidHalluc/data/TSH/c8HFew22GnI_clip_2_4.mp4,resolved,AB,,True
tsh,tsh:588,Gpocjp7hSzU_clip_3_5,/scratch/jp09/dd9648/datasets_video_hallu/vidhalluc/data/TSH_videos/VidHalluc/data/TSH/Gpocjp7hSzU_clip_3_5.mp4,resolved,BA,,True
tsh,tsh:589,rlWN8PZMbfY_clip_3_6,/scratch/jp09/dd9648/datasets_video_hallu/vidhalluc/data/TSH_videos/VidHalluc/data/TSH/rlWN8PZMbfY_clip_3_6.mp4,resolved,AB,,True
tsh,tsh:590,16g-sBraeKE_clip_4_5,/scratch/jp09/dd9648/datasets_video_hallu/vidhalluc/data/TSH_videos/VidHalluc/data/TSH/16g-sBraeKE_clip_4_5.mp4,resolved,BA,,True
tsh,tsh:591,ynpvos7UFZo_clip_3_5,/scratch/jp09/dd9648/datasets_video_hallu/vidhalluc/data/TSH_videos/VidHalluc/data/TSH/ynpvos7UFZo_clip_3_5.mp4,resolved,BA,,True
tsh,tsh:592,unI7FhokvbM_clip_7_8,/scratch/jp09/dd9648/datasets_video_hallu/vidhalluc/data/TSH_videos/VidHalluc/data/TSH/unI7FhokvbM_clip_7_8.mp4,resolved,AB,,True
tsh,tsh:593,yGPzIGJ_2B8_clip_2_4,/scratch/jp09/dd9648/datasets_video_hallu/vidhalluc/data/TSH_videos/VidHalluc/data/TSH/yGPzIGJ_2B8_clip_2_4.mp4,resolved,BA,,True
tsh,tsh:594,-lMphXmWvbk_clip_1_2,/scratch/jp09/dd9648/datasets_video_hallu/vidhalluc/data/TSH_videos/VidHalluc/data/TSH/-lMphXmWvbk_clip_1_2.mp4,resolved,AB,,True
tsh,tsh:595,G4fSvtn1HAw_clip_2_5,/scratch/jp09/dd9648/datasets_video_hallu/vidhalluc/data/TSH_videos/VidHalluc/data/TSH/G4fSvtn1HAw_clip_2_5.mp4,resolved,BA,,True
tsh,tsh:596,G4fSvtn1HAw_clip_3_5,/scratch/jp09/dd9648/datasets_video_hallu/vidhalluc/data/TSH_videos/VidHalluc/data/TSH/G4fSvtn1HAw_clip_3_5.mp4,resolved,AB,,True
tsh,tsh:597,Y97KgwAmdrU_clip_2_3,/scratch/jp09/dd9648/datasets_video_hallu/vidhalluc/data/TSH_videos/VidHalluc/data/TSH/Y97KgwAmdrU_clip_2_3.mp4,resolved,AB,,True
tsh,tsh:598,dLOwmXV_yTw_clip_1_3,/scratch/jp09/dd9648/datasets_video_hallu/vidhalluc/data/TSH_videos/VidHalluc/data/TSH/dLOwmXV_yTw_clip_1_3.mp4,resolved,BA,,True
tsh,tsh:599,XQ4owd3yQ_4_clip_1_3,/scratch/jp09/dd9648/datasets_video_hallu/vidhalluc/data/TSH_videos/VidHalluc/data/TSH/XQ4owd3yQ_4_clip_1_3.mp4,resolved,AB,,True
tsh,tsh:600,mDqiAEB4Ads_clip_3_6,/scratch/jp09/dd9648/datasets_video_hallu/vidhalluc/data/TSH_videos/VidHalluc/data/TSH/mDqiAEB4Ads_clip_3_6.mp4,resolved,BA,,True
sth,sth:oL3BcY3CbYg_cp8t27oT_ww,oL3BcY3CbYg_cp8t27oT_ww,/scratch/jp09/dd9648/datasets_video_hallu/vidhalluc/data/STH_videos/STH/oL3BcY3CbYg_cp8t27oT_ww.mp4,resolved,yes,,True
sth,sth:NAypGTZJhyE_Cis2EFd9m2U,NAypGTZJhyE_Cis2EFd9m2U,/scratch/jp09/dd9648/datasets_video_hallu/vidhalluc/data/STH_videos/STH/NAypGTZJhyE_Cis2EFd9m2U.mp4,resolved,yes,,True
sth,sth:9kZgaZbDuqI_clip_1_5,9kZgaZbDuqI_clip_1_5,/scratch/jp09/dd9648/datasets_video_hallu/vidhalluc/data/STH_videos/STH/9kZgaZbDuqI_clip_1_5.mp4,resolved,no,,True
sth,sth:0T45fkKkCCk_ABCUrbSmLuo,0T45fkKkCCk_ABCUrbSmLuo,/scratch/jp09/dd9648/datasets_video_hallu/vidhalluc/data/STH_videos/STH/0T45fkKkCCk_ABCUrbSmLuo.mp4,resolved,yes,,True
sth,sth:Ztlcnd14Kn4_eFsDYomfkaQ,Ztlcnd14Kn4_eFsDYomfkaQ,/scratch/jp09/dd9648/datasets_video_hallu/vidhalluc/data/STH_videos/STH/Ztlcnd14Kn4_eFsDYomfkaQ.mp4,resolved,yes,,True
sth,sth:5GQW_-DdCUg_pBpR17oDT8M,5GQW_-DdCUg_pBpR17oDT8M,/scratch/jp09/dd9648/datasets_video_hallu/vidhalluc/data/STH_videos/STH/5GQW_-DdCUg_pBpR17oDT8M.mp4,resolved,yes,,True
sth,sth:c87PnAWDbOA_clip_3_7,c87PnAWDbOA_clip_3_7,/scratch/jp09/dd9648/datasets_video_hallu/vidhalluc/data/STH_videos/STH/c87PnAWDbOA_clip_3_7.mp4,resolved,no,,True
sth,sth:fVxcaUv0jPE_jJBgSsVyQns,fVxcaUv0jPE_jJBgSsVyQns,/scratch/jp09/dd9648/datasets_video_hallu/vidhalluc/data/STH_videos/STH/fVxcaUv0jPE_jJBgSsVyQns.mp4,resolved,yes,,True
sth,sth:Be0koDmxrtQ_clip_1_3,Be0koDmxrtQ_clip_1_3,/scratch/jp09/dd9648/datasets_video_hallu/vidhalluc/data/STH_videos/STH/Be0koDmxrtQ_clip_1_3.mp4,resolved,no,,True
sth,sth:liuwUS5H1qY_clip_1_2,liuwUS5H1qY_clip_1_2,/scratch/jp09/dd9648/datasets_video_hallu/vidhalluc/data/TSH_videos/VidHalluc/data/TSH/liuwUS5H1qY_clip_1_2.mp4|/scratch/jp09/dd9648/datasets_video_hallu/vidhalluc/data/STH_videos/STH/liuwUS5H1qY_clip_1_2.mp4,ambiguous,no,video_ambiguous,True
sth,sth:-UGmXiQ8yiY_baADET8QDUA,-UGmXiQ8yiY_baADET8QDUA,/scratch/jp09/dd9648/datasets_video_hallu/vidhalluc/data/STH_videos/STH/-UGmXiQ8yiY_baADET8QDUA.mp4,resolved,yes,,True
sth,sth:baADET8QDUA_-1EXhfqLLwQ,baADET8QDUA_-1EXhfqLLwQ,/scratch/jp09/dd9648/datasets_video_hallu/vidhalluc/data/STH_videos/STH/baADET8QDUA_-1EXhfqLLwQ.mp4,resolved,yes,,True
sth,sth:LnlYlMuX1Cc_clip_3_5,LnlYlMuX1Cc_clip_3_5,/scratch/jp09/dd9648/datasets_video_hallu/vidhalluc/data/STH_videos/STH/LnlYlMuX1Cc_clip_3_5.mp4,resolved,no,,True
sth,sth:4GGUH7ykdCg_TYFkiyNIDWU,4GGUH7ykdCg_TYFkiyNIDWU,/scratch/jp09/dd9648/datasets_video_hallu/vidhalluc/data/STH_videos/STH/4GGUH7ykdCg_TYFkiyNIDWU.mp4,resolved,yes,,True
sth,sth:1xjsM-I-KLI_clip_2_7,1xjsM-I-KLI_clip_2_7,/scratch/jp09/dd9648/datasets_video_hallu/vidhalluc/data/STH_videos/STH/1xjsM-I-KLI_clip_2_7.mp4,resolved,no,,True
sth,sth:aOVPHKqKjyQ_NAypGTZJhyE,aOVPHKqKjyQ_NAypGTZJhyE,/scratch/jp09/dd9648/datasets_video_hallu/vidhalluc/data/STH_videos/STH/aOVPHKqKjyQ_NAypGTZJhyE.mp4,resolved,yes,,True
sth,sth:7Fd7DjXMeaQ_clip_2_5,7Fd7DjXMeaQ_clip_2_5,/scratch/jp09/dd9648/datasets_video_hallu/vidhalluc/data/STH_videos/STH/7Fd7DjXMeaQ_clip_2_5.mp4,resolved,no,,True
sth,sth:okJ-HfG41YQ_X1PrlTv4_jw,okJ-HfG41YQ_X1PrlTv4_jw,/scratch/jp09/dd9648/datasets_video_hallu/vidhalluc/data/STH_videos/STH/okJ-HfG41YQ_X1PrlTv4_jw.mp4,resolved,yes,,True
sth,sth:K6Uk5vNi1_Q_clip_1_8,K6Uk5vNi1_Q_clip_1_8,/scratch/jp09/dd9648/datasets_video_hallu/vidhalluc/data/STH_videos/STH/K6Uk5vNi1_Q_clip_1_8.mp4,resolved,no,,True
sth,sth:SMbC5fOIsok_Z2rMIZs3j8M,SMbC5fOIsok_Z2rMIZs3j8M,/scratch/jp09/dd9648/datasets_video_hallu/vidhalluc/data/STH_videos/STH/SMbC5fOIsok_Z2rMIZs3j8M.mp4,resolved,yes,,True
sth,sth:-UYmhq3Rjtc_dB31Es7Z-iU,-UYmhq3Rjtc_dB31Es7Z-iU,/scratch/jp09/dd9648/datasets_video_hallu/vidhalluc/data/STH_videos/STH/-UYmhq3Rjtc_dB31Es7Z-iU.mp4,resolved,yes,,True
sth,sth:YY8r5R_scho_-kkTpMU4QS8,YY8r5R_scho_-kkTpMU4QS8,/scratch/jp09/dd9648/datasets_video_hallu/vidhalluc/data/STH_videos/STH/YY8r5R_scho_-kkTpMU4QS8.mp4,resolved,yes,,True
sth,sth:p1-07VdP__Q_9UYLuL1Z1YQ,p1-07VdP__Q_9UYLuL1Z1YQ,/scratch/jp09/dd9648/datasets_video_hallu/vidhalluc/data/STH_videos/STH/p1-07VdP__Q_9UYLuL1Z1YQ.mp4,resolved,yes,,True
sth,sth:US3ZL2zhXgI_D1Ck6nksu8s,US3ZL2zhXgI_D1Ck6nksu8s,/scratch/jp09/dd9648/datasets_video_hallu/vidhalluc/data/STH_videos/STH/US3ZL2zhXgI_D1Ck6nksu8s.mp4,resolved,yes,,True
sth,sth:k7EVFW1nCNI_clip_2_3,k7EVFW1nCNI_clip_2_3,/scratch/jp09/dd9648/datasets_video_hallu/vidhalluc/data/TSH_videos/VidHalluc/data/TSH/k7EVFW1nCNI_clip_2_3.mp4|/scratch/jp09/dd9648/datasets_video_hallu/vidhalluc/data/STH_videos/STH/k7EVFW1nCNI_clip_2_3.mp4,ambiguous,no,video_ambiguous,True
sth,sth:Aww5-8rdUaU_Cis2EFd9m2U,Aww5-8rdUaU_Cis2EFd9m2U,/scratch/jp09/dd9648/datasets_video_hallu/vidhalluc/data/STH_videos/STH/Aww5-8rdUaU_Cis2EFd9m2U.mp4,resolved,yes,,True
sth,sth:P7u38mPg_t0_7UyMHUvallQ,P7u38mPg_t0_7UyMHUvallQ,/scratch/jp09/dd9648/datasets_video_hallu/vidhalluc/data/STH_videos/STH/P7u38mPg_t0_7UyMHUvallQ.mp4,resolved,yes,,True
sth,sth:12hZKc3FZOY_d6BOwxt0jg0,12hZKc3FZOY_d6BOwxt0jg0,/scratch/jp09/dd9648/datasets_video_hallu/vidhalluc/data/STH_videos/STH/12hZKc3FZOY_d6BOwxt0jg0.mp4,resolved,yes,,True
sth,sth:EzGGJLGgSl8_clip_4_6,EzGGJLGgSl8_clip_4_6,/scratch/jp09/dd9648/datasets_video_hallu/vidhalluc/data/STH_videos/STH/EzGGJLGgSl8_clip_4_6.mp4,resolved,no,,True
sth,sth:d6BOwxt0jg0_UF9tmT1Cqg8,d6BOwxt0jg0_UF9tmT1Cqg8,/scratch/jp09/dd9648/datasets_video_hallu/vidhalluc/data/STH_videos/STH/d6BOwxt0jg0_UF9tmT1Cqg8.mp4,resolved,yes,,True
sth,sth:KUL6f9Q5ER4_clip_2_5,KUL6f9Q5ER4_clip_2_5,/scratch/jp09/dd9648/datasets_video_hallu/vidhalluc/data/STH_videos/STH/KUL6f9Q5ER4_clip_2_5.mp4,resolved,no,,True
sth,sth:erFcYsC6JaY_YY8r5R_scho,erFcYsC6JaY_YY8r5R_scho,/scratch/jp09/dd9648/datasets_video_hallu/vidhalluc/data/STH_videos/STH/erFcYsC6JaY_YY8r5R_scho.mp4,resolved,yes,,True
sth,sth:pBpR17oDT8M_5akzQ9B7na8,pBpR17oDT8M_5akzQ9B7na8,/scratch/jp09/dd9648/datasets_video_hallu/vidhalluc/data/STH_videos/STH/pBpR17oDT8M_5akzQ9B7na8.mp4,resolved,yes,,True
sth,sth:JQl2zaUGNSU_clip_1_3,JQl2zaUGNSU_clip_1_3,/scratch/jp09/dd9648/datasets_video_hallu/vidhalluc/data/STH_videos/STH/JQl2zaUGNSU_clip_1_3.mp4,resolved,no,,True
sth,sth:G-vY8T7pSTM_clip_2_6,G-vY8T7pSTM_clip_2_6,/scratch/jp09/dd9648/datasets_video_hallu/vidhalluc/data/STH_videos/STH/G-vY8T7pSTM_clip_2_6.mp4,resolved,no,,True
sth,sth:kIYqf7kHzFU_56oHsMiQ8QY,kIYqf7kHzFU_56oHsMiQ8QY,/scratch/jp09/dd9648/datasets_video_hallu/vidhalluc/data/STH_videos/STH/kIYqf7kHzFU_56oHsMiQ8QY.mp4,resolved,yes,,True
sth,sth:KCIGy7lt_Og_clip_1_3,KCIGy7lt_Og_clip_1_3,/scratch/jp09/dd9648/datasets_video_hallu/vidhalluc/data/STH_videos/STH/KCIGy7lt_Og_clip_1_3.mp4,resolved,no,,True
sth,sth:1eI2-vhs0YY_2N8j_VGCrbs,1eI2-vhs0YY_2N8j_VGCrbs,/scratch/jp09/dd9648/datasets_video_hallu/vidhalluc/data/STH_videos/STH/1eI2-vhs0YY_2N8j_VGCrbs.mp4,resolved,yes,,True
sth,sth:tKWl-njXhP0_clip_3_8,tKWl-njXhP0_clip_3_8,/scratch/jp09/dd9648/datasets_video_hallu/vidhalluc/data/STH_videos/STH/tKWl-njXhP0_clip_3_8.mp4,resolved,no,,True
sth,sth:80C4GZenjZY_JVByRyvvPNk,80C4GZenjZY_JVByRyvvPNk,/scratch/jp09/dd9648/datasets_video_hallu/vidhalluc/data/STH_videos/STH/80C4GZenjZY_JVByRyvvPNk.mp4,resolved,yes,,True
sth,sth:cso2AXHdCOg_2N8j_VGCrbs,cso2AXHdCOg_2N8j_VGCrbs,/scratch/jp09/dd9648/datasets_video_hallu/vidhalluc/data/STH_videos/STH/cso2AXHdCOg_2N8j_VGCrbs.mp4,resolved,yes,,True
sth,sth:zWHu95io9B4_clip_1_7,zWHu95io9B4_clip_1_7,/scratch/jp09/dd9648/datasets_video_hallu/vidhalluc/data/STH_videos/STH/zWHu95io9B4_clip_1_7.mp4,resolved,no,,True
sth,sth:tcPeQKJMTOk_clip_1_4,tcPeQKJMTOk_clip_1_4,/scratch/jp09/dd9648/datasets_video_hallu/vidhalluc/data/STH_videos/STH/tcPeQKJMTOk_clip_1_4.mp4,resolved,no,,True
sth,sth:Fa1c4qfBqzE_jYTg7dmsrpo,Fa1c4qfBqzE_jYTg7dmsrpo,/scratch/jp09/dd9648/datasets_video_hallu/vidhalluc/data/STH_videos/STH/Fa1c4qfBqzE_jYTg7dmsrpo.mp4,resolved,yes,,True
sth,sth:fVxcaUv0jPE_phcb_32Cmbo,fVxcaUv0jPE_phcb_32Cmbo,/scratch/jp09/dd9648/datasets_video_hallu/vidhalluc/data/STH_videos/STH/fVxcaUv0jPE_phcb_32Cmbo.mp4,resolved,yes,,True
sth,sth:BBFNKdwEA5w_M61Lfr2fI9s,BBFNKdwEA5w_M61Lfr2fI9s,/scratch/jp09/dd9648/datasets_video_hallu/vidhalluc/data/STH_videos/STH/BBFNKdwEA5w_M61Lfr2fI9s.mp4,resolved,yes,,True
sth,sth:d6BOwxt0jg0_12hZKc3FZOY,d6BOwxt0jg0_12hZKc3FZOY,/scratch/jp09/dd9648/datasets_video_hallu/vidhalluc/data/STH_videos/STH/d6BOwxt0jg0_12hZKc3FZOY.mp4,resolved,yes,,True
sth,sth:zbOnhbcikz0_clip_11_6,zbOnhbcikz0_clip_11_6,/scratch/jp09/dd9648/datasets_video_hallu/vidhalluc/data/STH_videos/STH/zbOnhbcikz0_clip_11_6.mp4,resolved,no,,True
sth,sth:9-hB_1taG0o_clip_4_5,9-hB_1taG0o_clip_4_5,/scratch/jp09/dd9648/datasets_video_hallu/vidhalluc/data/TSH_videos/VidHalluc/data/TSH/9-hB_1taG0o_clip_4_5.mp4|/scratch/jp09/dd9648/datasets_video_hallu/vidhalluc/data/STH_videos/STH/9-hB_1taG0o_clip_4_5.mp4,ambiguous,no,video_ambiguous,True
sth,sth:cCAct_Q8QTw_clip_1_2,cCAct_Q8QTw_clip_1_2,/scratch/jp09/dd9648/datasets_video_hallu/vidhalluc/data/TSH_videos/VidHalluc/data/TSH/cCAct_Q8QTw_clip_1_2.mp4|/scratch/jp09/dd9648/datasets_video_hallu/vidhalluc/data/STH_videos/STH/cCAct_Q8QTw_clip_1_2.mp4,ambiguous,no,video_ambiguous,True
sth,sth:wJ4b37dPlgI_clip_1_3,wJ4b37dPlgI_clip_1_3,/scratch/jp09/dd9648/datasets_video_hallu/vidhalluc/data/STH_videos/STH/wJ4b37dPlgI_clip_1_3.mp4,resolved,no,,True
sth,sth:SwaMPxI4Nck_w575zJlpH5c,SwaMPxI4Nck_w575zJlpH5c,/scratch/jp09/dd9648/datasets_video_hallu/vidhalluc/data/STH_videos/STH/SwaMPxI4Nck_w575zJlpH5c.mp4,resolved,yes,,True
sth,sth:Ek9VKTa-5gI_o9nKX542J9c,Ek9VKTa-5gI_o9nKX542J9c,/scratch/jp09/dd9648/datasets_video_hallu/vidhalluc/data/STH_videos/STH/Ek9VKTa-5gI_o9nKX542J9c.mp4,resolved,yes,,True
sth,sth:SRdsaqpnfd4_clip_4_8,SRdsaqpnfd4_clip_4_8,/scratch/jp09/dd9648/datasets_video_hallu/vidhalluc/data/STH_videos/STH/SRdsaqpnfd4_clip_4_8.mp4,resolved,no,,True
sth,sth:Z2rMIZs3j8M_SMbC5fOIsok,Z2rMIZs3j8M_SMbC5fOIsok,/scratch/jp09/dd9648/datasets_video_hallu/vidhalluc/data/STH_videos/STH/Z2rMIZs3j8M_SMbC5fOIsok.mp4,resolved,yes,,True
sth,sth:BkjvDGA8_94_WkU6zXSeKH8,BkjvDGA8_94_WkU6zXSeKH8,/scratch/jp09/dd9648/datasets_video_hallu/vidhalluc/data/STH_videos/STH/BkjvDGA8_94_WkU6zXSeKH8.mp4,resolved,yes,,True
sth,sth:6psjy93yoTA_n9hp1D7WulI,6psjy93yoTA_n9hp1D7WulI,/scratch/jp09/dd9648/datasets_video_hallu/vidhalluc/data/STH_videos/STH/6psjy93yoTA_n9hp1D7WulI.mp4,resolved,yes,,True
sth,sth:8Aw2iv6edkk_clip_2_9,8Aw2iv6edkk_clip_2_9,/scratch/jp09/dd9648/datasets_video_hallu/vidhalluc/data/STH_videos/STH/8Aw2iv6edkk_clip_2_9.mp4,resolved,no,,True
sth,sth:yQW_wdSNINc_Cbp2CE9Zkeg,yQW_wdSNINc_Cbp2CE9Zkeg,/scratch/jp09/dd9648/datasets_video_hallu/vidhalluc/data/STH_videos/STH/yQW_wdSNINc_Cbp2CE9Zkeg.mp4,resolved,yes,,True
sth,sth:Aww5-8rdUaU_aOVPHKqKjyQ,Aww5-8rdUaU_aOVPHKqKjyQ,/scratch/jp09/dd9648/datasets_video_hallu/vidhalluc/data/STH_videos/STH/Aww5-8rdUaU_aOVPHKqKjyQ.mp4,resolved,yes,,True
sth,sth:zQFbu9kMk94_lQZKiYQjMro,zQFbu9kMk94_lQZKiYQjMro,/scratch/jp09/dd9648/datasets_video_hallu/vidhalluc/data/STH_videos/STH/zQFbu9kMk94_lQZKiYQjMro.mp4,resolved,yes,,True
sth,sth:ksSC0Fnjg00_clip_5_7,ksSC0Fnjg00_clip_5_7,/scratch/jp09/dd9648/datasets_video_hallu/vidhalluc/data/STH_videos/STH/ksSC0Fnjg00_clip_5_7.mp4,resolved,no,,True
sth,sth:PQpX_4LEFKA_enxoWn8D8Ts,PQpX_4LEFKA_enxoWn8D8Ts,/scratch/jp09/dd9648/datasets_video_hallu/vidhalluc/data/STH_videos/STH/PQpX_4LEFKA_enxoWn8D8Ts.mp4,resolved,yes,,True
sth,sth:E0OTIGSB090_M61Lfr2fI9s,E0OTIGSB090_M61Lfr2fI9s,/scratch/jp09/dd9648/datasets_video_hallu/vidhalluc/data/STH_videos/STH/E0OTIGSB090_M61Lfr2fI9s.mp4,resolved,yes,,True
sth,sth:Vyrq2i3R_Sk_clip_3_9,Vyrq2i3R_Sk_clip_3_9,/scratch/jp09/dd9648/datasets_video_hallu/vidhalluc/data/STH_videos/STH/Vyrq2i3R_Sk_clip_3_9.mp4,resolved,no,,True
sth,sth:C1O7V0jiiNw_OJpQgSZ49tk,C1O7V0jiiNw_OJpQgSZ49tk,/scratch/jp09/dd9648/datasets_video_hallu/vidhalluc/data/STH_videos/STH/C1O7V0jiiNw_OJpQgSZ49tk.mp4,resolved,yes,,True
sth,sth:8PFyEtZgSUs_clip_4_6,8PFyEtZgSUs_clip_4_6,/scratch/jp09/dd9648/datasets_video_hallu/vidhalluc/data/STH_videos/STH/8PFyEtZgSUs_clip_4_6.mp4,resolved,no,,True
sth,sth:a33P6Woqnsk_clip_2_7,a33P6Woqnsk_clip_2_7,/scratch/jp09/dd9648/datasets_video_hallu/vidhalluc/data/STH_videos/STH/a33P6Woqnsk_clip_2_7.mp4,resolved,no,,True
sth,sth:uUqFphdLQ6g_clip_1_4,uUqFphdLQ6g_clip_1_4,/scratch/jp09/dd9648/datasets_video_hallu/vidhalluc/data/STH_videos/STH/uUqFphdLQ6g_clip_1_4.mp4,resolved,no,,True
sth,sth:aLnpHdhIqWE_gCHF0oBPZv8,aLnpHdhIqWE_gCHF0oBPZv8,/scratch/jp09/dd9648/datasets_video_hallu/vidhalluc/data/STH_videos/STH/aLnpHdhIqWE_gCHF0oBPZv8.mp4,resolved,yes,,True
sth,sth:I2AbLUtNSMI_clip_5_6,I2AbLUtNSMI_clip_5_6,/scratch/jp09/dd9648/datasets_video_hallu/vidhalluc/data/TSH_videos/VidHalluc/data/TSH/I2AbLUtNSMI_clip_5_6.mp4|/scratch/jp09/dd9648/datasets_video_hallu/vidhalluc/data/STH_videos/STH/I2AbLUtNSMI_clip_5_6.mp4,ambiguous,no,video_ambiguous,True
sth,sth:xQVmVBO8YJc_ky3NWEfOV4Y,xQVmVBO8YJc_ky3NWEfOV4Y,/scratch/jp09/dd9648/datasets_video_hallu/vidhalluc/data/STH_videos/STH/xQVmVBO8YJc_ky3NWEfOV4Y.mp4,resolved,yes,,True
sth,sth:ztwD5V4fv54_IZmHbeWdsk8,ztwD5V4fv54_IZmHbeWdsk8,/scratch/jp09/dd9648/datasets_video_hallu/vidhalluc/data/STH_videos/STH/ztwD5V4fv54_IZmHbeWdsk8.mp4,resolved,yes,,True
sth,sth:VwBJ230pjSk_clip_3_7,VwBJ230pjSk_clip_3_7,/scratch/jp09/dd9648/datasets_video_hallu/vidhalluc/data/STH_videos/STH/VwBJ230pjSk_clip_3_7.mp4,resolved,no,,True
sth,sth:fhAAzi6MSXw_2Cu_AdrrMks,fhAAzi6MSXw_2Cu_AdrrMks,/scratch/jp09/dd9648/datasets_video_hallu/vidhalluc/data/STH_videos/STH/fhAAzi6MSXw_2Cu_AdrrMks.mp4,resolved,yes,,True
sth,sth:KOVw582M79I_F0iagDD7iQI,KOVw582M79I_F0iagDD7iQI,/scratch/jp09/dd9648/datasets_video_hallu/vidhalluc/data/STH_videos/STH/KOVw582M79I_F0iagDD7iQI.mp4,resolved,yes,,True
sth,sth:qDXFW2kemrE_5GQW_-DdCUg,qDXFW2kemrE_5GQW_-DdCUg,/scratch/jp09/dd9648/datasets_video_hallu/vidhalluc/data/STH_videos/STH/qDXFW2kemrE_5GQW_-DdCUg.mp4,resolved,yes,,True
sth,sth:o9nKX542J9c_Ek9VKTa-5gI,o9nKX542J9c_Ek9VKTa-5gI,/scratch/jp09/dd9648/datasets_video_hallu/vidhalluc/data/STH_videos/STH/o9nKX542J9c_Ek9VKTa-5gI.mp4,resolved,yes,,True
sth,sth:TvQjlIaAssw_clip_4_5,TvQjlIaAssw_clip_4_5,/scratch/jp09/dd9648/datasets_video_hallu/vidhalluc/data/TSH_videos/VidHalluc/data/TSH/TvQjlIaAssw_clip_4_5.mp4|/scratch/jp09/dd9648/datasets_video_hallu/vidhalluc/data/STH_videos/STH/TvQjlIaAssw_clip_4_5.mp4,ambiguous,no,video_ambiguous,True
sth,sth:2N8j_VGCrbs_cso2AXHdCOg,2N8j_VGCrbs_cso2AXHdCOg,/scratch/jp09/dd9648/datasets_video_hallu/vidhalluc/data/STH_videos/STH/2N8j_VGCrbs_cso2AXHdCOg.mp4,resolved,yes,,True
sth,sth:qM87YLq8G8U_s1eMgmzCMDM,qM87YLq8G8U_s1eMgmzCMDM,/scratch/jp09/dd9648/datasets_video_hallu/vidhalluc/data/STH_videos/STH/qM87YLq8G8U_s1eMgmzCMDM.mp4,resolved,yes,,True
sth,sth:ynrj3K7SF4E_V23UiMHeJF4,ynrj3K7SF4E_V23UiMHeJF4,/scratch/jp09/dd9648/datasets_video_hallu/vidhalluc/data/STH_videos/STH/ynrj3K7SF4E_V23UiMHeJF4.mp4,resolved,yes,,True
sth,sth:6D6wLmnNpY8_TYFkiyNIDWU,6D6wLmnNpY8_TYFkiyNIDWU,/scratch/jp09/dd9648/datasets_video_hallu/vidhalluc/data/STH_videos/STH/6D6wLmnNpY8_TYFkiyNIDWU.mp4,resolved,yes,,True
sth,sth:sq7BX3A3QXQ_LTMCyU1OSi4,sq7BX3A3QXQ_LTMCyU1OSi4,/scratch/jp09/dd9648/datasets_video_hallu/vidhalluc/data/STH_videos/STH/sq7BX3A3QXQ_LTMCyU1OSi4.mp4,resolved,yes,,True
sth,sth:ofaghkdG2pU_clip_3_6,ofaghkdG2pU_clip_3_6,/scratch/jp09/dd9648/datasets_video_hallu/vidhalluc/data/STH_videos/STH/ofaghkdG2pU_clip_3_6.mp4,resolved,no,,True
sth,sth:IZmHbeWdsk8_oZAgHL9zpGM,IZmHbeWdsk8_oZAgHL9zpGM,/scratch/jp09/dd9648/datasets_video_hallu/vidhalluc/data/STH_videos/STH/IZmHbeWdsk8_oZAgHL9zpGM.mp4,resolved,yes,,True
sth,sth:0he6VV5Y9Bg_NOZsDTFLm7M,0he6VV5Y9Bg_NOZsDTFLm7M,/scratch/jp09/dd9648/datasets_video_hallu/vidhalluc/data/STH_videos/STH/0he6VV5Y9Bg_NOZsDTFLm7M.mp4,resolved,yes,,True
sth,sth:zMrDtnzoSiw_clip_11_4,zMrDtnzoSiw_clip_11_4,/scratch/jp09/dd9648/datasets_video_hallu/vidhalluc/data/STH_videos/STH/zMrDtnzoSiw_clip_11_4.mp4,resolved,no,,True
sth,sth:5akzQ9B7na8_pBpR17oDT8M,5akzQ9B7na8_pBpR17oDT8M,/scratch/jp09/dd9648/datasets_video_hallu/vidhalluc/data/STH_videos/STH/5akzQ9B7na8_pBpR17oDT8M.mp4,resolved,yes,,True
sth,sth:elenxCpnd3M_1eI2-vhs0YY,elenxCpnd3M_1eI2-vhs0YY,/scratch/jp09/dd9648/datasets_video_hallu/vidhalluc/data/STH_videos/STH/elenxCpnd3M_1eI2-vhs0YY.mp4,resolved,yes,,True
sth,sth:qxSUbk742Ag_clip_4_6,qxSUbk742Ag_clip_4_6,/scratch/jp09/dd9648/datasets_video_hallu/vidhalluc/data/STH_videos/STH/qxSUbk742Ag_clip_4_6.mp4,resolved,no,,True
sth,sth:2N8j_VGCrbs_1eI2-vhs0YY,2N8j_VGCrbs_1eI2-vhs0YY,/scratch/jp09/dd9648/datasets_video_hallu/vidhalluc/data/STH_videos/STH/2N8j_VGCrbs_1eI2-vhs0YY.mp4,resolved,yes,,True
sth,sth:UHmKlQ2OkTM_clip_10_4,UHmKlQ2OkTM_clip_10_4,/scratch/jp09/dd9648/datasets_video_hallu/vidhalluc/data/STH_videos/STH/UHmKlQ2OkTM_clip_10_4.mp4,resolved,no,,True
sth,sth:VqhadF_q2Tw_5E_8bEnP43Y,VqhadF_q2Tw_5E_8bEnP43Y,/scratch/jp09/dd9648/datasets_video_hallu/vidhalluc/data/STH_videos/STH/VqhadF_q2Tw_5E_8bEnP43Y.mp4,resolved,yes,,True
sth,sth:ux7HhOxMRE4_Cu3D2_yZsls,ux7HhOxMRE4_Cu3D2_yZsls,/scratch/jp09/dd9648/datasets_video_hallu/vidhalluc/data/STH_videos/STH/ux7HhOxMRE4_Cu3D2_yZsls.mp4,resolved,yes,,True
sth,sth:F0iagDD7iQI_KOVw582M79I,F0iagDD7iQI_KOVw582M79I,/scratch/jp09/dd9648/datasets_video_hallu/vidhalluc/data/STH_videos/STH/F0iagDD7iQI_KOVw582M79I.mp4,resolved,yes,,True
sth,sth:D95guPY38bc_clip_1_6,D95guPY38bc_clip_1_6,/scratch/jp09/dd9648/datasets_video_hallu/vidhalluc/data/STH_videos/STH/D95guPY38bc_clip_1_6.mp4,resolved,no,,True
sth,sth:cwsDQ7M5OTI_clip_3_6,cwsDQ7M5OTI_clip_3_6,/scratch/jp09/dd9648/datasets_video_hallu/vidhalluc/data/STH_videos/STH/cwsDQ7M5OTI_clip_3_6.mp4,resolved,no,,True
sth,sth:JNmvpzXCISY_um4-iLnrrXw,JNmvpzXCISY_um4-iLnrrXw,/scratch/jp09/dd9648/datasets_video_hallu/vidhalluc/data/STH_videos/STH/JNmvpzXCISY_um4-iLnrrXw.mp4,resolved,yes,,True
sth,sth:Cu3D2_yZsls_ux7HhOxMRE4,Cu3D2_yZsls_ux7HhOxMRE4,/scratch/jp09/dd9648/datasets_video_hallu/vidhalluc/data/STH_videos/STH/Cu3D2_yZsls_ux7HhOxMRE4.mp4,resolved,yes,,True
sth,sth:-RZ01HFrafg_kjRaoBHgWXQ,-RZ01HFrafg_kjRaoBHgWXQ,/scratch/jp09/dd9648/datasets_video_hallu/vidhalluc/data/STH_videos/STH/-RZ01HFrafg_kjRaoBHgWXQ.mp4,resolved,yes,,True
sth,sth:okJ-HfG41YQ_dIMdZ0USZsI,okJ-HfG41YQ_dIMdZ0USZsI,/scratch/jp09/dd9648/datasets_video_hallu/vidhalluc/data/STH_videos/STH/okJ-HfG41YQ_dIMdZ0USZsI.mp4,resolved,yes,,True
sth,sth:R96CUaMwGME_clip_1_3,R96CUaMwGME_clip_1_3,/scratch/jp09/dd9648/datasets_video_hallu/vidhalluc/data/STH_videos/STH/R96CUaMwGME_clip_1_3.mp4,resolved,no,,True
sth,sth:2VzLjiTGU9g_clip_1_6,2VzLjiTGU9g_clip_1_6,/scratch/jp09/dd9648/datasets_video_hallu/vidhalluc/data/STH_videos/STH/2VzLjiTGU9g_clip_1_6.mp4,resolved,no,,True
sth,sth:jgeZjmXCDiw_clip_7_9,jgeZjmXCDiw_clip_7_9,/scratch/jp09/dd9648/datasets_video_hallu/vidhalluc/data/STH_videos/STH/jgeZjmXCDiw_clip_7_9.mp4,resolved,no,,True
sth,sth:nzH74JoLMPI_clip_6_9,nzH74JoLMPI_clip_6_9,/scratch/jp09/dd9648/datasets_video_hallu/vidhalluc/data/STH_videos/STH/nzH74JoLMPI_clip_6_9.mp4,resolved,no,,True
sth,sth:hRHKxyErgZw_do1y1bkL14M,hRHKxyErgZw_do1y1bkL14M,/scratch/jp09/dd9648/datasets_video_hallu/vidhalluc/data/STH_videos/STH/hRHKxyErgZw_do1y1bkL14M.mp4,resolved,yes,,True
sth,sth:qwmcAKJ_Cew_s7XlNkUd-Kk,qwmcAKJ_Cew_s7XlNkUd-Kk,/scratch/jp09/dd9648/datasets_video_hallu/vidhalluc/data/STH_videos/STH/qwmcAKJ_Cew_s7XlNkUd-Kk.mp4,resolved,yes,,True
sth,sth:V23UiMHeJF4_ynrj3K7SF4E,V23UiMHeJF4_ynrj3K7SF4E,/scratch/jp09/dd9648/datasets_video_hallu/vidhalluc/data/STH_videos/STH/V23UiMHeJF4_ynrj3K7SF4E.mp4,resolved,yes,,True
sth,sth:esqgBv1AG1Q_clip_3_8,esqgBv1AG1Q_clip_3_8,/scratch/jp09/dd9648/datasets_video_hallu/vidhalluc/data/STH_videos/STH/esqgBv1AG1Q_clip_3_8.mp4,resolved,no,,True
sth,sth:9RRHAydI_xk_clip_3_5,9RRHAydI_xk_clip_3_5,/scratch/jp09/dd9648/datasets_video_hallu/vidhalluc/data/STH_videos/STH/9RRHAydI_xk_clip_3_5.mp4,resolved,no,,True
sth,sth:8-D_LgbKshE_B3q2wHpzhoM,8-D_LgbKshE_B3q2wHpzhoM,/scratch/jp09/dd9648/datasets_video_hallu/vidhalluc/data/STH_videos/STH/8-D_LgbKshE_B3q2wHpzhoM.mp4,resolved,yes,,True
sth,sth:C_6yMh3tEQk_clip_1_7,C_6yMh3tEQk_clip_1_7,/scratch/jp09/dd9648/datasets_video_hallu/vidhalluc/data/STH_videos/STH/C_6yMh3tEQk_clip_1_7.mp4,resolved,no,,True
sth,sth:umveZyJ1h1s_clip_12_2,umveZyJ1h1s_clip_12_2,/scratch/jp09/dd9648/datasets_video_hallu/vidhalluc/data/STH_videos/STH/umveZyJ1h1s_clip_12_2.mp4,resolved,no,,True
sth,sth:EizSoy7Ztto_clip_6_8,EizSoy7Ztto_clip_6_8,/scratch/jp09/dd9648/datasets_video_hallu/vidhalluc/data/STH_videos/STH/EizSoy7Ztto_clip_6_8.mp4,resolved,no,,True
sth,sth:DsKNKsXCLJw_clip_4_9,DsKNKsXCLJw_clip_4_9,/scratch/jp09/dd9648/datasets_video_hallu/vidhalluc/data/STH_videos/STH/DsKNKsXCLJw_clip_4_9.mp4,resolved,no,,True
sth,sth:IZmHbeWdsk8_PcyETECSXGM,IZmHbeWdsk8_PcyETECSXGM,/scratch/jp09/dd9648/datasets_video_hallu/vidhalluc/data/STH_videos/STH/IZmHbeWdsk8_PcyETECSXGM.mp4,resolved,yes,,True
sth,sth:tqwlTctyIEI_ABCUrbSmLuo,tqwlTctyIEI_ABCUrbSmLuo,/scratch/jp09/dd9648/datasets_video_hallu/vidhalluc/data/STH_videos/STH/tqwlTctyIEI_ABCUrbSmLuo.mp4,resolved,yes,,True
sth,sth:xiiu9ua4MPE_clip_2_9,xiiu9ua4MPE_clip_2_9,/scratch/jp09/dd9648/datasets_video_hallu/vidhalluc/data/STH_videos/STH/xiiu9ua4MPE_clip_2_9.mp4,resolved,no,,True
sth,sth:5WXA1R5jCvs_5akzQ9B7na8,5WXA1R5jCvs_5akzQ9B7na8,/scratch/jp09/dd9648/datasets_video_hallu/vidhalluc/data/STH_videos/STH/5WXA1R5jCvs_5akzQ9B7na8.mp4,resolved,yes,,True
sth,sth:6c7WtnF5XWg_clip_1_3,6c7WtnF5XWg_clip_1_3,/scratch/jp09/dd9648/datasets_video_hallu/vidhalluc/data/STH_videos/STH/6c7WtnF5XWg_clip_1_3.mp4,resolved,no,,True
sth,sth:1BgVCXxPjIc_clip_3_4,1BgVCXxPjIc_clip_3_4,/scratch/jp09/dd9648/datasets_video_hallu/vidhalluc/data/TSH_videos/VidHalluc/data/TSH/1BgVCXxPjIc_clip_3_4.mp4|/scratch/jp09/dd9648/datasets_video_hallu/vidhalluc/data/STH_videos/STH/1BgVCXxPjIc_clip_3_4.mp4,ambiguous,no,video_ambiguous,True
sth,sth:-kkTpMU4QS8_qDXFW2kemrE,-kkTpMU4QS8_qDXFW2kemrE,/scratch/jp09/dd9648/datasets_video_hallu/vidhalluc/data/STH_videos/STH/-kkTpMU4QS8_qDXFW2kemrE.mp4,resolved,yes,,True
sth,sth:dlZ8WXf3e_g_IZmHbeWdsk8,dlZ8WXf3e_g_IZmHbeWdsk8,/scratch/jp09/dd9648/datasets_video_hallu/vidhalluc/data/STH_videos/STH/dlZ8WXf3e_g_IZmHbeWdsk8.mp4,resolved,yes,,True
sth,sth:0VaYabFg-6E_clip_11_6,0VaYabFg-6E_clip_11_6,/scratch/jp09/dd9648/datasets_video_hallu/vidhalluc/data/STH_videos/STH/0VaYabFg-6E_clip_11_6.mp4,resolved,no,,True
sth,sth:Cis2EFd9m2U_NAypGTZJhyE,Cis2EFd9m2U_NAypGTZJhyE,/scratch/jp09/dd9648/datasets_video_hallu/vidhalluc/data/STH_videos/STH/Cis2EFd9m2U_NAypGTZJhyE.mp4,resolved,yes,,True
sth,sth:11Pn3yJifSQ_9_rQrzfoKGU,11Pn3yJifSQ_9_rQrzfoKGU,/scratch/jp09/dd9648/datasets_video_hallu/vidhalluc/data/STH_videos/STH/11Pn3yJifSQ_9_rQrzfoKGU.mp4,resolved,yes,,True
sth,sth:LqCDIssigHo_clip_12_7,LqCDIssigHo_clip_12_7,/scratch/jp09/dd9648/datasets_video_hallu/vidhalluc/data/STH_videos/STH/LqCDIssigHo_clip_12_7.mp4,resolved,no,,True
sth,sth:OJpQgSZ49tk_C1O7V0jiiNw,OJpQgSZ49tk_C1O7V0jiiNw,/scratch/jp09/dd9648/datasets_video_hallu/vidhalluc/data/STH_videos/STH/OJpQgSZ49tk_C1O7V0jiiNw.mp4,resolved,yes,,True
sth,sth:_7biIt2WwFA_clip_1_3,_7biIt2WwFA_clip_1_3,/scratch/jp09/dd9648/datasets_video_hallu/vidhalluc/data/STH_videos/STH/_7biIt2WwFA_clip_1_3.mp4,resolved,no,,True
sth,sth:v-GtKLHLmsU_clip_1_4,v-GtKLHLmsU_clip_1_4,/scratch/jp09/dd9648/datasets_video_hallu/vidhalluc/data/STH_videos/STH/v-GtKLHLmsU_clip_1_4.mp4,resolved,no,,True
sth,sth:q838lUfyL-E_BvQz8thsH1A,q838lUfyL-E_BvQz8thsH1A,/scratch/jp09/dd9648/datasets_video_hallu/vidhalluc/data/STH_videos/STH/q838lUfyL-E_BvQz8thsH1A.mp4,resolved,yes,,True
sth,sth:mYuaLETWuHo_5MFIVBfcVFE,mYuaLETWuHo_5MFIVBfcVFE,/scratch/jp09/dd9648/datasets_video_hallu/vidhalluc/data/STH_videos/STH/mYuaLETWuHo_5MFIVBfcVFE.mp4,resolved,yes,,True
sth,sth:u2AaeUx5cMw_dB31Es7Z-iU,u2AaeUx5cMw_dB31Es7Z-iU,/scratch/jp09/dd9648/datasets_video_hallu/vidhalluc/data/STH_videos/STH/u2AaeUx5cMw_dB31Es7Z-iU.mp4,resolved,yes,,True
sth,sth:J6j0B9hK2Sk_clip_3_8,J6j0B9hK2Sk_clip_3_8,/scratch/jp09/dd9648/datasets_video_hallu/vidhalluc/data/STH_videos/STH/J6j0B9hK2Sk_clip_3_8.mp4,resolved,no,,True
sth,sth:WkU6zXSeKH8_BkjvDGA8_94,WkU6zXSeKH8_BkjvDGA8_94,/scratch/jp09/dd9648/datasets_video_hallu/vidhalluc/data/STH_videos/STH/WkU6zXSeKH8_BkjvDGA8_94.mp4,resolved,yes,,True
sth,sth:-kkTpMU4QS8_VXgDXrF6wKM,-kkTpMU4QS8_VXgDXrF6wKM,/scratch/jp09/dd9648/datasets_video_hallu/vidhalluc/data/STH_videos/STH/-kkTpMU4QS8_VXgDXrF6wKM.mp4,resolved,yes,,True
sth,sth:HbeeisFR014_ynrj3K7SF4E,HbeeisFR014_ynrj3K7SF4E,/scratch/jp09/dd9648/datasets_video_hallu/vidhalluc/data/STH_videos/STH/HbeeisFR014_ynrj3K7SF4E.mp4,resolved,yes,,True
sth,sth:CkBZ2aNBA0E_9Ijpv6e57a4,CkBZ2aNBA0E_9Ijpv6e57a4,/scratch/jp09/dd9648/datasets_video_hallu/vidhalluc/data/STH_videos/STH/CkBZ2aNBA0E_9Ijpv6e57a4.mp4,resolved,yes,,True
sth,sth:AEpS4UBE6ds_clip_3_8,AEpS4UBE6ds_clip_3_8,/scratch/jp09/dd9648/datasets_video_hallu/vidhalluc/data/STH_videos/STH/AEpS4UBE6ds_clip_3_8.mp4,resolved,no,,True
sth,sth:XMX_DmycSY0_clip_2_5,XMX_DmycSY0_clip_2_5,/scratch/jp09/dd9648/datasets_video_hallu/vidhalluc/data/STH_videos/STH/XMX_DmycSY0_clip_2_5.mp4,resolved,no,,True
sth,sth:GpvxsJ4afaQ_kIYqf7kHzFU,GpvxsJ4afaQ_kIYqf7kHzFU,/scratch/jp09/dd9648/datasets_video_hallu/vidhalluc/data/STH_videos/STH/GpvxsJ4afaQ_kIYqf7kHzFU.mp4,resolved,yes,,True
sth,sth:L4tdvpago7s_clip_3_4,L4tdvpago7s_clip_3_4,/scratch/jp09/dd9648/datasets_video_hallu/vidhalluc/data/TSH_videos/VidHalluc/data/TSH/L4tdvpago7s_clip_3_4.mp4|/scratch/jp09/dd9648/datasets_video_hallu/vidhalluc/data/STH_videos/STH/L4tdvpago7s_clip_3_4.mp4,ambiguous,no,video_ambiguous,True
sth,sth:Fx4Ao1oF2kI_gvnuZxPdwPc,Fx4Ao1oF2kI_gvnuZxPdwPc,/scratch/jp09/dd9648/datasets_video_hallu/vidhalluc/data/STH_videos/STH/Fx4Ao1oF2kI_gvnuZxPdwPc.mp4,resolved,yes,,True
sth,sth:45mgcWx16mM_clip_1_4,45mgcWx16mM_clip_1_4,/scratch/jp09/dd9648/datasets_video_hallu/vidhalluc/data/STH_videos/STH/45mgcWx16mM_clip_1_4.mp4,resolved,no,,True
sth,sth:8OKAwDv20R8_Qt1aCUq51ns,8OKAwDv20R8_Qt1aCUq51ns,/scratch/jp09/dd9648/datasets_video_hallu/vidhalluc/data/STH_videos/STH/8OKAwDv20R8_Qt1aCUq51ns.mp4,resolved,yes,,True
sth,sth:56oHsMiQ8QY_kIYqf7kHzFU,56oHsMiQ8QY_kIYqf7kHzFU,/scratch/jp09/dd9648/datasets_video_hallu/vidhalluc/data/STH_videos/STH/56oHsMiQ8QY_kIYqf7kHzFU.mp4,resolved,yes,,True
sth,sth:Cis2EFd9m2U_Aww5-8rdUaU,Cis2EFd9m2U_Aww5-8rdUaU,/scratch/jp09/dd9648/datasets_video_hallu/vidhalluc/data/STH_videos/STH/Cis2EFd9m2U_Aww5-8rdUaU.mp4,resolved,yes,,True
sth,sth:B3q2wHpzhoM_8-D_LgbKshE,B3q2wHpzhoM_8-D_LgbKshE,/scratch/jp09/dd9648/datasets_video_hallu/vidhalluc/data/STH_videos/STH/B3q2wHpzhoM_8-D_LgbKshE.mp4,resolved,yes,,True
sth,sth:Cgyi5kaU7Qc_clip_11_7,Cgyi5kaU7Qc_clip_11_7,/scratch/jp09/dd9648/datasets_video_hallu/vidhalluc/data/STH_videos/STH/Cgyi5kaU7Qc_clip_11_7.mp4,resolved,no,,True
sth,sth:MIexFfOsuJs_xNn2UdI-kvA,MIexFfOsuJs_xNn2UdI-kvA,/scratch/jp09/dd9648/datasets_video_hallu/vidhalluc/data/STH_videos/STH/MIexFfOsuJs_xNn2UdI-kvA.mp4,resolved,yes,,True
sth,sth:M61Lfr2fI9s_BBFNKdwEA5w,M61Lfr2fI9s_BBFNKdwEA5w,/scratch/jp09/dd9648/datasets_video_hallu/vidhalluc/data/STH_videos/STH/M61Lfr2fI9s_BBFNKdwEA5w.mp4,resolved,yes,,True
sth,sth:C67CT1mdkzI_clip_4_9,C67CT1mdkzI_clip_4_9,/scratch/jp09/dd9648/datasets_video_hallu/vidhalluc/data/STH_videos/STH/C67CT1mdkzI_clip_4_9.mp4,resolved,no,,True
sth,sth:M61Lfr2fI9s_E0OTIGSB090,M61Lfr2fI9s_E0OTIGSB090,/scratch/jp09/dd9648/datasets_video_hallu/vidhalluc/data/STH_videos/STH/M61Lfr2fI9s_E0OTIGSB090.mp4,resolved,yes,,True
sth,sth:2aFTuTVFkEw_cp8t27oT_ww,2aFTuTVFkEw_cp8t27oT_ww,/scratch/jp09/dd9648/datasets_video_hallu/vidhalluc/data/STH_videos/STH/2aFTuTVFkEw_cp8t27oT_ww.mp4,resolved,yes,,True
sth,sth:_HYoidFnb5w_clip_1_5,_HYoidFnb5w_clip_1_5,/scratch/jp09/dd9648/datasets_video_hallu/vidhalluc/data/STH_videos/STH/_HYoidFnb5w_clip_1_5.mp4,resolved,no,,True
sth,sth:seLgqS2A_y0_clip_11_3,seLgqS2A_y0_clip_11_3,/scratch/jp09/dd9648/datasets_video_hallu/vidhalluc/data/STH_videos/STH/seLgqS2A_y0_clip_11_3.mp4,resolved,no,,True
sth,sth:yLJMpYQg_gA_clip_2_4,yLJMpYQg_gA_clip_2_4,/scratch/jp09/dd9648/datasets_video_hallu/vidhalluc/data/STH_videos/STH/yLJMpYQg_gA_clip_2_4.mp4,resolved,no,,True
sth,sth:-r1H8hBeYmw_s1eMgmzCMDM,-r1H8hBeYmw_s1eMgmzCMDM,/scratch/jp09/dd9648/datasets_video_hallu/vidhalluc/data/STH_videos/STH/-r1H8hBeYmw_s1eMgmzCMDM.mp4,resolved,yes,,True
sth,sth:ABCUrbSmLuo_0T45fkKkCCk,ABCUrbSmLuo_0T45fkKkCCk,/scratch/jp09/dd9648/datasets_video_hallu/vidhalluc/data/STH_videos/STH/ABCUrbSmLuo_0T45fkKkCCk.mp4,resolved,yes,,True
sth,sth:UfWND-lc4sc_clip_4_6,UfWND-lc4sc_clip_4_6,/scratch/jp09/dd9648/datasets_video_hallu/vidhalluc/data/STH_videos/STH/UfWND-lc4sc_clip_4_6.mp4,resolved,no,,True
sth,sth:YY8r5R_scho_z6M5q5DhPQk,YY8r5R_scho_z6M5q5DhPQk,/scratch/jp09/dd9648/datasets_video_hallu/vidhalluc/data/STH_videos/STH/YY8r5R_scho_z6M5q5DhPQk.mp4,resolved,yes,,True
sth,sth:baADET8QDUA_-UGmXiQ8yiY,baADET8QDUA_-UGmXiQ8yiY,/scratch/jp09/dd9648/datasets_video_hallu/vidhalluc/data/STH_videos/STH/baADET8QDUA_-UGmXiQ8yiY.mp4,resolved,yes,,True
sth,sth:Tfd2Fhr1HrQ_qwmcAKJ_Cew,Tfd2Fhr1HrQ_qwmcAKJ_Cew,/scratch/jp09/dd9648/datasets_video_hallu/vidhalluc/data/STH_videos/STH/Tfd2Fhr1HrQ_qwmcAKJ_Cew.mp4,resolved,yes,,True
sth,sth:mOl9Z3ophZA_y9na4SXQfFE,mOl9Z3ophZA_y9na4SXQfFE,/scratch/jp09/dd9648/datasets_video_hallu/vidhalluc/data/STH_videos/STH/mOl9Z3ophZA_y9na4SXQfFE.mp4,resolved,yes,,True
sth,sth:B3SkK0wuOhY_y4rNFGnJKHc,B3SkK0wuOhY_y4rNFGnJKHc,/scratch/jp09/dd9648/datasets_video_hallu/vidhalluc/data/STH_videos/STH/B3SkK0wuOhY_y4rNFGnJKHc.mp4,resolved,yes,,True
sth,sth:PcyETECSXGM_IZmHbeWdsk8,PcyETECSXGM_IZmHbeWdsk8,/scratch/jp09/dd9648/datasets_video_hallu/vidhalluc/data/STH_videos/STH/PcyETECSXGM_IZmHbeWdsk8.mp4,resolved,yes,,True
sth,sth:y4rNFGnJKHc_9_rQrzfoKGU,y4rNFGnJKHc_9_rQrzfoKGU,/scratch/jp09/dd9648/datasets_video_hallu/vidhalluc/data/STH_videos/STH/y4rNFGnJKHc_9_rQrzfoKGU.mp4,resolved,yes,,True
sth,sth:AC4ITIdiccw_zj2G-KVw4N4,AC4ITIdiccw_zj2G-KVw4N4,/scratch/jp09/dd9648/datasets_video_hallu/vidhalluc/data/STH_videos/STH/AC4ITIdiccw_zj2G-KVw4N4.mp4,resolved,yes,,True
sth,sth:gCHF0oBPZv8_aLnpHdhIqWE,gCHF0oBPZv8_aLnpHdhIqWE,/scratch/jp09/dd9648/datasets_video_hallu/vidhalluc/data/STH_videos/STH/gCHF0oBPZv8_aLnpHdhIqWE.mp4,resolved,yes,,True
sth,sth:kjRaoBHgWXQ_-RZ01HFrafg,kjRaoBHgWXQ_-RZ01HFrafg,/scratch/jp09/dd9648/datasets_video_hallu/vidhalluc/data/STH_videos/STH/kjRaoBHgWXQ_-RZ01HFrafg.mp4,resolved,yes,,True
sth,sth:M8E0XaX0tR0_clip_1_7,M8E0XaX0tR0_clip_1_7,/scratch/jp09/dd9648/datasets_video_hallu/vidhalluc/data/STH_videos/STH/M8E0XaX0tR0_clip_1_7.mp4,resolved,no,,True
sth,sth:2Cu_AdrrMks_fhAAzi6MSXw,2Cu_AdrrMks_fhAAzi6MSXw,/scratch/jp09/dd9648/datasets_video_hallu/vidhalluc/data/STH_videos/STH/2Cu_AdrrMks_fhAAzi6MSXw.mp4,resolved,yes,,True
sth,sth:OJpQgSZ49tk_AiGGDpbgp6I,OJpQgSZ49tk_AiGGDpbgp6I,/scratch/jp09/dd9648/datasets_video_hallu/vidhalluc/data/STH_videos/STH/OJpQgSZ49tk_AiGGDpbgp6I.mp4,resolved,yes,,True
sth,sth:BYoZz07Y_CY_clip_11_6,BYoZz07Y_CY_clip_11_6,/scratch/jp09/dd9648/datasets_video_hallu/vidhalluc/data/STH_videos/STH/BYoZz07Y_CY_clip_11_6.mp4,resolved,no,,True
sth,sth:2Q-Nq6kxpfg_clip_3_9,2Q-Nq6kxpfg_clip_3_9,/scratch/jp09/dd9648/datasets_video_hallu/vidhalluc/data/STH_videos/STH/2Q-Nq6kxpfg_clip_3_9.mp4,resolved,no,,True
sth,sth:ByNnZshszLM_yQDWqmzQ7RQ,ByNnZshszLM_yQDWqmzQ7RQ,/scratch/jp09/dd9648/datasets_video_hallu/vidhalluc/data/STH_videos/STH/ByNnZshszLM_yQDWqmzQ7RQ.mp4,resolved,yes,,True
sth,sth:7oa5-ALkGY4_5akzQ9B7na8,7oa5-ALkGY4_5akzQ9B7na8,/scratch/jp09/dd9648/datasets_video_hallu/vidhalluc/data/STH_videos/STH/7oa5-ALkGY4_5akzQ9B7na8.mp4,resolved,yes,,True
sth,sth:LTMCyU1OSi4_sq7BX3A3QXQ,LTMCyU1OSi4_sq7BX3A3QXQ,/scratch/jp09/dd9648/datasets_video_hallu/vidhalluc/data/STH_videos/STH/LTMCyU1OSi4_sq7BX3A3QXQ.mp4,resolved,yes,,True
sth,sth:D1pNWjRvzFs_clip_3_6,D1pNWjRvzFs_clip_3_6,/scratch/jp09/dd9648/datasets_video_hallu/vidhalluc/data/STH_videos/STH/D1pNWjRvzFs_clip_3_6.mp4,resolved,no,,True
sth,sth:Cu3D2_yZsls_9ZHO8OLj8Mg,Cu3D2_yZsls_9ZHO8OLj8Mg,/scratch/jp09/dd9648/datasets_video_hallu/vidhalluc/data/STH_videos/STH/Cu3D2_yZsls_9ZHO8OLj8Mg.mp4,resolved,yes,,True
sth,sth:3T9vSTxmwD0_WdIsOZQHeBY,3T9vSTxmwD0_WdIsOZQHeBY,/scratch/jp09/dd9648/datasets_video_hallu/vidhalluc/data/STH_videos/STH/3T9vSTxmwD0_WdIsOZQHeBY.mp4,resolved,yes,,True
sth,sth:3rb_cevHS3c_clip_2_5,3rb_cevHS3c_clip_2_5,/scratch/jp09/dd9648/datasets_video_hallu/vidhalluc/data/STH_videos/STH/3rb_cevHS3c_clip_2_5.mp4,resolved,no,,True
sth,sth:zia8N3EN69s_clip_10_2,zia8N3EN69s_clip_10_2,/scratch/jp09/dd9648/datasets_video_hallu/vidhalluc/data/STH_videos/STH/zia8N3EN69s_clip_10_2.mp4,resolved,no,,True
sth,sth:M5TwnzHdT2Q_clip_1_6,M5TwnzHdT2Q_clip_1_6,/scratch/jp09/dd9648/datasets_video_hallu/vidhalluc/data/STH_videos/STH/M5TwnzHdT2Q_clip_1_6.mp4,resolved,no,,True
sth,sth:AzhAMscTxyc_2N8j_VGCrbs,AzhAMscTxyc_2N8j_VGCrbs,/scratch/jp09/dd9648/datasets_video_hallu/vidhalluc/data/STH_videos/STH/AzhAMscTxyc_2N8j_VGCrbs.mp4,resolved,yes,,True
sth,sth:zJoy52YuVXs_clip_1_5,zJoy52YuVXs_clip_1_5,/scratch/jp09/dd9648/datasets_video_hallu/vidhalluc/data/STH_videos/STH/zJoy52YuVXs_clip_1_5.mp4,resolved,no,,True
sth,sth:GJzuTXdVQcE_clip_12_9,GJzuTXdVQcE_clip_12_9,/scratch/jp09/dd9648/datasets_video_hallu/vidhalluc/data/STH_videos/STH/GJzuTXdVQcE_clip_12_9.mp4,resolved,no,,True
sth,sth:cxijjHcz70Q_clip_11_3,cxijjHcz70Q_clip_11_3,/scratch/jp09/dd9648/datasets_video_hallu/vidhalluc/data/STH_videos/STH/cxijjHcz70Q_clip_11_3.mp4,resolved,no,,True
sth,sth:u7xQLvrmRUg_clip_4_5,u7xQLvrmRUg_clip_4_5,/scratch/jp09/dd9648/datasets_video_hallu/vidhalluc/data/TSH_videos/VidHalluc/data/TSH/u7xQLvrmRUg_clip_4_5.mp4|/scratch/jp09/dd9648/datasets_video_hallu/vidhalluc/data/STH_videos/STH/u7xQLvrmRUg_clip_4_5.mp4,ambiguous,no,video_ambiguous,True
sth,sth:enxoWn8D8Ts_PQpX_4LEFKA,enxoWn8D8Ts_PQpX_4LEFKA,/scratch/jp09/dd9648/datasets_video_hallu/vidhalluc/data/STH_videos/STH/enxoWn8D8Ts_PQpX_4LEFKA.mp4,resolved,yes,,True
sth,sth:aotPPzd8T_c_clip_11_5,aotPPzd8T_c_clip_11_5,/scratch/jp09/dd9648/datasets_video_hallu/vidhalluc/data/STH_videos/STH/aotPPzd8T_c_clip_11_5.mp4,resolved,no,,True
sth,sth:eWR6fgNWfqw_clip_4_6,eWR6fgNWfqw_clip_4_6,/scratch/jp09/dd9648/datasets_video_hallu/vidhalluc/data/STH_videos/STH/eWR6fgNWfqw_clip_4_6.mp4,resolved,no,,True
sth,sth:H_9oM1Y60lU_clip_3_5,H_9oM1Y60lU_clip_3_5,/scratch/jp09/dd9648/datasets_video_hallu/vidhalluc/data/STH_videos/STH/H_9oM1Y60lU_clip_3_5.mp4,resolved,no,,True
sth,sth:7UyMHUvallQ_P7u38mPg_t0,7UyMHUvallQ_P7u38mPg_t0,/scratch/jp09/dd9648/datasets_video_hallu/vidhalluc/data/STH_videos/STH/7UyMHUvallQ_P7u38mPg_t0.mp4,resolved,yes,,True
sth,sth:22qauL6BO8E_clip_3_4,22qauL6BO8E_clip_3_4,/scratch/jp09/dd9648/datasets_video_hallu/vidhalluc/data/TSH_videos/VidHalluc/data/TSH/22qauL6BO8E_clip_3_4.mp4|/scratch/jp09/dd9648/datasets_video_hallu/vidhalluc/data/STH_videos/STH/22qauL6BO8E_clip_3_4.mp4,ambiguous,no,video_ambiguous,True
sth,sth:aOVPHKqKjyQ_Aww5-8rdUaU,aOVPHKqKjyQ_Aww5-8rdUaU,/scratch/jp09/dd9648/datasets_video_hallu/vidhalluc/data/STH_videos/STH/aOVPHKqKjyQ_Aww5-8rdUaU.mp4,resolved,yes,,True
sth,sth:TOle-ziRKN4_clip_4_6,TOle-ziRKN4_clip_4_6,/scratch/jp09/dd9648/datasets_video_hallu/vidhalluc/data/STH_videos/STH/TOle-ziRKN4_clip_4_6.mp4,resolved,no,,True
sth,sth:qDXFW2kemrE_PQpX_4LEFKA,qDXFW2kemrE_PQpX_4LEFKA,/scratch/jp09/dd9648/datasets_video_hallu/vidhalluc/data/STH_videos/STH/qDXFW2kemrE_PQpX_4LEFKA.mp4,resolved,yes,,True
sth,sth:yQDWqmzQ7RQ_ByNnZshszLM,yQDWqmzQ7RQ_ByNnZshszLM,/scratch/jp09/dd9648/datasets_video_hallu/vidhalluc/data/STH_videos/STH/yQDWqmzQ7RQ_ByNnZshszLM.mp4,resolved,yes,,True
sth,sth:VJh-hIt_Oc0_clip_1_5,VJh-hIt_Oc0_clip_1_5,/scratch/jp09/dd9648/datasets_video_hallu/vidhalluc/data/STH_videos/STH/VJh-hIt_Oc0_clip_1_5.mp4,resolved,no,,True
sth,sth:9_rQrzfoKGU_p4M4MV2IT88,9_rQrzfoKGU_p4M4MV2IT88,/scratch/jp09/dd9648/datasets_video_hallu/vidhalluc/data/STH_videos/STH/9_rQrzfoKGU_p4M4MV2IT88.mp4,resolved,yes,,True
sth,sth:NOZsDTFLm7M_0he6VV5Y9Bg,NOZsDTFLm7M_0he6VV5Y9Bg,/scratch/jp09/dd9648/datasets_video_hallu/vidhalluc/data/STH_videos/STH/NOZsDTFLm7M_0he6VV5Y9Bg.mp4,resolved,yes,,True
sth,sth:N00bYlxRgnE_QFnwnAHcttY,N00bYlxRgnE_QFnwnAHcttY,/scratch/jp09/dd9648/datasets_video_hallu/vidhalluc/data/STH_videos/STH/N00bYlxRgnE_QFnwnAHcttY.mp4,resolved,yes,,True
sth,sth:s1eMgmzCMDM_-r1H8hBeYmw,s1eMgmzCMDM_-r1H8hBeYmw,/scratch/jp09/dd9648/datasets_video_hallu/vidhalluc/data/STH_videos/STH/s1eMgmzCMDM_-r1H8hBeYmw.mp4,resolved,yes,,True
sth,sth:X1PrlTv4_jw_okJ-HfG41YQ,X1PrlTv4_jw_okJ-HfG41YQ,/scratch/jp09/dd9648/datasets_video_hallu/vidhalluc/data/STH_videos/STH/X1PrlTv4_jw_okJ-HfG41YQ.mp4,resolved,yes,,True
sth,sth:m20wLqgdmLY_clip_2_5,m20wLqgdmLY_clip_2_5,/scratch/jp09/dd9648/datasets_video_hallu/vidhalluc/data/STH_videos/STH/m20wLqgdmLY_clip_2_5.mp4,resolved,no,,True
sth,sth:o4gTZoW0SXI_clip_1_3,o4gTZoW0SXI_clip_1_3,/scratch/jp09/dd9648/datasets_video_hallu/vidhalluc/data/STH_videos/STH/o4gTZoW0SXI_clip_1_3.mp4,resolved,no,,True
sth,sth:9_rQrzfoKGU_y4rNFGnJKHc,9_rQrzfoKGU_y4rNFGnJKHc,/scratch/jp09/dd9648/datasets_video_hallu/vidhalluc/data/STH_videos/STH/9_rQrzfoKGU_y4rNFGnJKHc.mp4,resolved,yes,,True
sth,sth:gvnuZxPdwPc_R7xk7Dyruq4,gvnuZxPdwPc_R7xk7Dyruq4,/scratch/jp09/dd9648/datasets_video_hallu/vidhalluc/data/STH_videos/STH/gvnuZxPdwPc_R7xk7Dyruq4.mp4,resolved,yes,,True
sth,sth:dB4SW9-y13U_clip_5_6,dB4SW9-y13U_clip_5_6,/scratch/jp09/dd9648/datasets_video_hallu/vidhalluc/data/TSH_videos/VidHalluc/data/TSH/dB4SW9-y13U_clip_5_6.mp4|/scratch/jp09/dd9648/datasets_video_hallu/vidhalluc/data/STH_videos/STH/dB4SW9-y13U_clip_5_6.mp4,ambiguous,no,video_ambiguous,True
sth,sth:vNMdRjAdXPU_j4cF8QaWJGo,vNMdRjAdXPU_j4cF8QaWJGo,/scratch/jp09/dd9648/datasets_video_hallu/vidhalluc/data/STH_videos/STH/vNMdRjAdXPU_j4cF8QaWJGo.mp4,resolved,yes,,True
sth,sth:Q3QQ8PbHwXo_P7u38mPg_t0,Q3QQ8PbHwXo_P7u38mPg_t0,/scratch/jp09/dd9648/datasets_video_hallu/vidhalluc/data/STH_videos/STH/Q3QQ8PbHwXo_P7u38mPg_t0.mp4,resolved,yes,,True
sth,sth:a0g9OPuNcwI_clip_5_9,a0g9OPuNcwI_clip_5_9,/scratch/jp09/dd9648/datasets_video_hallu/vidhalluc/data/STH_videos/STH/a0g9OPuNcwI_clip_5_9.mp4,resolved,no,,True
sth,sth:Qt1aCUq51ns_8OKAwDv20R8,Qt1aCUq51ns_8OKAwDv20R8,/scratch/jp09/dd9648/datasets_video_hallu/vidhalluc/data/STH_videos/STH/Qt1aCUq51ns_8OKAwDv20R8.mp4,resolved,yes,,True
sth,sth:9DyTx0hvmqE__hi0fw2p5Gs,9DyTx0hvmqE__hi0fw2p5Gs,/scratch/jp09/dd9648/datasets_video_hallu/vidhalluc/data/STH_videos/STH/9DyTx0hvmqE__hi0fw2p5Gs.mp4,resolved,yes,,True
sth,sth:IXaxTWwVXzo_Crv2VsMzfaE,IXaxTWwVXzo_Crv2VsMzfaE,/scratch/jp09/dd9648/datasets_video_hallu/vidhalluc/data/STH_videos/STH/IXaxTWwVXzo_Crv2VsMzfaE.mp4,resolved,yes,,True
sth,sth:3iUxnUL_2tg_09aRpEfUxT0,3iUxnUL_2tg_09aRpEfUxT0,/scratch/jp09/dd9648/datasets_video_hallu/vidhalluc/data/STH_videos/STH/3iUxnUL_2tg_09aRpEfUxT0.mp4,resolved,yes,,True
sth,sth:I8ckIq2-j0k_clip_11_3,I8ckIq2-j0k_clip_11_3,/scratch/jp09/dd9648/datasets_video_hallu/vidhalluc/data/STH_videos/STH/I8ckIq2-j0k_clip_11_3.mp4,resolved,no,,True
sth,sth:k_PX3Pa5GdY_clip_10_12,k_PX3Pa5GdY_clip_10_12,/scratch/jp09/dd9648/datasets_video_hallu/vidhalluc/data/STH_videos/STH/k_PX3Pa5GdY_clip_10_12.mp4,resolved,no,,True
sth,sth:A68bBM_5wUY_clip_4_9,A68bBM_5wUY_clip_4_9,/scratch/jp09/dd9648/datasets_video_hallu/vidhalluc/data/STH_videos/STH/A68bBM_5wUY_clip_4_9.mp4,resolved,no,,True
sth,sth:LRjJqoeprqg_clip_1_7,LRjJqoeprqg_clip_1_7,/scratch/jp09/dd9648/datasets_video_hallu/vidhalluc/data/STH_videos/STH/LRjJqoeprqg_clip_1_7.mp4,resolved,no,,True
sth,sth:gvnuZxPdwPc_Fx4Ao1oF2kI,gvnuZxPdwPc_Fx4Ao1oF2kI,/scratch/jp09/dd9648/datasets_video_hallu/vidhalluc/data/STH_videos/STH/gvnuZxPdwPc_Fx4Ao1oF2kI.mp4,resolved,yes,,True
sth,sth:E-J9vzpZFn4_sBPkw3u6yNg,E-J9vzpZFn4_sBPkw3u6yNg,/scratch/jp09/dd9648/datasets_video_hallu/vidhalluc/data/STH_videos/STH/E-J9vzpZFn4_sBPkw3u6yNg.mp4,resolved,yes,,True
sth,sth:PQpX_4LEFKA_qDXFW2kemrE,PQpX_4LEFKA_qDXFW2kemrE,/scratch/jp09/dd9648/datasets_video_hallu/vidhalluc/data/STH_videos/STH/PQpX_4LEFKA_qDXFW2kemrE.mp4,resolved,yes,,True
sth,sth:jpQBWsR3HHs_clip_1_9,jpQBWsR3HHs_clip_1_9,/scratch/jp09/dd9648/datasets_video_hallu/vidhalluc/data/STH_videos/STH/jpQBWsR3HHs_clip_1_9.mp4,resolved,no,,True
sth,sth:KF6W7hSjLYI_clip_1_2,KF6W7hSjLYI_clip_1_2,/scratch/jp09/dd9648/datasets_video_hallu/vidhalluc/data/STH_videos/STH/KF6W7hSjLYI_clip_1_2.mp4,resolved,no,,True
sth,sth:p4M4MV2IT88_9_rQrzfoKGU,p4M4MV2IT88_9_rQrzfoKGU,/scratch/jp09/dd9648/datasets_video_hallu/vidhalluc/data/STH_videos/STH/p4M4MV2IT88_9_rQrzfoKGU.mp4,resolved,yes,,True
sth,sth:a4CrC2VFi_w_clip_1_7,a4CrC2VFi_w_clip_1_7,/scratch/jp09/dd9648/datasets_video_hallu/vidhalluc/data/STH_videos/STH/a4CrC2VFi_w_clip_1_7.mp4,resolved,no,,True
sth,sth:hT8dAeHe7Ow_c9tRbWSk7c4,hT8dAeHe7Ow_c9tRbWSk7c4,/scratch/jp09/dd9648/datasets_video_hallu/vidhalluc/data/STH_videos/STH/hT8dAeHe7Ow_c9tRbWSk7c4.mp4,resolved,yes,,True
sth,sth:-1EXhfqLLwQ_baADET8QDUA,-1EXhfqLLwQ_baADET8QDUA,/scratch/jp09/dd9648/datasets_video_hallu/vidhalluc/data/STH_videos/STH/-1EXhfqLLwQ_baADET8QDUA.mp4,resolved,yes,,True
sth,sth:Sg0RKVJm-94_clip_1_7,Sg0RKVJm-94_clip_1_7,/scratch/jp09/dd9648/datasets_video_hallu/vidhalluc/data/STH_videos/STH/Sg0RKVJm-94_clip_1_7.mp4,resolved,no,,True
sth,sth:B7-kMmC8Tj8_clip_5_7,B7-kMmC8Tj8_clip_5_7,/scratch/jp09/dd9648/datasets_video_hallu/vidhalluc/data/STH_videos/STH/B7-kMmC8Tj8_clip_5_7.mp4,resolved,no,,True
sth,sth:n9hp1D7WulI_6psjy93yoTA,n9hp1D7WulI_6psjy93yoTA,/scratch/jp09/dd9648/datasets_video_hallu/vidhalluc/data/STH_videos/STH/n9hp1D7WulI_6psjy93yoTA.mp4,resolved,yes,,True
sth,sth:IZmHbeWdsk8_xaYfs3lr1jI,IZmHbeWdsk8_xaYfs3lr1jI,/scratch/jp09/dd9648/datasets_video_hallu/vidhalluc/data/STH_videos/STH/IZmHbeWdsk8_xaYfs3lr1jI.mp4,resolved,yes,,True
sth,sth:8W82WdRBx4E_QFnwnAHcttY,8W82WdRBx4E_QFnwnAHcttY,/scratch/jp09/dd9648/datasets_video_hallu/vidhalluc/data/STH_videos/STH/8W82WdRBx4E_QFnwnAHcttY.mp4,resolved,yes,,True
sth,sth:HxehEvClhQI_clip_4_5,HxehEvClhQI_clip_4_5,/scratch/jp09/dd9648/datasets_video_hallu/vidhalluc/data/STH_videos/STH/HxehEvClhQI_clip_4_5.mp4,resolved,no,,True
sth,sth:ky3NWEfOV4Y_xQVmVBO8YJc,ky3NWEfOV4Y_xQVmVBO8YJc,/scratch/jp09/dd9648/datasets_video_hallu/vidhalluc/data/STH_videos/STH/ky3NWEfOV4Y_xQVmVBO8YJc.mp4,resolved,yes,,True
sth,sth:jGlA7jMqfl0_FzdZ5lPvQEw,jGlA7jMqfl0_FzdZ5lPvQEw,/scratch/jp09/dd9648/datasets_video_hallu/vidhalluc/data/STH_videos/STH/jGlA7jMqfl0_FzdZ5lPvQEw.mp4,resolved,yes,,True
sth,sth:gB6Fd4D697s_clip_2_5,gB6Fd4D697s_clip_2_5,/scratch/jp09/dd9648/datasets_video_hallu/vidhalluc/data/STH_videos/STH/gB6Fd4D697s_clip_2_5.mp4,resolved,no,,True
sth,sth:cp8t27oT_ww_2aFTuTVFkEw,cp8t27oT_ww_2aFTuTVFkEw,/scratch/jp09/dd9648/datasets_video_hallu/vidhalluc/data/STH_videos/STH/cp8t27oT_ww_2aFTuTVFkEw.mp4,resolved,yes,,True
sth,sth:Crv2VsMzfaE_IXaxTWwVXzo,Crv2VsMzfaE_IXaxTWwVXzo,/scratch/jp09/dd9648/datasets_video_hallu/vidhalluc/data/STH_videos/STH/Crv2VsMzfaE_IXaxTWwVXzo.mp4,resolved,yes,,True
sth,sth:xfiIOUS6FpQ_clip_3_6,xfiIOUS6FpQ_clip_3_6,/scratch/jp09/dd9648/datasets_video_hallu/vidhalluc/data/STH_videos/STH/xfiIOUS6FpQ_clip_3_6.mp4,resolved,no,,True
sth,sth:-kkTpMU4QS8_YY8r5R_scho,-kkTpMU4QS8_YY8r5R_scho,/scratch/jp09/dd9648/datasets_video_hallu/vidhalluc/data/STH_videos/STH/-kkTpMU4QS8_YY8r5R_scho.mp4,resolved,yes,,True
sth,sth:v8WXRJNOt5w_56oHsMiQ8QY,v8WXRJNOt5w_56oHsMiQ8QY,/scratch/jp09/dd9648/datasets_video_hallu/vidhalluc/data/STH_videos/STH/v8WXRJNOt5w_56oHsMiQ8QY.mp4,resolved,yes,,True
sth,sth:EOc8Xiezg8U_clip_2_8,EOc8Xiezg8U_clip_2_8,/scratch/jp09/dd9648/datasets_video_hallu/vidhalluc/data/STH_videos/STH/EOc8Xiezg8U_clip_2_8.mp4,resolved,no,,True
sth,sth:oZAgHL9zpGM_IZmHbeWdsk8,oZAgHL9zpGM_IZmHbeWdsk8,/scratch/jp09/dd9648/datasets_video_hallu/vidhalluc/data/STH_videos/STH/oZAgHL9zpGM_IZmHbeWdsk8.mp4,resolved,yes,,True
sth,sth:zW4yoTwjtJs_clip_6_8,zW4yoTwjtJs_clip_6_8,/scratch/jp09/dd9648/datasets_video_hallu/vidhalluc/data/STH_videos/STH/zW4yoTwjtJs_clip_6_8.mp4,resolved,no,,True
sth,sth:q8tvmz6bD1I_nyjXFx0GSX8,q8tvmz6bD1I_nyjXFx0GSX8,/scratch/jp09/dd9648/datasets_video_hallu/vidhalluc/data/STH_videos/STH/q8tvmz6bD1I_nyjXFx0GSX8.mp4,resolved,yes,,True
sth,sth:9Ijpv6e57a4_CkBZ2aNBA0E,9Ijpv6e57a4_CkBZ2aNBA0E,/scratch/jp09/dd9648/datasets_video_hallu/vidhalluc/data/STH_videos/STH/9Ijpv6e57a4_CkBZ2aNBA0E.mp4,resolved,yes,,True
sth,sth:NwiypvZAymk_clip_11_6,NwiypvZAymk_clip_11_6,/scratch/jp09/dd9648/datasets_video_hallu/vidhalluc/data/STH_videos/STH/NwiypvZAymk_clip_11_6.mp4,resolved,no,,True
sth,sth:Z_RF6ppPVKM_Q91SlWV-gqk,Z_RF6ppPVKM_Q91SlWV-gqk,/scratch/jp09/dd9648/datasets_video_hallu/vidhalluc/data/STH_videos/STH/Z_RF6ppPVKM_Q91SlWV-gqk.mp4,resolved,yes,,True
sth,sth:_AZ5jo3y7V4_clip_2_5,_AZ5jo3y7V4_clip_2_5,/scratch/jp09/dd9648/datasets_video_hallu/vidhalluc/data/STH_videos/STH/_AZ5jo3y7V4_clip_2_5.mp4,resolved,no,,True
sth,sth:5xogySLxeWQ_clip_2_9,5xogySLxeWQ_clip_2_9,/scratch/jp09/dd9648/datasets_video_hallu/vidhalluc/data/STH_videos/STH/5xogySLxeWQ_clip_2_9.mp4,resolved,no,,True
sth,sth:sBPkw3u6yNg_E-J9vzpZFn4,sBPkw3u6yNg_E-J9vzpZFn4,/scratch/jp09/dd9648/datasets_video_hallu/vidhalluc/data/STH_videos/STH/sBPkw3u6yNg_E-J9vzpZFn4.mp4,resolved,yes,,True
sth,sth:MZj3qmpbXo8_clip_5_8,MZj3qmpbXo8_clip_5_8,/scratch/jp09/dd9648/datasets_video_hallu/vidhalluc/data/STH_videos/STH/MZj3qmpbXo8_clip_5_8.mp4,resolved,no,,True
sth,sth:UF9tmT1Cqg8_d6BOwxt0jg0,UF9tmT1Cqg8_d6BOwxt0jg0,/scratch/jp09/dd9648/datasets_video_hallu/vidhalluc/data/STH_videos/STH/UF9tmT1Cqg8_d6BOwxt0jg0.mp4,resolved,yes,,True
sth,sth:hRHKxyErgZw_pNrjoDwCnik,hRHKxyErgZw_pNrjoDwCnik,/scratch/jp09/dd9648/datasets_video_hallu/vidhalluc/data/STH_videos/STH/hRHKxyErgZw_pNrjoDwCnik.mp4,resolved,yes,,True
sth,sth:fSY-uG_uayI_clip_1_6,fSY-uG_uayI_clip_1_6,/scratch/jp09/dd9648/datasets_video_hallu/vidhalluc/data/STH_videos/STH/fSY-uG_uayI_clip_1_6.mp4,resolved,no,,True
sth,sth:0xYOUNfzIn8_clip_14_5,0xYOUNfzIn8_clip_14_5,/scratch/jp09/dd9648/datasets_video_hallu/vidhalluc/data/STH_videos/STH/0xYOUNfzIn8_clip_14_5.mp4,resolved,no,,True
sth,sth:VXgDXrF6wKM_-kkTpMU4QS8,VXgDXrF6wKM_-kkTpMU4QS8,/scratch/jp09/dd9648/datasets_video_hallu/vidhalluc/data/STH_videos/STH/VXgDXrF6wKM_-kkTpMU4QS8.mp4,resolved,yes,,True
sth,sth:UUlfKJ9M_pQ_clip_1_7,UUlfKJ9M_pQ_clip_1_7,/scratch/jp09/dd9648/datasets_video_hallu/vidhalluc/data/STH_videos/STH/UUlfKJ9M_pQ_clip_1_7.mp4,resolved,no,,True
sth,sth:do1y1bkL14M_hRHKxyErgZw,do1y1bkL14M_hRHKxyErgZw,/scratch/jp09/dd9648/datasets_video_hallu/vidhalluc/data/STH_videos/STH/do1y1bkL14M_hRHKxyErgZw.mp4,resolved,yes,,True
sth,sth:lQZKiYQjMro_zQFbu9kMk94,lQZKiYQjMro_zQFbu9kMk94,/scratch/jp09/dd9648/datasets_video_hallu/vidhalluc/data/STH_videos/STH/lQZKiYQjMro_zQFbu9kMk94.mp4,resolved,yes,,True
sth,sth:R7xk7Dyruq4_gvnuZxPdwPc,R7xk7Dyruq4_gvnuZxPdwPc,/scratch/jp09/dd9648/datasets_video_hallu/vidhalluc/data/STH_videos/STH/R7xk7Dyruq4_gvnuZxPdwPc.mp4,resolved,yes,,True
sth,sth:Lp7-GR1vLwA_bqehV09nnKQ,Lp7-GR1vLwA_bqehV09nnKQ,/scratch/jp09/dd9648/datasets_video_hallu/vidhalluc/data/STH_videos/STH/Lp7-GR1vLwA_bqehV09nnKQ.mp4,resolved,yes,,True
sth,sth:qwmcAKJ_Cew_Tfd2Fhr1HrQ,qwmcAKJ_Cew_Tfd2Fhr1HrQ,/scratch/jp09/dd9648/datasets_video_hallu/vidhalluc/data/STH_videos/STH/qwmcAKJ_Cew_Tfd2Fhr1HrQ.mp4,resolved,yes,,True
sth,sth:xNn2UdI-kvA_MIexFfOsuJs,xNn2UdI-kvA_MIexFfOsuJs,/scratch/jp09/dd9648/datasets_video_hallu/vidhalluc/data/STH_videos/STH/xNn2UdI-kvA_MIexFfOsuJs.mp4,resolved,yes,,True
sth,sth:kAD8FSnkm50_clip_4_9,kAD8FSnkm50_clip_4_9,/scratch/jp09/dd9648/datasets_video_hallu/vidhalluc/data/STH_videos/STH/kAD8FSnkm50_clip_4_9.mp4,resolved,no,,True
sth,sth:FzdZ5lPvQEw_jGlA7jMqfl0,FzdZ5lPvQEw_jGlA7jMqfl0,/scratch/jp09/dd9648/datasets_video_hallu/vidhalluc/data/STH_videos/STH/FzdZ5lPvQEw_jGlA7jMqfl0.mp4,resolved,yes,,True
sth,sth:IZmHbeWdsk8_dlZ8WXf3e_g,IZmHbeWdsk8_dlZ8WXf3e_g,/scratch/jp09/dd9648/datasets_video_hallu/vidhalluc/data/STH_videos/STH/IZmHbeWdsk8_dlZ8WXf3e_g.mp4,resolved,yes,,True
sth,sth:n9hp1D7WulI_szbrqFCLr1c,n9hp1D7WulI_szbrqFCLr1c,/scratch/jp09/dd9648/datasets_video_hallu/vidhalluc/data/STH_videos/STH/n9hp1D7WulI_szbrqFCLr1c.mp4,resolved,yes,,True
sth,sth:5GQW_-DdCUg_qDXFW2kemrE,5GQW_-DdCUg_qDXFW2kemrE,/scratch/jp09/dd9648/datasets_video_hallu/vidhalluc/data/STH_videos/STH/5GQW_-DdCUg_qDXFW2kemrE.mp4,resolved,yes,,True
sth,sth:xK8bGXuXO_Y_clip_1_2,xK8bGXuXO_Y_clip_1_2,/scratch/jp09/dd9648/datasets_video_hallu/vidhalluc/data/TSH_videos/VidHalluc/data/TSH/xK8bGXuXO_Y_clip_1_2.mp4|/scratch/jp09/dd9648/datasets_video_hallu/vidhalluc/data/STH_videos/STH/xK8bGXuXO_Y_clip_1_2.mp4,ambiguous,no,video_ambiguous,True
sth,sth:1r7N-G4kYG8_clip_14_7,1r7N-G4kYG8_clip_14_7,/scratch/jp09/dd9648/datasets_video_hallu/vidhalluc/data/STH_videos/STH/1r7N-G4kYG8_clip_14_7.mp4,resolved,no,,True
sth,sth:5MFIVBfcVFE_mYuaLETWuHo,5MFIVBfcVFE_mYuaLETWuHo,/scratch/jp09/dd9648/datasets_video_hallu/vidhalluc/data/STH_videos/STH/5MFIVBfcVFE_mYuaLETWuHo.mp4,resolved,yes,,True
sth,sth:MgxOW8WLXh0_clip_2_6,MgxOW8WLXh0_clip_2_6,/scratch/jp09/dd9648/datasets_video_hallu/vidhalluc/data/STH_videos/STH/MgxOW8WLXh0_clip_2_6.mp4,resolved,no,,True
sth,sth:_hi0fw2p5Gs_9DyTx0hvmqE,_hi0fw2p5Gs_9DyTx0hvmqE,/scratch/jp09/dd9648/datasets_video_hallu/vidhalluc/data/STH_videos/STH/_hi0fw2p5Gs_9DyTx0hvmqE.mp4,resolved,yes,,True
sth,sth:xPn1SPvHim8_YY8r5R_scho,xPn1SPvHim8_YY8r5R_scho,/scratch/jp09/dd9648/datasets_video_hallu/vidhalluc/data/STH_videos/STH/xPn1SPvHim8_YY8r5R_scho.mp4,resolved,yes,,True
sth,sth:QVIrvIjknv4_clip_5_9,QVIrvIjknv4_clip_5_9,/scratch/jp09/dd9648/datasets_video_hallu/vidhalluc/data/STH_videos/STH/QVIrvIjknv4_clip_5_9.mp4,resolved,no,,True
sth,sth:jGC0VhFCk5Y_clip_2_4,jGC0VhFCk5Y_clip_2_4,/scratch/jp09/dd9648/datasets_video_hallu/vidhalluc/data/STH_videos/STH/jGC0VhFCk5Y_clip_2_4.mp4,resolved,no,,True
sth,sth:dIMdZ0USZsI_okJ-HfG41YQ,dIMdZ0USZsI_okJ-HfG41YQ,/scratch/jp09/dd9648/datasets_video_hallu/vidhalluc/data/STH_videos/STH/dIMdZ0USZsI_okJ-HfG41YQ.mp4,resolved,yes,,True
sth,sth:9zqwA2munL0_clip_10_3,9zqwA2munL0_clip_10_3,/scratch/jp09/dd9648/datasets_video_hallu/vidhalluc/data/STH_videos/STH/9zqwA2munL0_clip_10_3.mp4,resolved,no,,True
sth,sth:APKue3kxJmg_clip_1_3,APKue3kxJmg_clip_1_3,/scratch/jp09/dd9648/datasets_video_hallu/vidhalluc/data/STH_videos/STH/APKue3kxJmg_clip_1_3.mp4,resolved,no,,True
sth,sth:yQzUEWyn6SM_clip_1_3,yQzUEWyn6SM_clip_1_3,/scratch/jp09/dd9648/datasets_video_hallu/vidhalluc/data/STH_videos/STH/yQzUEWyn6SM_clip_1_3.mp4,resolved,no,,True
sth,sth:J5d1-encXPk_mOl9Z3ophZA,J5d1-encXPk_mOl9Z3ophZA,/scratch/jp09/dd9648/datasets_video_hallu/vidhalluc/data/STH_videos/STH/J5d1-encXPk_mOl9Z3ophZA.mp4,resolved,yes,,True
sth,sth:oKjZW0WTbNI_clip_2_3,oKjZW0WTbNI_clip_2_3,/scratch/jp09/dd9648/datasets_video_hallu/vidhalluc/data/TSH_videos/VidHalluc/data/TSH/oKjZW0WTbNI_clip_2_3.mp4|/scratch/jp09/dd9648/datasets_video_hallu/vidhalluc/data/STH_videos/STH/oKjZW0WTbNI_clip_2_3.mp4,ambiguous,no,video_ambiguous,True
sth,sth:0yT6ihPVX54_YY8r5R_scho,0yT6ihPVX54_YY8r5R_scho,/scratch/jp09/dd9648/datasets_video_hallu/vidhalluc/data/STH_videos/STH/0yT6ihPVX54_YY8r5R_scho.mp4,resolved,yes,,True
sth,sth:sBPkw3u6yNg_SMbC5fOIsok,sBPkw3u6yNg_SMbC5fOIsok,/scratch/jp09/dd9648/datasets_video_hallu/vidhalluc/data/STH_videos/STH/sBPkw3u6yNg_SMbC5fOIsok.mp4,resolved,yes,,True
sth,sth:w575zJlpH5c_SwaMPxI4Nck,w575zJlpH5c_SwaMPxI4Nck,/scratch/jp09/dd9648/datasets_video_hallu/vidhalluc/data/STH_videos/STH/w575zJlpH5c_SwaMPxI4Nck.mp4,resolved,yes,,True
sth,sth:TeB5y-QmIHY_clip_1_6,TeB5y-QmIHY_clip_1_6,/scratch/jp09/dd9648/datasets_video_hallu/vidhalluc/data/STH_videos/STH/TeB5y-QmIHY_clip_1_6.mp4,resolved,no,,True
sth,sth:a8oSlp9PCMg_clip_1_4,a8oSlp9PCMg_clip_1_4,/scratch/jp09/dd9648/datasets_video_hallu/vidhalluc/data/STH_videos/STH/a8oSlp9PCMg_clip_1_4.mp4,resolved,no,,True
sth,sth:33OD9eIiTPI_clip_3_7,33OD9eIiTPI_clip_3_7,/scratch/jp09/dd9648/datasets_video_hallu/vidhalluc/data/STH_videos/STH/33OD9eIiTPI_clip_3_7.mp4,resolved,no,,True
sth,sth:YY8r5R_scho_xPn1SPvHim8,YY8r5R_scho_xPn1SPvHim8,/scratch/jp09/dd9648/datasets_video_hallu/vidhalluc/data/STH_videos/STH/YY8r5R_scho_xPn1SPvHim8.mp4,resolved,yes,,True
sth,sth:KAQ6pA9r4wk_clip_2_6,KAQ6pA9r4wk_clip_2_6,/scratch/jp09/dd9648/datasets_video_hallu/vidhalluc/data/STH_videos/STH/KAQ6pA9r4wk_clip_2_6.mp4,resolved,no,,True
sth,sth:QWhn9Ncvvso_clip_1_2,QWhn9Ncvvso_clip_1_2,/scratch/jp09/dd9648/datasets_video_hallu/vidhalluc/data/TSH_videos/VidHalluc/data/TSH/QWhn9Ncvvso_clip_1_2.mp4|/scratch/jp09/dd9648/datasets_video_hallu/vidhalluc/data/STH_videos/STH/QWhn9Ncvvso_clip_1_2.mp4,ambiguous,no,video_ambiguous,True
sth,sth:9UYLuL1Z1YQ_p1-07VdP__Q,9UYLuL1Z1YQ_p1-07VdP__Q,/scratch/jp09/dd9648/datasets_video_hallu/vidhalluc/data/STH_videos/STH/9UYLuL1Z1YQ_p1-07VdP__Q.mp4,resolved,yes,,True
sth,sth:P2kW_zbZEyc_9YSvwsbk9Dw,P2kW_zbZEyc_9YSvwsbk9Dw,/scratch/jp09/dd9648/datasets_video_hallu/vidhalluc/data/STH_videos/STH/P2kW_zbZEyc_9YSvwsbk9Dw.mp4,resolved,yes,,True
sth,sth:um4-iLnrrXw_JNmvpzXCISY,um4-iLnrrXw_JNmvpzXCISY,/scratch/jp09/dd9648/datasets_video_hallu/vidhalluc/data/STH_videos/STH/um4-iLnrrXw_JNmvpzXCISY.mp4,resolved,yes,,True
sth,sth:IZmHbeWdsk8_ztwD5V4fv54,IZmHbeWdsk8_ztwD5V4fv54,/scratch/jp09/dd9648/datasets_video_hallu/vidhalluc/data/STH_videos/STH/IZmHbeWdsk8_ztwD5V4fv54.mp4,resolved,yes,,True
sth,sth:OT-kq11Q8fU_clip_10_7,OT-kq11Q8fU_clip_10_7,/scratch/jp09/dd9648/datasets_video_hallu/vidhalluc/data/STH_videos/STH/OT-kq11Q8fU_clip_10_7.mp4,resolved,no,,True
sth,sth:5E_8bEnP43Y_FlR5CqxP9Bw,5E_8bEnP43Y_FlR5CqxP9Bw,/scratch/jp09/dd9648/datasets_video_hallu/vidhalluc/data/STH_videos/STH/5E_8bEnP43Y_FlR5CqxP9Bw.mp4,resolved,yes,,True
sth,sth:E0OTIGSB090_EakI8v4Ztt4,E0OTIGSB090_EakI8v4Ztt4,/scratch/jp09/dd9648/datasets_video_hallu/vidhalluc/data/STH_videos/STH/E0OTIGSB090_EakI8v4Ztt4.mp4,resolved,yes,,True
sth,sth:Hq1VpGlNuTk_dOKfGfiqJns,Hq1VpGlNuTk_dOKfGfiqJns,/scratch/jp09/dd9648/datasets_video_hallu/vidhalluc/data/STH_videos/STH/Hq1VpGlNuTk_dOKfGfiqJns.mp4,resolved,yes,,True
sth,sth:dxSSb3tv5ZM_clip_10_8,dxSSb3tv5ZM_clip_10_8,/scratch/jp09/dd9648/datasets_video_hallu/vidhalluc/data/STH_videos/STH/dxSSb3tv5ZM_clip_10_8.mp4,resolved,no,,True
sth,sth:s1eMgmzCMDM_qM87YLq8G8U,s1eMgmzCMDM_qM87YLq8G8U,/scratch/jp09/dd9648/datasets_video_hallu/vidhalluc/data/STH_videos/STH/s1eMgmzCMDM_qM87YLq8G8U.mp4,resolved,yes,,True
sth,sth:pBpR17oDT8M_5GQW_-DdCUg,pBpR17oDT8M_5GQW_-DdCUg,/scratch/jp09/dd9648/datasets_video_hallu/vidhalluc/data/STH_videos/STH/pBpR17oDT8M_5GQW_-DdCUg.mp4,resolved,yes,,True
sth,sth:5E_8bEnP43Y_VqhadF_q2Tw,5E_8bEnP43Y_VqhadF_q2Tw,/scratch/jp09/dd9648/datasets_video_hallu/vidhalluc/data/STH_videos/STH/5E_8bEnP43Y_VqhadF_q2Tw.mp4,resolved,yes,,True
sth,sth:56oHsMiQ8QY_v8WXRJNOt5w,56oHsMiQ8QY_v8WXRJNOt5w,/scratch/jp09/dd9648/datasets_video_hallu/vidhalluc/data/STH_videos/STH/56oHsMiQ8QY_v8WXRJNOt5w.mp4,resolved,yes,,True
sth,sth:ucky1nWb7LY_clip_11_5,ucky1nWb7LY_clip_11_5,/scratch/jp09/dd9648/datasets_video_hallu/vidhalluc/data/STH_videos/STH/ucky1nWb7LY_clip_11_5.mp4,resolved,no,,True
sth,sth:3UvluD_TEPg_clip_3_5,3UvluD_TEPg_clip_3_5,/scratch/jp09/dd9648/datasets_video_hallu/vidhalluc/data/STH_videos/STH/3UvluD_TEPg_clip_3_5.mp4,resolved,no,,True
sth,sth:WdIsOZQHeBY_3T9vSTxmwD0,WdIsOZQHeBY_3T9vSTxmwD0,/scratch/jp09/dd9648/datasets_video_hallu/vidhalluc/data/STH_videos/STH/WdIsOZQHeBY_3T9vSTxmwD0.mp4,resolved,yes,,True
sth,sth:QFnwnAHcttY_N00bYlxRgnE,QFnwnAHcttY_N00bYlxRgnE,/scratch/jp09/dd9648/datasets_video_hallu/vidhalluc/data/STH_videos/STH/QFnwnAHcttY_N00bYlxRgnE.mp4,resolved,yes,,True
sth,sth:7slwSfbxVQ8_clip_1_8,7slwSfbxVQ8_clip_1_8,/scratch/jp09/dd9648/datasets_video_hallu/vidhalluc/data/STH_videos/STH/7slwSfbxVQ8_clip_1_8.mp4,resolved,no,,True
sth,sth:SZ7TtauNFRU_clip_13_7,SZ7TtauNFRU_clip_13_7,/scratch/jp09/dd9648/datasets_video_hallu/vidhalluc/data/STH_videos/STH/SZ7TtauNFRU_clip_13_7.mp4,resolved,no,,True
sth,sth:afkfqCzgSzc_fqr6r501TLI,afkfqCzgSzc_fqr6r501TLI,/scratch/jp09/dd9648/datasets_video_hallu/vidhalluc/data/STH_videos/STH/afkfqCzgSzc_fqr6r501TLI.mp4,resolved,yes,,True
sth,sth:dB31Es7Z-iU_u2AaeUx5cMw,dB31Es7Z-iU_u2AaeUx5cMw,/scratch/jp09/dd9648/datasets_video_hallu/vidhalluc/data/STH_videos/STH/dB31Es7Z-iU_u2AaeUx5cMw.mp4,resolved,yes,,True
sth,sth:IdEZ7LvLZPE_clip_1_3,IdEZ7LvLZPE_clip_1_3,/scratch/jp09/dd9648/datasets_video_hallu/vidhalluc/data/STH_videos/STH/IdEZ7LvLZPE_clip_1_3.mp4,resolved,no,,True
sth,sth:SlgRjEPUgnM_clip_2_4,SlgRjEPUgnM_clip_2_4,/scratch/jp09/dd9648/datasets_video_hallu/vidhalluc/data/STH_videos/STH/SlgRjEPUgnM_clip_2_4.mp4,resolved,no,,True
sth,sth:BvQz8thsH1A_q838lUfyL-E,BvQz8thsH1A_q838lUfyL-E,/scratch/jp09/dd9648/datasets_video_hallu/vidhalluc/data/STH_videos/STH/BvQz8thsH1A_q838lUfyL-E.mp4,resolved,yes,,True
sth,sth:zFKhct4g8as_clip_1_2,zFKhct4g8as_clip_1_2,/scratch/jp09/dd9648/datasets_video_hallu/vidhalluc/data/TSH_videos/VidHalluc/data/TSH/zFKhct4g8as_clip_1_2.mp4|/scratch/jp09/dd9648/datasets_video_hallu/vidhalluc/data/STH_videos/STH/zFKhct4g8as_clip_1_2.mp4,ambiguous,no,video_ambiguous,True
sth,sth:NAypGTZJhyE_aOVPHKqKjyQ,NAypGTZJhyE_aOVPHKqKjyQ,/scratch/jp09/dd9648/datasets_video_hallu/vidhalluc/data/STH_videos/STH/NAypGTZJhyE_aOVPHKqKjyQ.mp4,resolved,yes,,True
sth,sth:-jZ_U3neOcI_clip_1_10,-jZ_U3neOcI_clip_1_10,/scratch/jp09/dd9648/datasets_video_hallu/vidhalluc/data/STH_videos/STH/-jZ_U3neOcI_clip_1_10.mp4,resolved,no,,True
sth,sth:MBDYDoIbt5M_clip_2_9,MBDYDoIbt5M_clip_2_9,/scratch/jp09/dd9648/datasets_video_hallu/vidhalluc/data/STH_videos/STH/MBDYDoIbt5M_clip_2_9.mp4,resolved,no,,True
sth,sth:phcb_32Cmbo_fVxcaUv0jPE,phcb_32Cmbo_fVxcaUv0jPE,/scratch/jp09/dd9648/datasets_video_hallu/vidhalluc/data/STH_videos/STH/phcb_32Cmbo_fVxcaUv0jPE.mp4,resolved,yes,,True
sth,sth:foTy--iKmQ0_clip_1_7,foTy--iKmQ0_clip_1_7,/scratch/jp09/dd9648/datasets_video_hallu/vidhalluc/data/STH_videos/STH/foTy--iKmQ0_clip_1_7.mp4,resolved,no,,True
sth,sth:oZAgHL9zpGM_cTHEyhCnf6M,oZAgHL9zpGM_cTHEyhCnf6M,/scratch/jp09/dd9648/datasets_video_hallu/vidhalluc/data/STH_videos/STH/oZAgHL9zpGM_cTHEyhCnf6M.mp4,resolved,yes,,True
sth,sth:PrcZfyxcmwo_5GQW_-DdCUg,PrcZfyxcmwo_5GQW_-DdCUg,/scratch/jp09/dd9648/datasets_video_hallu/vidhalluc/data/STH_videos/STH/PrcZfyxcmwo_5GQW_-DdCUg.mp4,resolved,yes,,True
sth,sth:lgg6luYfQ1w_clip_1_8,lgg6luYfQ1w_clip_1_8,/scratch/jp09/dd9648/datasets_video_hallu/vidhalluc/data/STH_videos/STH/lgg6luYfQ1w_clip_1_8.mp4,resolved,no,,True
sth,sth:0O4bxhpFX9o_clip_1_4,0O4bxhpFX9o_clip_1_4,/scratch/jp09/dd9648/datasets_video_hallu/vidhalluc/data/STH_videos/STH/0O4bxhpFX9o_clip_1_4.mp4,resolved,no,,True
sth,sth:EakI8v4Ztt4_E0OTIGSB090,EakI8v4Ztt4_E0OTIGSB090,/scratch/jp09/dd9648/datasets_video_hallu/vidhalluc/data/STH_videos/STH/EakI8v4Ztt4_E0OTIGSB090.mp4,resolved,yes,,True
sth,sth:TYFkiyNIDWU_6D6wLmnNpY8,TYFkiyNIDWU_6D6wLmnNpY8,/scratch/jp09/dd9648/datasets_video_hallu/vidhalluc/data/STH_videos/STH/TYFkiyNIDWU_6D6wLmnNpY8.mp4,resolved,yes,,True
sth,sth:_5T4SAo7S-E_clip_2_8,_5T4SAo7S-E_clip_2_8,/scratch/jp09/dd9648/datasets_video_hallu/vidhalluc/data/STH_videos/STH/_5T4SAo7S-E_clip_2_8.mp4,resolved,no,,True
sth,sth:WkU6zXSeKH8_-qGd1JwYLbQ,WkU6zXSeKH8_-qGd1JwYLbQ,/scratch/jp09/dd9648/datasets_video_hallu/vidhalluc/data/STH_videos/STH/WkU6zXSeKH8_-qGd1JwYLbQ.mp4,resolved,yes,,True
sth,sth:nyjXFx0GSX8_q8tvmz6bD1I,nyjXFx0GSX8_q8tvmz6bD1I,/scratch/jp09/dd9648/datasets_video_hallu/vidhalluc/data/STH_videos/STH/nyjXFx0GSX8_q8tvmz6bD1I.mp4,resolved,yes,,True
sth,sth:COKrOqleb1k_clip_2_8,COKrOqleb1k_clip_2_8,/scratch/jp09/dd9648/datasets_video_hallu/vidhalluc/data/STH_videos/STH/COKrOqleb1k_clip_2_8.mp4,resolved,no,,True
sth,sth:uroWqWuW97s_yBc60WlhyGo,uroWqWuW97s_yBc60WlhyGo,/scratch/jp09/dd9648/datasets_video_hallu/vidhalluc/data/STH_videos/STH/uroWqWuW97s_yBc60WlhyGo.mp4,resolved,yes,,True
sth,sth:kIYqf7kHzFU_GpvxsJ4afaQ,kIYqf7kHzFU_GpvxsJ4afaQ,/scratch/jp09/dd9648/datasets_video_hallu/vidhalluc/data/STH_videos/STH/kIYqf7kHzFU_GpvxsJ4afaQ.mp4,resolved,yes,,True
sth,sth:y9na4SXQfFE_mOl9Z3ophZA,y9na4SXQfFE_mOl9Z3ophZA,/scratch/jp09/dd9648/datasets_video_hallu/vidhalluc/data/STH_videos/STH/y9na4SXQfFE_mOl9Z3ophZA.mp4,resolved,yes,,True
sth,sth:1eI2-vhs0YY_elenxCpnd3M,1eI2-vhs0YY_elenxCpnd3M,/scratch/jp09/dd9648/datasets_video_hallu/vidhalluc/data/STH_videos/STH/1eI2-vhs0YY_elenxCpnd3M.mp4,resolved,yes,,True
sth,sth:2N8j_VGCrbs_AzhAMscTxyc,2N8j_VGCrbs_AzhAMscTxyc,/scratch/jp09/dd9648/datasets_video_hallu/vidhalluc/data/STH_videos/STH/2N8j_VGCrbs_AzhAMscTxyc.mp4,resolved,yes,,True
sth,sth:c9tRbWSk7c4_hT8dAeHe7Ow,c9tRbWSk7c4_hT8dAeHe7Ow,/scratch/jp09/dd9648/datasets_video_hallu/vidhalluc/data/STH_videos/STH/c9tRbWSk7c4_hT8dAeHe7Ow.mp4,resolved,yes,,True
sth,sth:09aRpEfUxT0_3iUxnUL_2tg,09aRpEfUxT0_3iUxnUL_2tg,/scratch/jp09/dd9648/datasets_video_hallu/vidhalluc/data/STH_videos/STH/09aRpEfUxT0_3iUxnUL_2tg.mp4,resolved,yes,,True
sth,sth:bpsKpmyexUs_clip_1_2,bpsKpmyexUs_clip_1_2,/scratch/jp09/dd9648/datasets_video_hallu/vidhalluc/data/TSH_videos/VidHalluc/data/TSH/bpsKpmyexUs_clip_1_2.mp4|/scratch/jp09/dd9648/datasets_video_hallu/vidhalluc/data/STH_videos/STH/bpsKpmyexUs_clip_1_2.mp4,ambiguous,no,video_ambiguous,True
sth,sth:fqr6r501TLI_afkfqCzgSzc,fqr6r501TLI_afkfqCzgSzc,/scratch/jp09/dd9648/datasets_video_hallu/vidhalluc/data/STH_videos/STH/fqr6r501TLI_afkfqCzgSzc.mp4,resolved,yes,,True
sth,sth:2STASUlGAjs_0Hz4R_m0hmI,2STASUlGAjs_0Hz4R_m0hmI,/scratch/jp09/dd9648/datasets_video_hallu/vidhalluc/data/STH_videos/STH/2STASUlGAjs_0Hz4R_m0hmI.mp4,resolved,yes,,True
sth,sth:e7sUV8nqs3k_clip_1_9,e7sUV8nqs3k_clip_1_9,/scratch/jp09/dd9648/datasets_video_hallu/vidhalluc/data/STH_videos/STH/e7sUV8nqs3k_clip_1_9.mp4,resolved,no,,True
sth,sth:YY8r5R_scho_erFcYsC6JaY,YY8r5R_scho_erFcYsC6JaY,/scratch/jp09/dd9648/datasets_video_hallu/vidhalluc/data/STH_videos/STH/YY8r5R_scho_erFcYsC6JaY.mp4,resolved,yes,,True
sth,sth:yBc60WlhyGo_uroWqWuW97s,yBc60WlhyGo_uroWqWuW97s,/scratch/jp09/dd9648/datasets_video_hallu/vidhalluc/data/STH_videos/STH/yBc60WlhyGo_uroWqWuW97s.mp4,resolved,yes,,True
sth,sth:OKyOqfAeARQ_clip_2_9,OKyOqfAeARQ_clip_2_9,/scratch/jp09/dd9648/datasets_video_hallu/vidhalluc/data/STH_videos/STH/OKyOqfAeARQ_clip_2_9.mp4,resolved,no,,True
sth,sth:TYFkiyNIDWU_4GGUH7ykdCg,TYFkiyNIDWU_4GGUH7ykdCg,/scratch/jp09/dd9648/datasets_video_hallu/vidhalluc/data/STH_videos/STH/TYFkiyNIDWU_4GGUH7ykdCg.mp4,resolved,yes,,True
sth,sth:ynrj3K7SF4E_HbeeisFR014,ynrj3K7SF4E_HbeeisFR014,/scratch/jp09/dd9648/datasets_video_hallu/vidhalluc/data/STH_videos/STH/ynrj3K7SF4E_HbeeisFR014.mp4,resolved,yes,,True
sth,sth:83sNHrKGcqY_clip_1_7,83sNHrKGcqY_clip_1_7,/scratch/jp09/dd9648/datasets_video_hallu/vidhalluc/data/STH_videos/STH/83sNHrKGcqY_clip_1_7.mp4,resolved,no,,True
sth,sth:y0c17Wxj_TI_clip_2_4,y0c17Wxj_TI_clip_2_4,/scratch/jp09/dd9648/datasets_video_hallu/vidhalluc/data/STH_videos/STH/y0c17Wxj_TI_clip_2_4.mp4,resolved,no,,True
sth,sth:p8ZGmL-8w6E_clip_1_5,p8ZGmL-8w6E_clip_1_5,/scratch/jp09/dd9648/datasets_video_hallu/vidhalluc/data/STH_videos/STH/p8ZGmL-8w6E_clip_1_5.mp4,resolved,no,,True
sth,sth:cp8t27oT_ww_oL3BcY3CbYg,cp8t27oT_ww_oL3BcY3CbYg,/scratch/jp09/dd9648/datasets_video_hallu/vidhalluc/data/STH_videos/STH/cp8t27oT_ww_oL3BcY3CbYg.mp4,resolved,yes,,True
sth,sth:s7XlNkUd-Kk_qwmcAKJ_Cew,s7XlNkUd-Kk_qwmcAKJ_Cew,/scratch/jp09/dd9648/datasets_video_hallu/vidhalluc/data/STH_videos/STH/s7XlNkUd-Kk_qwmcAKJ_Cew.mp4,resolved,yes,,True
sth,sth:yz99rVTwRTg_dIMdZ0USZsI,yz99rVTwRTg_dIMdZ0USZsI,/scratch/jp09/dd9648/datasets_video_hallu/vidhalluc/data/STH_videos/STH/yz99rVTwRTg_dIMdZ0USZsI.mp4,resolved,yes,,True
sth,sth:AiGGDpbgp6I_OJpQgSZ49tk,AiGGDpbgp6I_OJpQgSZ49tk,/scratch/jp09/dd9648/datasets_video_hallu/vidhalluc/data/STH_videos/STH/AiGGDpbgp6I_OJpQgSZ49tk.mp4,resolved,yes,,True
sth,sth:QtpJZHeoLGs_clip_1_8,QtpJZHeoLGs_clip_1_8,/scratch/jp09/dd9648/datasets_video_hallu/vidhalluc/data/STH_videos/STH/QtpJZHeoLGs_clip_1_8.mp4,resolved,no,,True
sth,sth:SMbC5fOIsok_sBPkw3u6yNg,SMbC5fOIsok_sBPkw3u6yNg,/scratch/jp09/dd9648/datasets_video_hallu/vidhalluc/data/STH_videos/STH/SMbC5fOIsok_sBPkw3u6yNg.mp4,resolved,yes,,True
sth,sth:pzbO6YfqYII_kj-ztpj4FO8,pzbO6YfqYII_kj-ztpj4FO8,/scratch/jp09/dd9648/datasets_video_hallu/vidhalluc/data/STH_videos/STH/pzbO6YfqYII_kj-ztpj4FO8.mp4,resolved,yes,,True
sth,sth:Iq1Sn9vERcU_clip_3_5,Iq1Sn9vERcU_clip_3_5,/scratch/jp09/dd9648/datasets_video_hallu/vidhalluc/data/STH_videos/STH/Iq1Sn9vERcU_clip_3_5.mp4,resolved,no,,True
sth,sth:i_wZnw6f5Fw_clip_3_5,i_wZnw6f5Fw_clip_3_5,/scratch/jp09/dd9648/datasets_video_hallu/vidhalluc/data/STH_videos/STH/i_wZnw6f5Fw_clip_3_5.mp4,resolved,no,,True
sth,sth:ipcvgAb5y0U_clip_3_8,ipcvgAb5y0U_clip_3_8,/scratch/jp09/dd9648/datasets_video_hallu/vidhalluc/data/STH_videos/STH/ipcvgAb5y0U_clip_3_8.mp4,resolved,no,,True
sth,sth:56oHsMiQ8QY_4ynKNPBxypA,56oHsMiQ8QY_4ynKNPBxypA,/scratch/jp09/dd9648/datasets_video_hallu/vidhalluc/data/STH_videos/STH/56oHsMiQ8QY_4ynKNPBxypA.mp4,resolved,yes,,True
sth,sth:oaOdliOVL6g_clip_2_4,oaOdliOVL6g_clip_2_4,/scratch/jp09/dd9648/datasets_video_hallu/vidhalluc/data/STH_videos/STH/oaOdliOVL6g_clip_2_4.mp4,resolved,no,,True
sth,sth:65235CscqdQ_clip_2_4,65235CscqdQ_clip_2_4,/scratch/jp09/dd9648/datasets_video_hallu/vidhalluc/data/STH_videos/STH/65235CscqdQ_clip_2_4.mp4,resolved,no,,True
sth,sth:qDXFW2kemrE_-kkTpMU4QS8,qDXFW2kemrE_-kkTpMU4QS8,/scratch/jp09/dd9648/datasets_video_hallu/vidhalluc/data/STH_videos/STH/qDXFW2kemrE_-kkTpMU4QS8.mp4,resolved,yes,,True
sth,sth:mOl9Z3ophZA_J5d1-encXPk,mOl9Z3ophZA_J5d1-encXPk,/scratch/jp09/dd9648/datasets_video_hallu/vidhalluc/data/STH_videos/STH/mOl9Z3ophZA_J5d1-encXPk.mp4,resolved,yes,,True
sth,sth:9ZHO8OLj8Mg_Cu3D2_yZsls,9ZHO8OLj8Mg_Cu3D2_yZsls,/scratch/jp09/dd9648/datasets_video_hallu/vidhalluc/data/STH_videos/STH/9ZHO8OLj8Mg_Cu3D2_yZsls.mp4,resolved,yes,,True
sth,sth:rT3Esab9zmU_clip_1_8,rT3Esab9zmU_clip_1_8,/scratch/jp09/dd9648/datasets_video_hallu/vidhalluc/data/STH_videos/STH/rT3Esab9zmU_clip_1_8.mp4,resolved,no,,True
sth,sth:dB31Es7Z-iU_-UYmhq3Rjtc,dB31Es7Z-iU_-UYmhq3Rjtc,/scratch/jp09/dd9648/datasets_video_hallu/vidhalluc/data/STH_videos/STH/dB31Es7Z-iU_-UYmhq3Rjtc.mp4,resolved,yes,,True
sth,sth:FQRC8urWpew_clip_7_8,FQRC8urWpew_clip_7_8,/scratch/jp09/dd9648/datasets_video_hallu/vidhalluc/data/TSH_videos/VidHalluc/data/TSH/FQRC8urWpew_clip_7_8.mp4|/scratch/jp09/dd9648/datasets_video_hallu/vidhalluc/data/STH_videos/STH/FQRC8urWpew_clip_7_8.mp4,ambiguous,no,video_ambiguous,True
sth,sth:xaYfs3lr1jI_IZmHbeWdsk8,xaYfs3lr1jI_IZmHbeWdsk8,/scratch/jp09/dd9648/datasets_video_hallu/vidhalluc/data/STH_videos/STH/xaYfs3lr1jI_IZmHbeWdsk8.mp4,resolved,yes,,True
sth,sth:Cbp2CE9Zkeg_yQW_wdSNINc,Cbp2CE9Zkeg_yQW_wdSNINc,/scratch/jp09/dd9648/datasets_video_hallu/vidhalluc/data/STH_videos/STH/Cbp2CE9Zkeg_yQW_wdSNINc.mp4,resolved,yes,,True
sth,sth:RlKTsdaVUGQ_NOZsDTFLm7M,RlKTsdaVUGQ_NOZsDTFLm7M,/scratch/jp09/dd9648/datasets_video_hallu/vidhalluc/data/STH_videos/STH/RlKTsdaVUGQ_NOZsDTFLm7M.mp4,resolved,yes,,True
sth,sth:0Hz4R_m0hmI_2STASUlGAjs,0Hz4R_m0hmI_2STASUlGAjs,/scratch/jp09/dd9648/datasets_video_hallu/vidhalluc/data/STH_videos/STH/0Hz4R_m0hmI_2STASUlGAjs.mp4,resolved,yes,,True
sth,sth:R-_LEZ41Pt4_clip_2_6,R-_LEZ41Pt4_clip_2_6,/scratch/jp09/dd9648/datasets_video_hallu/vidhalluc/data/STH_videos/STH/R-_LEZ41Pt4_clip_2_6.mp4,resolved,no,,True
sth,sth:4u1Cxoke6Co_clip_1_7,4u1Cxoke6Co_clip_1_7,/scratch/jp09/dd9648/datasets_video_hallu/vidhalluc/data/STH_videos/STH/4u1Cxoke6Co_clip_1_7.mp4,resolved,no,,True
sth,sth:jJBgSsVyQns_fVxcaUv0jPE,jJBgSsVyQns_fVxcaUv0jPE,/scratch/jp09/dd9648/datasets_video_hallu/vidhalluc/data/STH_videos/STH/jJBgSsVyQns_fVxcaUv0jPE.mp4,resolved,yes,,True
sth,sth:Xgp4BTstS20_clip_1_2,Xgp4BTstS20_clip_1_2,/scratch/jp09/dd9648/datasets_video_hallu/vidhalluc/data/TSH_videos/VidHalluc/data/TSH/Xgp4BTstS20_clip_1_2.mp4|/scratch/jp09/dd9648/datasets_video_hallu/vidhalluc/data/STH_videos/STH/Xgp4BTstS20_clip_1_2.mp4,ambiguous,no,video_ambiguous,True
sth,sth:Ba2xxUXJ90w_clip_10_3,Ba2xxUXJ90w_clip_10_3,/scratch/jp09/dd9648/datasets_video_hallu/vidhalluc/data/STH_videos/STH/Ba2xxUXJ90w_clip_10_3.mp4,resolved,no,,True
sth,sth:y4rNFGnJKHc_B3SkK0wuOhY,y4rNFGnJKHc_B3SkK0wuOhY,/scratch/jp09/dd9648/datasets_video_hallu/vidhalluc/data/STH_videos/STH/y4rNFGnJKHc_B3SkK0wuOhY.mp4,resolved,yes,,True
sth,sth:9_rQrzfoKGU_11Pn3yJifSQ,9_rQrzfoKGU_11Pn3yJifSQ,/scratch/jp09/dd9648/datasets_video_hallu/vidhalluc/data/STH_videos/STH/9_rQrzfoKGU_11Pn3yJifSQ.mp4,resolved,yes,,True
sth,sth:sJVn7H0pQRw_clip_1_3,sJVn7H0pQRw_clip_1_3,/scratch/jp09/dd9648/datasets_video_hallu/vidhalluc/data/STH_videos/STH/sJVn7H0pQRw_clip_1_3.mp4,resolved,no,,True
sth,sth:cTHEyhCnf6M_oZAgHL9zpGM,cTHEyhCnf6M_oZAgHL9zpGM,/scratch/jp09/dd9648/datasets_video_hallu/vidhalluc/data/STH_videos/STH/cTHEyhCnf6M_oZAgHL9zpGM.mp4,resolved,yes,,True
sth,sth:j4cF8QaWJGo_vNMdRjAdXPU,j4cF8QaWJGo_vNMdRjAdXPU,/scratch/jp09/dd9648/datasets_video_hallu/vidhalluc/data/STH_videos/STH/j4cF8QaWJGo_vNMdRjAdXPU.mp4,resolved,yes,,True
sth,sth:pUmjiLjhxgc_clip_12_3,pUmjiLjhxgc_clip_12_3,/scratch/jp09/dd9648/datasets_video_hallu/vidhalluc/data/STH_videos/STH/pUmjiLjhxgc_clip_12_3.mp4,resolved,no,,True
sth,sth:9dheYccfQWo_xHTMsmh7keA,9dheYccfQWo_xHTMsmh7keA,/scratch/jp09/dd9648/datasets_video_hallu/vidhalluc/data/STH_videos/STH/9dheYccfQWo_xHTMsmh7keA.mp4,resolved,yes,,True
sth,sth:QDTCAxyXt80_OJpQgSZ49tk,QDTCAxyXt80_OJpQgSZ49tk,/scratch/jp09/dd9648/datasets_video_hallu/vidhalluc/data/STH_videos/STH/QDTCAxyXt80_OJpQgSZ49tk.mp4,resolved,yes,,True
sth,sth:LSOdpif-DCc_clip_2_9,LSOdpif-DCc_clip_2_9,/scratch/jp09/dd9648/datasets_video_hallu/vidhalluc/data/STH_videos/STH/LSOdpif-DCc_clip_2_9.mp4,resolved,no,,True
sth,sth:29aDIi7qxXY_clip_3_4,29aDIi7qxXY_clip_3_4,/scratch/jp09/dd9648/datasets_video_hallu/vidhalluc/data/TSH_videos/VidHalluc/data/TSH/29aDIi7qxXY_clip_3_4.mp4|/scratch/jp09/dd9648/datasets_video_hallu/vidhalluc/data/STH_videos/STH/29aDIi7qxXY_clip_3_4.mp4,ambiguous,no,video_ambiguous,True
sth,sth:u8mJfN9TBkY_clip_1_6,u8mJfN9TBkY_clip_1_6,/scratch/jp09/dd9648/datasets_video_hallu/vidhalluc/data/STH_videos/STH/u8mJfN9TBkY_clip_1_6.mp4,resolved,no,,True
sth,sth:GnbcTbVhG10_clip_2_8,GnbcTbVhG10_clip_2_8,/scratch/jp09/dd9648/datasets_video_hallu/vidhalluc/data/STH_videos/STH/GnbcTbVhG10_clip_2_8.mp4,resolved,no,,True
sth,sth:Q91SlWV-gqk_Z_RF6ppPVKM,Q91SlWV-gqk_Z_RF6ppPVKM,/scratch/jp09/dd9648/datasets_video_hallu/vidhalluc/data/STH_videos/STH/Q91SlWV-gqk_Z_RF6ppPVKM.mp4,resolved,yes,,True
sth,sth:QS0I7mLQIgc_clip_13_2,QS0I7mLQIgc_clip_13_2,/scratch/jp09/dd9648/datasets_video_hallu/vidhalluc/data/STH_videos/STH/QS0I7mLQIgc_clip_13_2.mp4,resolved,no,,True
sth,sth:T9YvpcxCC2I_clip_1_4,T9YvpcxCC2I_clip_1_4,/scratch/jp09/dd9648/datasets_video_hallu/vidhalluc/data/STH_videos/STH/T9YvpcxCC2I_clip_1_4.mp4,resolved,no,,True
sth,sth:FlR5CqxP9Bw_5E_8bEnP43Y,FlR5CqxP9Bw_5E_8bEnP43Y,/scratch/jp09/dd9648/datasets_video_hallu/vidhalluc/data/STH_videos/STH/FlR5CqxP9Bw_5E_8bEnP43Y.mp4,resolved,yes,,True
sth,sth:EZKU6KK7e-4_clip_2_6,EZKU6KK7e-4_clip_2_6,/scratch/jp09/dd9648/datasets_video_hallu/vidhalluc/data/STH_videos/STH/EZKU6KK7e-4_clip_2_6.mp4,resolved,no,,True
sth,sth:jYTg7dmsrpo_Fa1c4qfBqzE,jYTg7dmsrpo_Fa1c4qfBqzE,/scratch/jp09/dd9648/datasets_video_hallu/vidhalluc/data/STH_videos/STH/jYTg7dmsrpo_Fa1c4qfBqzE.mp4,resolved,yes,,True
sth,sth:s99K_WyajB8_clip_6_8,s99K_WyajB8_clip_6_8,/scratch/jp09/dd9648/datasets_video_hallu/vidhalluc/data/STH_videos/STH/s99K_WyajB8_clip_6_8.mp4,resolved,no,,True
sth,sth:szbrqFCLr1c_n9hp1D7WulI,szbrqFCLr1c_n9hp1D7WulI,/scratch/jp09/dd9648/datasets_video_hallu/vidhalluc/data/STH_videos/STH/szbrqFCLr1c_n9hp1D7WulI.mp4,resolved,yes,,True
sth,sth:D1Ck6nksu8s_US3ZL2zhXgI,D1Ck6nksu8s_US3ZL2zhXgI,/scratch/jp09/dd9648/datasets_video_hallu/vidhalluc/data/STH_videos/STH/D1Ck6nksu8s_US3ZL2zhXgI.mp4,resolved,yes,,True
sth,sth:9YSvwsbk9Dw_P2kW_zbZEyc,9YSvwsbk9Dw_P2kW_zbZEyc,/scratch/jp09/dd9648/datasets_video_hallu/vidhalluc/data/STH_videos/STH/9YSvwsbk9Dw_P2kW_zbZEyc.mp4,resolved,yes,,True
sth,sth:eFsDYomfkaQ_Ztlcnd14Kn4,eFsDYomfkaQ_Ztlcnd14Kn4,/scratch/jp09/dd9648/datasets_video_hallu/vidhalluc/data/STH_videos/STH/eFsDYomfkaQ_Ztlcnd14Kn4.mp4,resolved,yes,,True
sth,sth:5akzQ9B7na8_5WXA1R5jCvs,5akzQ9B7na8_5WXA1R5jCvs,/scratch/jp09/dd9648/datasets_video_hallu/vidhalluc/data/STH_videos/STH/5akzQ9B7na8_5WXA1R5jCvs.mp4,resolved,yes,,True
sth,sth:7ghf2NpsdcM_clip_2_5,7ghf2NpsdcM_clip_2_5,/scratch/jp09/dd9648/datasets_video_hallu/vidhalluc/data/STH_videos/STH/7ghf2NpsdcM_clip_2_5.mp4,resolved,no,,True
sth,sth:bqehV09nnKQ_Lp7-GR1vLwA,bqehV09nnKQ_Lp7-GR1vLwA,/scratch/jp09/dd9648/datasets_video_hallu/vidhalluc/data/STH_videos/STH/bqehV09nnKQ_Lp7-GR1vLwA.mp4,resolved,yes,,True
sth,sth:OL_bDVVxmwA_clip_3_8,OL_bDVVxmwA_clip_3_8,/scratch/jp09/dd9648/datasets_video_hallu/vidhalluc/data/STH_videos/STH/OL_bDVVxmwA_clip_3_8.mp4,resolved,no,,True
sth,sth:dOKfGfiqJns_Hq1VpGlNuTk,dOKfGfiqJns_Hq1VpGlNuTk,/scratch/jp09/dd9648/datasets_video_hallu/vidhalluc/data/STH_videos/STH/dOKfGfiqJns_Hq1VpGlNuTk.mp4,resolved,yes,,True
sth,sth:kj-ztpj4FO8_pzbO6YfqYII,kj-ztpj4FO8_pzbO6YfqYII,/scratch/jp09/dd9648/datasets_video_hallu/vidhalluc/data/STH_videos/STH/kj-ztpj4FO8_pzbO6YfqYII.mp4,resolved,yes,,True
sth,sth:Fp_d1SlbG_0_clip_2_4,Fp_d1SlbG_0_clip_2_4,/scratch/jp09/dd9648/datasets_video_hallu/vidhalluc/data/STH_videos/STH/Fp_d1SlbG_0_clip_2_4.mp4,resolved,no,,True
sth,sth:xHTMsmh7keA_9dheYccfQWo,xHTMsmh7keA_9dheYccfQWo,/scratch/jp09/dd9648/datasets_video_hallu/vidhalluc/data/STH_videos/STH/xHTMsmh7keA_9dheYccfQWo.mp4,resolved,yes,,True
sth,sth:6KCWzRfFyr4_clip_10_6,6KCWzRfFyr4_clip_10_6,/scratch/jp09/dd9648/datasets_video_hallu/vidhalluc/data/STH_videos/STH/6KCWzRfFyr4_clip_10_6.mp4,resolved,no,,True
sth,sth:cVUMbDi51ZQ_clip_1_7,cVUMbDi51ZQ_clip_1_7,/scratch/jp09/dd9648/datasets_video_hallu/vidhalluc/data/STH_videos/STH/cVUMbDi51ZQ_clip_1_7.mp4,resolved,no,,True
sth,sth:JzU12Qf5FPg_clip_3_5,JzU12Qf5FPg_clip_3_5,/scratch/jp09/dd9648/datasets_video_hallu/vidhalluc/data/STH_videos/STH/JzU12Qf5FPg_clip_3_5.mp4,resolved,no,,True
sth,sth:4ynKNPBxypA_56oHsMiQ8QY,4ynKNPBxypA_56oHsMiQ8QY,/scratch/jp09/dd9648/datasets_video_hallu/vidhalluc/data/STH_videos/STH/4ynKNPBxypA_56oHsMiQ8QY.mp4,resolved,yes,,True
sth,sth:z6M5q5DhPQk_YY8r5R_scho,z6M5q5DhPQk_YY8r5R_scho,/scratch/jp09/dd9648/datasets_video_hallu/vidhalluc/data/STH_videos/STH/z6M5q5DhPQk_YY8r5R_scho.mp4,resolved,yes,,True
sth,sth:dIMdZ0USZsI_yz99rVTwRTg,dIMdZ0USZsI_yz99rVTwRTg,/scratch/jp09/dd9648/datasets_video_hallu/vidhalluc/data/STH_videos/STH/dIMdZ0USZsI_yz99rVTwRTg.mp4,resolved,yes,,True
sth,sth:zj2G-KVw4N4_AC4ITIdiccw,zj2G-KVw4N4_AC4ITIdiccw,/scratch/jp09/dd9648/datasets_video_hallu/vidhalluc/data/STH_videos/STH/zj2G-KVw4N4_AC4ITIdiccw.mp4,resolved,yes,,True
sth,sth:NOZsDTFLm7M_RlKTsdaVUGQ,NOZsDTFLm7M_RlKTsdaVUGQ,/scratch/jp09/dd9648/datasets_video_hallu/vidhalluc/data/STH_videos/STH/NOZsDTFLm7M_RlKTsdaVUGQ.mp4,resolved,yes,,True
sth,sth:5akzQ9B7na8_7oa5-ALkGY4,5akzQ9B7na8_7oa5-ALkGY4,/scratch/jp09/dd9648/datasets_video_hallu/vidhalluc/data/STH_videos/STH/5akzQ9B7na8_7oa5-ALkGY4.mp4,resolved,yes,,True
sth,sth:QFnwnAHcttY_8W82WdRBx4E,QFnwnAHcttY_8W82WdRBx4E,/scratch/jp09/dd9648/datasets_video_hallu/vidhalluc/data/STH_videos/STH/QFnwnAHcttY_8W82WdRBx4E.mp4,resolved,yes,,True
sth,sth:hXkepSgN_zo_clip_3_5,hXkepSgN_zo_clip_3_5,/scratch/jp09/dd9648/datasets_video_hallu/vidhalluc/data/STH_videos/STH/hXkepSgN_zo_clip_3_5.mp4,resolved,no,,True
sth,sth:IW096cyCuaY_clip_2_4,IW096cyCuaY_clip_2_4,/scratch/jp09/dd9648/datasets_video_hallu/vidhalluc/data/STH_videos/STH/IW096cyCuaY_clip_2_4.mp4,resolved,no,,True
sth,sth:Bts6MvK8f9k_clip_2_7,Bts6MvK8f9k_clip_2_7,/scratch/jp09/dd9648/datasets_video_hallu/vidhalluc/data/STH_videos/STH/Bts6MvK8f9k_clip_2_7.mp4,resolved,no,,True
sth,sth:WesunejhXFI_clip_4_5,WesunejhXFI_clip_4_5,/scratch/jp09/dd9648/datasets_video_hallu/vidhalluc/data/TSH_videos/VidHalluc/data/TSH/WesunejhXFI_clip_4_5.mp4|/scratch/jp09/dd9648/datasets_video_hallu/vidhalluc/data/STH_videos/STH/WesunejhXFI_clip_4_5.mp4,ambiguous,no,video_ambiguous,True
sth,sth:UVHIuuQ0-nA_clip_2_3,UVHIuuQ0-nA_clip_2_3,/scratch/jp09/dd9648/datasets_video_hallu/vidhalluc/data/TSH_videos/VidHalluc/data/TSH/UVHIuuQ0-nA_clip_2_3.mp4|/scratch/jp09/dd9648/datasets_video_hallu/vidhalluc/data/STH_videos/STH/UVHIuuQ0-nA_clip_2_3.mp4,ambiguous,no,video_ambiguous,True
sth,sth:OJpQgSZ49tk_QDTCAxyXt80,OJpQgSZ49tk_QDTCAxyXt80,/scratch/jp09/dd9648/datasets_video_hallu/vidhalluc/data/STH_videos/STH/OJpQgSZ49tk_QDTCAxyXt80.mp4,resolved,yes,,True
sth,sth:RUnYJCdTLiY_clip_3_5,RUnYJCdTLiY_clip_3_5,/scratch/jp09/dd9648/datasets_video_hallu/vidhalluc/data/STH_videos/STH/RUnYJCdTLiY_clip_3_5.mp4,resolved,no,,True
sth,sth:CvSyuGqTrqk_clip_5_9,CvSyuGqTrqk_clip_5_9,/scratch/jp09/dd9648/datasets_video_hallu/vidhalluc/data/STH_videos/STH/CvSyuGqTrqk_clip_5_9.mp4,resolved,no,,True
sth,sth:JVByRyvvPNk_80C4GZenjZY,JVByRyvvPNk_80C4GZenjZY,/scratch/jp09/dd9648/datasets_video_hallu/vidhalluc/data/STH_videos/STH/JVByRyvvPNk_80C4GZenjZY.mp4,resolved,yes,,True
sth,sth:pNrjoDwCnik_hRHKxyErgZw,pNrjoDwCnik_hRHKxyErgZw,/scratch/jp09/dd9648/datasets_video_hallu/vidhalluc/data/STH_videos/STH/pNrjoDwCnik_hRHKxyErgZw.mp4,resolved,yes,,True
sth,sth:aCZPq6uRZa4_clip_4_5,aCZPq6uRZa4_clip_4_5,/scratch/jp09/dd9648/datasets_video_hallu/vidhalluc/data/STH_videos/STH/aCZPq6uRZa4_clip_4_5.mp4,resolved,no,,True
sth,sth:Zoud8fEbWhE_clip_3_5,Zoud8fEbWhE_clip_3_5,/scratch/jp09/dd9648/datasets_video_hallu/vidhalluc/data/STH_videos/STH/Zoud8fEbWhE_clip_3_5.mp4,resolved,no,,True
sth,sth:5GQW_-DdCUg_PrcZfyxcmwo,5GQW_-DdCUg_PrcZfyxcmwo,/scratch/jp09/dd9648/datasets_video_hallu/vidhalluc/data/STH_videos/STH/5GQW_-DdCUg_PrcZfyxcmwo.mp4,resolved,yes,,True
sth,sth:qtyJmyLVclQ_clip_4_5,qtyJmyLVclQ_clip_4_5,/scratch/jp09/dd9648/datasets_video_hallu/vidhalluc/data/STH_videos/STH/qtyJmyLVclQ_clip_4_5.mp4,resolved,no,,True
sth,sth:iEDDZvKZLMk_clip_4_5,iEDDZvKZLMk_clip_4_5,/scratch/jp09/dd9648/datasets_video_hallu/vidhalluc/data/TSH_videos/VidHalluc/data/TSH/iEDDZvKZLMk_clip_4_5.mp4|/scratch/jp09/dd9648/datasets_video_hallu/vidhalluc/data/STH_videos/STH/iEDDZvKZLMk_clip_4_5.mp4,ambiguous,no,video_ambiguous,True
sth,sth:P7u38mPg_t0_Q3QQ8PbHwXo,P7u38mPg_t0_Q3QQ8PbHwXo,/scratch/jp09/dd9648/datasets_video_hallu/vidhalluc/data/STH_videos/STH/P7u38mPg_t0_Q3QQ8PbHwXo.mp4,resolved,yes,,True
sth,sth:9cDDAEsdb7A_clip_1_7,9cDDAEsdb7A_clip_1_7,/scratch/jp09/dd9648/datasets_video_hallu/vidhalluc/data/STH_videos/STH/9cDDAEsdb7A_clip_1_7.mp4,resolved,no,,True
sth,sth:DErbTrN8v1M_clip_4_9,DErbTrN8v1M_clip_4_9,/scratch/jp09/dd9648/datasets_video_hallu/vidhalluc/data/STH_videos/STH/DErbTrN8v1M_clip_4_9.mp4,resolved,no,,True
sth,sth:ABCUrbSmLuo_tqwlTctyIEI,ABCUrbSmLuo_tqwlTctyIEI,/scratch/jp09/dd9648/datasets_video_hallu/vidhalluc/data/STH_videos/STH/ABCUrbSmLuo_tqwlTctyIEI.mp4,resolved,yes,,True
sth,sth:-qGd1JwYLbQ_WkU6zXSeKH8,-qGd1JwYLbQ_WkU6zXSeKH8,/scratch/jp09/dd9648/datasets_video_hallu/vidhalluc/data/STH_videos/STH/-qGd1JwYLbQ_WkU6zXSeKH8.mp4,resolved,yes,,True
sth,sth:YY8r5R_scho_0yT6ihPVX54,YY8r5R_scho_0yT6ihPVX54,/scratch/jp09/dd9648/datasets_video_hallu/vidhalluc/data/STH_videos/STH/YY8r5R_scho_0yT6ihPVX54.mp4,resolved,yes,,True
